N,K,count,M,min_slower_pct,max_slower_pct
768,7168,3,10240;12288;14336,7.581622953691514,9.186272202721124
2048,7168,3,4096;10240;12288,1.250188153093501,7.441133943876577
6144,7168,14,1088;1152;1216;1280;1344;1408;1472;1536;1600;1664;1728;1792;1856;1920,2.854775024669598,11.72346787294012
7168,384,12,1024;1088;1152;1216;1280;1344;1408;1472;1536;1600;1664;1728,2.6701856155116666,18.574198978209154
7168,768,12,1024;1088;1152;1216;1280;1344;1408;1472;1536;1600;1664;1728,6.354453238019153,21.612189350398125
7168,1024,1,1024,13.858755291717806,13.858755291717806
7168,3072,12,1024;1088;1152;1216;1280;1344;1408;1472;1536;1600;1664;1728,5.825178632346839,16.634805308558278
7168,7168,12,1024;1088;1152;1216;1280;1344;1408;1472;1536;1600;1664;1728,3.893778052017205,12.195051354184372
7168,16384,12,1024;1088;1152;1216;1280;1344;1408;1472;1536;1600;1664;1728,0.5916164086091413,10.03790678527361
16384,1536,8,1088;1152;1216;1280;1344;1408;1472;1536,1.5859537147941527,16.641721746080627
