gfx,cu_num,M,N,K
gfx950,256,256,6144,7168
gfx950,256,256,7168,384
gfx950,256,256,7168,768
gfx950,256,256,7168,1024
gfx950,256,256,7168,3072
gfx950,256,256,7168,7168
gfx950,256,256,7168,16384
gfx950,256,256,16384,1536
gfx950,256,256,65536,1536
gfx950,256,288,768,7168
gfx950,256,288,2048,7168
gfx950,256,288,6144,7168
gfx950,256,288,7168,384
gfx950,256,288,7168,768
gfx950,256,288,7168,3072
gfx950,256,288,7168,7168
gfx950,256,288,7168,16384
gfx950,256,288,16384,1536
gfx950,256,288,65536,1536
gfx950,256,320,768,7168
gfx950,256,320,2048,7168
gfx950,256,320,6144,7168
gfx950,256,320,7168,384
gfx950,256,320,7168,768
gfx950,256,320,7168,3072
gfx950,256,320,7168,7168
gfx950,256,320,7168,16384
gfx950,256,320,16384,1536
gfx950,256,320,65536,1536
gfx950,256,352,768,7168
gfx950,256,352,2048,7168
gfx950,256,352,6144,7168
gfx950,256,352,7168,384
gfx950,256,352,7168,768
gfx950,256,352,7168,3072
gfx950,256,352,7168,7168
gfx950,256,352,7168,16384
gfx950,256,352,16384,1536
gfx950,256,352,65536,1536
gfx950,256,384,768,7168
gfx950,256,384,2048,7168
gfx950,256,384,6144,7168
gfx950,256,384,7168,384
gfx950,256,384,7168,768
gfx950,256,384,7168,3072
gfx950,256,384,7168,7168
gfx950,256,384,7168,16384
gfx950,256,384,16384,1536
gfx950,256,384,65536,1536
gfx950,256,416,768,7168
