M,N,K,kernelId
176,7168,384,9020
176,7168,384,9021
176,7168,384,9022
176,7168,384,9023
176,7168,384,9024
176,7168,384,9040
176,7168,384,9041
176,7168,384,9042
176,7168,384,9043
176,7168,384,9044
176,7168,384,9045
176,7168,384,9046
176,7168,384,9047
176,7168,384,9049
176,7168,384,9051
176,7168,384,9052
176,7168,384,9053
176,7168,384,9054
176,7168,384,9055
176,7168,384,9060
176,7168,384,9061
176,7168,384,9062
176,7168,384,9063
176,7168,16384,9020
176,7168,16384,9021
176,7168,16384,9022
176,7168,16384,9023
176,7168,16384,9024
176,7168,16384,9040
176,7168,16384,9041
176,7168,16384,9042
176,7168,16384,9043
176,7168,16384,9044
176,7168,16384,9045
176,7168,16384,9046
176,7168,16384,9047
176,7168,16384,9049
176,7168,16384,9051
176,7168,16384,9052
176,7168,16384,9053
176,7168,16384,9054
176,7168,16384,9055
176,7168,16384,9060
176,7168,16384,9061
176,7168,16384,9062
176,7168,16384,9063
208,7168,3072,9020
208,7168,3072,9021
208,7168,3072,9022
208,7168,3072,9023
208,7168,3072,9024
208,7168,3072,9040
208,7168,3072,9041
208,7168,3072,9042
208,7168,3072,9043
208,7168,3072,9044
208,7168,3072,9045
208,7168,3072,9046
208,7168,3072,9047
208,7168,3072,9049
208,7168,3072,9051
208,7168,3072,9052
208,7168,3072,9053
208,7168,3072,9054
208,7168,3072,9055
208,7168,3072,9060
208,7168,3072,9061
208,7168,3072,9062
208,7168,3072,9063
208,16384,1536,9020
208,16384,1536,9021
208,16384,1536,9022
208,16384,1536,9023
208,16384,1536,9024
208,16384,1536,9040
208,16384,1536,9041
208,16384,1536,9042
208,16384,1536,9043
208,16384,1536,9044
208,16384,1536,9045
208,16384,1536,9046
208,16384,1536,9047
208,16384,1536,9049
208,16384,1536,9051
208,16384,1536,9052
208,16384,1536,9053
208,16384,1536,9054
208,16384,1536,9055
208,16384,1536,9060
208,16384,1536,9061
208,16384,1536,9062
208,16384,1536,9063
224,768,7168,9020
224,768,7168,9021
224,768,7168,9022
224,768,7168,9023
224,768,7168,9024
224,768,7168,9040
224,768,7168,9041
224,768,7168,9042
224,768,7168,9043
224,768,7168,9044
224,768,7168,9045
224,768,7168,9046
224,768,7168,9047
224,768,7168,9049
224,768,7168,9051
224,768,7168,9052
224,768,7168,9053
224,768,7168,9054
224,768,7168,9055
224,768,7168,9060
224,768,7168,9061
224,768,7168,9062
224,768,7168,9063
240,7168,768,9020
240,7168,768,9021
240,7168,768,9022
240,7168,768,9023
240,7168,768,9024
240,7168,768,9040
240,7168,768,9041
240,7168,768,9042
240,7168,768,9043
240,7168,768,9044
240,7168,768,9045
240,7168,768,9046
240,7168,768,9047
240,7168,768,9049
240,7168,768,9051
240,7168,768,9052
240,7168,768,9053
240,7168,768,9054
240,7168,768,9055
240,7168,768,9060
240,7168,768,9061
240,7168,768,9062
240,7168,768,9063
256,7168,1024,9000
256,7168,1024,9001
256,7168,1024,9010
256,7168,1024,9011
256,7168,1024,9020
256,7168,1024,9021
256,7168,1024,9022
256,7168,1024,9023
256,7168,1024,9024
256,7168,1024,9040
256,7168,1024,9041
256,7168,1024,9042
256,7168,1024,9043
256,7168,1024,9044
256,7168,1024,9045
256,7168,1024,9046
256,7168,1024,9047
256,7168,1024,9049
256,7168,1024,9051
256,7168,1024,9052
256,7168,1024,9053
256,7168,1024,9054
256,7168,1024,9055
256,7168,1024,9060
256,7168,1024,9061
256,7168,1024,9062
256,7168,1024,9063
320,7168,384,9010
320,7168,384,9011
320,7168,384,9020
320,7168,384,9021
320,7168,384,9022
320,7168,384,9023
320,7168,384,9024
320,7168,384,9040
320,7168,384,9041
320,7168,384,9042
320,7168,384,9043
320,7168,384,9044
320,7168,384,9045
320,7168,384,9046
320,7168,384,9047
320,7168,384,9049
320,7168,384,9051
320,7168,384,9052
320,7168,384,9053
320,7168,384,9054
320,7168,384,9055
320,7168,384,9060
320,7168,384,9061
320,7168,384,9062
320,7168,384,9063
320,7168,3072,9010
320,7168,3072,9011
320,7168,3072,9020
320,7168,3072,9021
320,7168,3072,9022
320,7168,3072,9023
320,7168,3072,9024
320,7168,3072,9040
320,7168,3072,9041
320,7168,3072,9042
320,7168,3072,9043
320,7168,3072,9044
320,7168,3072,9045
320,7168,3072,9046
320,7168,3072,9047
320,7168,3072,9049
320,7168,3072,9051
320,7168,3072,9052
320,7168,3072,9053
320,7168,3072,9054
320,7168,3072,9055
320,7168,3072,9060
320,7168,3072,9061
320,7168,3072,9062
320,7168,3072,9063
320,7168,7168,9010
320,7168,7168,9011
320,7168,7168,9020
320,7168,7168,9021
320,7168,7168,9022
320,7168,7168,9023
320,7168,7168,9024
320,7168,7168,9040
320,7168,7168,9041
320,7168,7168,9042
320,7168,7168,9043
320,7168,7168,9044
320,7168,7168,9045
320,7168,7168,9046
320,7168,7168,9047
320,7168,7168,9049
320,7168,7168,9051
320,7168,7168,9052
320,7168,7168,9053
320,7168,7168,9054
320,7168,7168,9055
320,7168,7168,9060
320,7168,7168,9061
320,7168,7168,9062
320,7168,7168,9063
352,7168,768,9020
352,7168,768,9021
352,7168,768,9022
352,7168,768,9023
352,7168,768,9024
352,7168,768,9040
352,7168,768,9041
352,7168,768,9042
352,7168,768,9043
352,7168,768,9044
352,7168,768,9045
352,7168,768,9046
352,7168,768,9047
352,7168,768,9049
352,7168,768,9051
352,7168,768,9052
352,7168,768,9053
352,7168,768,9054
352,7168,768,9055
352,7168,768,9060
352,7168,768,9061
352,7168,768,9062
352,7168,768,9063
384,6144,7168,9010
384,6144,7168,9011
384,6144,7168,9020
384,6144,7168,9021
384,6144,7168,9022
384,6144,7168,9023
384,6144,7168,9024
384,6144,7168,9040
384,6144,7168,9041
384,6144,7168,9042
384,6144,7168,9043
384,6144,7168,9044
384,6144,7168,9045
384,6144,7168,9046
384,6144,7168,9047
384,6144,7168,9049
384,6144,7168,9051
384,6144,7168,9052
384,6144,7168,9053
384,6144,7168,9054
384,6144,7168,9055
384,6144,7168,9060
384,6144,7168,9061
384,6144,7168,9062
384,6144,7168,9063
384,7168,3072,9010
384,7168,3072,9011
384,7168,3072,9020
384,7168,3072,9021
384,7168,3072,9022
384,7168,3072,9023
384,7168,3072,9024
384,7168,3072,9040
384,7168,3072,9041
384,7168,3072,9042
384,7168,3072,9043
384,7168,3072,9044
384,7168,3072,9045
384,7168,3072,9046
384,7168,3072,9047
384,7168,3072,9049
384,7168,3072,9051
384,7168,3072,9052
384,7168,3072,9053
384,7168,3072,9054
384,7168,3072,9055
384,7168,3072,9060
384,7168,3072,9061
384,7168,3072,9062
384,7168,3072,9063
448,7168,3072,9010
448,7168,3072,9011
448,7168,3072,9020
448,7168,3072,9021
448,7168,3072,9022
448,7168,3072,9023
448,7168,3072,9024
448,7168,3072,9040
448,7168,3072,9041
448,7168,3072,9042
448,7168,3072,9043
448,7168,3072,9044
448,7168,3072,9045
448,7168,3072,9046
448,7168,3072,9047
448,7168,3072,9049
448,7168,3072,9051
448,7168,3072,9052
448,7168,3072,9053
448,7168,3072,9054
448,7168,3072,9055
448,7168,3072,9060
448,7168,3072,9061
448,7168,3072,9062
448,7168,3072,9063
480,768,7168,9020
480,768,7168,9021
480,768,7168,9022
480,768,7168,9023
480,768,7168,9024
480,768,7168,9040
480,768,7168,9041
480,768,7168,9042
480,768,7168,9043
480,768,7168,9044
480,768,7168,9045
480,768,7168,9046
480,768,7168,9047
480,768,7168,9049
480,768,7168,9051
480,768,7168,9052
480,768,7168,9053
480,768,7168,9054
480,768,7168,9055
480,768,7168,9060
480,768,7168,9061
480,768,7168,9062
480,768,7168,9063
480,2048,7168,9020
480,2048,7168,9021
480,2048,7168,9022
480,2048,7168,9023
480,2048,7168,9024
480,2048,7168,9040
480,2048,7168,9041
480,2048,7168,9042
480,2048,7168,9043
480,2048,7168,9044
480,2048,7168,9045
480,2048,7168,9046
480,2048,7168,9047
480,2048,7168,9049
480,2048,7168,9051
480,2048,7168,9052
480,2048,7168,9053
480,2048,7168,9054
480,2048,7168,9055
480,2048,7168,9060
480,2048,7168,9061
480,2048,7168,9062
480,2048,7168,9063
480,7168,3072,9020
480,7168,3072,9021
480,7168,3072,9022
480,7168,3072,9023
480,7168,3072,9024
480,7168,3072,9040
480,7168,3072,9041
480,7168,3072,9042
480,7168,3072,9043
480,7168,3072,9044
480,7168,3072,9045
480,7168,3072,9046
480,7168,3072,9047
480,7168,3072,9049
480,7168,3072,9051
480,7168,3072,9052
480,7168,3072,9053
480,7168,3072,9054
480,7168,3072,9055
480,7168,3072,9060
480,7168,3072,9061
480,7168,3072,9062
480,7168,3072,9063
480,7168,7168,9020
480,7168,7168,9021
480,7168,7168,9022
480,7168,7168,9023
480,7168,7168,9024
480,7168,7168,9040
480,7168,7168,9041
480,7168,7168,9042
480,7168,7168,9043
480,7168,7168,9044
480,7168,7168,9045
480,7168,7168,9046
480,7168,7168,9047
480,7168,7168,9049
480,7168,7168,9051
480,7168,7168,9052
480,7168,7168,9053
480,7168,7168,9054
480,7168,7168,9055
480,7168,7168,9060
480,7168,7168,9061
480,7168,7168,9062
480,7168,7168,9063
480,65536,1536,9020
480,65536,1536,9021
480,65536,1536,9022
480,65536,1536,9023
480,65536,1536,9024
480,65536,1536,9040
480,65536,1536,9041
480,65536,1536,9042
480,65536,1536,9043
480,65536,1536,9044
480,65536,1536,9045
480,65536,1536,9046
480,65536,1536,9047
480,65536,1536,9049
480,65536,1536,9051
480,65536,1536,9052
480,65536,1536,9053
480,65536,1536,9054
480,65536,1536,9055
480,65536,1536,9060
480,65536,1536,9061
480,65536,1536,9062
480,65536,1536,9063
512,7168,16384,9000
512,7168,16384,9001
512,7168,16384,9010
512,7168,16384,9011
512,7168,16384,9020
512,7168,16384,9021
512,7168,16384,9022
512,7168,16384,9023
512,7168,16384,9024
512,7168,16384,9040
512,7168,16384,9041
512,7168,16384,9042
512,7168,16384,9043
512,7168,16384,9044
512,7168,16384,9045
512,7168,16384,9046
512,7168,16384,9047
512,7168,16384,9049
512,7168,16384,9051
512,7168,16384,9052
512,7168,16384,9053
512,7168,16384,9054
512,7168,16384,9055
512,7168,16384,9060
512,7168,16384,9061
512,7168,16384,9062
512,7168,16384,9063
576,7168,7168,9010
576,7168,7168,9011
576,7168,7168,9020
576,7168,7168,9021
576,7168,7168,9022
576,7168,7168,9023
576,7168,7168,9024
576,7168,7168,9043
576,7168,7168,9044
576,7168,7168,9045
576,7168,7168,9046
576,7168,7168,9055
576,7168,7168,9060
576,7168,7168,9061
576,7168,7168,9062
576,7168,7168,9063
576,65536,1536,9010
576,65536,1536,9011
576,65536,1536,9020
576,65536,1536,9021
576,65536,1536,9022
576,65536,1536,9023
576,65536,1536,9024
576,65536,1536,9043
576,65536,1536,9044
576,65536,1536,9045
576,65536,1536,9046
576,65536,1536,9055
576,65536,1536,9060
576,65536,1536,9061
576,65536,1536,9062
576,65536,1536,9063
608,768,7168,9020
608,768,7168,9021
608,768,7168,9022
608,768,7168,9023
608,768,7168,9024
608,768,7168,9043
608,768,7168,9044
608,768,7168,9045
608,768,7168,9046
608,768,7168,9055
608,768,7168,9060
608,768,7168,9061
608,768,7168,9062
608,768,7168,9063
608,7168,3072,9020
608,7168,3072,9021
608,7168,3072,9022
608,7168,3072,9023
608,7168,3072,9024
608,7168,3072,9043
608,7168,3072,9044
608,7168,3072,9045
608,7168,3072,9046
608,7168,3072,9055
608,7168,3072,9060
608,7168,3072,9061
608,7168,3072,9062
608,7168,3072,9063
640,65536,1536,9010
640,65536,1536,9011
640,65536,1536,9020
640,65536,1536,9021
640,65536,1536,9022
640,65536,1536,9023
640,65536,1536,9024
640,65536,1536,9043
640,65536,1536,9044
640,65536,1536,9045
640,65536,1536,9046
640,65536,1536,9055
640,65536,1536,9060
640,65536,1536,9061
640,65536,1536,9062
640,65536,1536,9063
672,7168,16384,9020
672,7168,16384,9021
672,7168,16384,9022
672,7168,16384,9023
672,7168,16384,9024
672,7168,16384,9043
672,7168,16384,9044
672,7168,16384,9045
672,7168,16384,9046
672,7168,16384,9055
672,7168,16384,9060
672,7168,16384,9061
672,7168,16384,9062
672,7168,16384,9063
704,7168,7168,9010
704,7168,7168,9011
704,7168,7168,9020
704,7168,7168,9021
704,7168,7168,9022
704,7168,7168,9023
704,7168,7168,9024
704,7168,7168,9043
704,7168,7168,9044
704,7168,7168,9045
704,7168,7168,9046
704,7168,7168,9055
704,7168,7168,9060
704,7168,7168,9061
704,7168,7168,9062
704,7168,7168,9063
768,768,7168,9000
768,768,7168,9001
768,768,7168,9010
768,768,7168,9011
768,768,7168,9020
768,768,7168,9021
768,768,7168,9022
768,768,7168,9023
768,768,7168,9024
768,768,7168,9043
768,768,7168,9044
768,768,7168,9045
768,768,7168,9046
768,768,7168,9055
768,768,7168,9060
768,768,7168,9061
768,768,7168,9062
768,768,7168,9063
768,2048,7168,9000
768,2048,7168,9001
768,2048,7168,9010
768,2048,7168,9011
768,2048,7168,9020
768,2048,7168,9021
768,2048,7168,9022
768,2048,7168,9023
768,2048,7168,9024
768,2048,7168,9043
768,2048,7168,9044
768,2048,7168,9045
768,2048,7168,9046
768,2048,7168,9055
768,2048,7168,9060
768,2048,7168,9061
768,2048,7168,9062
768,2048,7168,9063
800,2048,7168,9020
800,2048,7168,9021
800,2048,7168,9022
800,2048,7168,9023
800,2048,7168,9024
800,2048,7168,9043
800,2048,7168,9044
800,2048,7168,9045
800,2048,7168,9046
800,2048,7168,9055
800,2048,7168,9060
800,2048,7168,9061
800,2048,7168,9062
800,2048,7168,9063
800,16384,1536,9020
800,16384,1536,9021
800,16384,1536,9022
800,16384,1536,9023
800,16384,1536,9024
800,16384,1536,9043
800,16384,1536,9044
800,16384,1536,9045
800,16384,1536,9046
800,16384,1536,9055
800,16384,1536,9060
800,16384,1536,9061
800,16384,1536,9062
800,16384,1536,9063
832,7168,3072,9010
832,7168,3072,9011
832,7168,3072,9020
832,7168,3072,9021
832,7168,3072,9022
832,7168,3072,9023
832,7168,3072,9024
832,7168,3072,9043
832,7168,3072,9044
832,7168,3072,9045
832,7168,3072,9046
832,7168,3072,9055
832,7168,3072,9060
832,7168,3072,9061
832,7168,3072,9062
832,7168,3072,9063
864,6144,7168,9020
864,6144,7168,9021
864,6144,7168,9022
864,6144,7168,9023
864,6144,7168,9024
864,6144,7168,9043
864,6144,7168,9044
864,6144,7168,9045
864,6144,7168,9046
864,6144,7168,9055
864,6144,7168,9060
864,6144,7168,9061
864,6144,7168,9062
864,6144,7168,9063
864,7168,768,9020
864,7168,768,9021
864,7168,768,9022
864,7168,768,9023
864,7168,768,9024
864,7168,768,9043
864,7168,768,9044
864,7168,768,9045
864,7168,768,9046
864,7168,768,9055
864,7168,768,9060
864,7168,768,9061
864,7168,768,9062
864,7168,768,9063
960,2048,7168,9010
960,2048,7168,9011
960,2048,7168,9020
960,2048,7168,9021
960,2048,7168,9022
960,2048,7168,9023
960,2048,7168,9024
960,2048,7168,9043
960,2048,7168,9044
960,2048,7168,9045
960,2048,7168,9046
960,2048,7168,9055
960,2048,7168,9060
960,2048,7168,9061
960,2048,7168,9062
960,2048,7168,9063
960,7168,384,9010
960,7168,384,9011
960,7168,384,9020
960,7168,384,9021
960,7168,384,9022
960,7168,384,9023
960,7168,384,9024
960,7168,384,9043
960,7168,384,9044
960,7168,384,9045
960,7168,384,9046
960,7168,384,9055
960,7168,384,9060
960,7168,384,9061
960,7168,384,9062
960,7168,384,9063
960,7168,7168,9010
960,7168,7168,9011
960,7168,7168,9020
960,7168,7168,9021
960,7168,7168,9022
960,7168,7168,9023
960,7168,7168,9024
960,7168,7168,9043
960,7168,7168,9044
960,7168,7168,9045
960,7168,7168,9046
960,7168,7168,9055
960,7168,7168,9060
960,7168,7168,9061
960,7168,7168,9062
960,7168,7168,9063
960,7168,16384,9010
960,7168,16384,9011
960,7168,16384,9020
960,7168,16384,9021
960,7168,16384,9022
960,7168,16384,9023
960,7168,16384,9024
960,7168,16384,9043
960,7168,16384,9044
960,7168,16384,9045
960,7168,16384,9046
960,7168,16384,9055
960,7168,16384,9060
960,7168,16384,9061
960,7168,16384,9062
960,7168,16384,9063
992,7168,768,9020
992,7168,768,9021
992,7168,768,9022
992,7168,768,9023
992,7168,768,9024
992,7168,768,9043
992,7168,768,9044
992,7168,768,9045
992,7168,768,9046
992,7168,768,9055
992,7168,768,9060
992,7168,768,9061
992,7168,768,9062
992,7168,768,9063
1024,16384,1536,9000
1024,16384,1536,9001
1024,16384,1536,9010
1024,16384,1536,9011
1024,16384,1536,9020
1024,16384,1536,9021
1024,16384,1536,9022
1024,16384,1536,9023
1024,16384,1536,9024
1024,16384,1536,9043
1024,16384,1536,9044
1024,16384,1536,9045
1024,16384,1536,9046
1024,16384,1536,9055
1024,16384,1536,9060
1024,16384,1536,9061
1024,16384,1536,9062
1024,16384,1536,9063
1088,7168,768,9010
1088,7168,768,9011
1088,7168,768,9020
1088,7168,768,9021
1088,7168,768,9022
1088,7168,768,9023
1088,7168,768,9024
1088,7168,768,9043
1088,7168,768,9044
1088,7168,768,9045
1088,7168,768,9046
1088,7168,768,9055
1088,7168,768,9060
1088,7168,768,9061
1088,7168,768,9062
1088,7168,768,9063
1088,7168,3072,9010
1088,7168,3072,9011
1088,7168,3072,9020
1088,7168,3072,9021
1088,7168,3072,9022
1088,7168,3072,9023
1088,7168,3072,9024
1088,7168,3072,9043
1088,7168,3072,9044
1088,7168,3072,9045
1088,7168,3072,9046
1088,7168,3072,9055
1088,7168,3072,9060
1088,7168,3072,9061
1088,7168,3072,9062
1088,7168,3072,9063
1152,16384,1536,9010
1152,16384,1536,9011
1152,16384,1536,9020
1152,16384,1536,9021
1152,16384,1536,9022
1152,16384,1536,9023
1152,16384,1536,9024
1152,16384,1536,9043
1152,16384,1536,9044
1152,16384,1536,9045
1152,16384,1536,9046
1152,16384,1536,9055
1152,16384,1536,9060
1152,16384,1536,9061
1152,16384,1536,9062
1152,16384,1536,9063
1216,7168,384,9010
1216,7168,384,9011
1216,7168,384,9020
1216,7168,384,9021
1216,7168,384,9022
1216,7168,384,9023
1216,7168,384,9024
1216,7168,384,9043
1216,7168,384,9044
1216,7168,384,9045
1216,7168,384,9046
1216,7168,384,9055
1216,7168,384,9060
1216,7168,384,9061
1216,7168,384,9062
1216,7168,384,9063
1216,65536,1536,9010
1216,65536,1536,9011
1216,65536,1536,9020
1216,65536,1536,9021
1216,65536,1536,9022
1216,65536,1536,9023
1216,65536,1536,9024
1216,65536,1536,9043
1216,65536,1536,9044
1216,65536,1536,9045
1216,65536,1536,9046
1216,65536,1536,9055
1216,65536,1536,9060
1216,65536,1536,9061
1216,65536,1536,9062
1216,65536,1536,9063
1408,7168,384,9010
1408,7168,384,9011
1408,7168,384,9020
1408,7168,384,9021
1408,7168,384,9022
1408,7168,384,9023
1408,7168,384,9024
1408,7168,384,9043
1408,7168,384,9044
1408,7168,384,9045
1408,7168,384,9046
1408,7168,384,9055
1408,7168,384,9060
1408,7168,384,9061
1408,7168,384,9062
1408,7168,384,9063
1408,7168,3072,9010
1408,7168,3072,9011
1408,7168,3072,9020
1408,7168,3072,9021
1408,7168,3072,9022
1408,7168,3072,9023
1408,7168,3072,9024
1408,7168,3072,9043
1408,7168,3072,9044
1408,7168,3072,9045
1408,7168,3072,9046
1408,7168,3072,9055
1408,7168,3072,9060
1408,7168,3072,9061
1408,7168,3072,9062
1408,7168,3072,9063
1472,65536,1536,9010
1472,65536,1536,9011
1472,65536,1536,9020
1472,65536,1536,9021
1472,65536,1536,9022
1472,65536,1536,9023
1472,65536,1536,9024
1472,65536,1536,9043
1472,65536,1536,9044
1472,65536,1536,9045
1472,65536,1536,9046
1472,65536,1536,9055
1472,65536,1536,9060
1472,65536,1536,9061
1472,65536,1536,9062
1472,65536,1536,9063
1536,7168,768,9000
1536,7168,768,9001
1536,7168,768,9010
1536,7168,768,9011
1536,7168,768,9020
1536,7168,768,9021
1536,7168,768,9022
1536,7168,768,9023
1536,7168,768,9024
1536,7168,768,9043
1536,7168,768,9044
1536,7168,768,9045
1536,7168,768,9046
1536,7168,768,9055
1536,7168,768,9060
1536,7168,768,9061
1536,7168,768,9062
1536,7168,768,9063
1536,7168,7168,9000
1536,7168,7168,9001
1536,7168,7168,9010
1536,7168,7168,9011
1536,7168,7168,9020
1536,7168,7168,9021
1536,7168,7168,9022
1536,7168,7168,9023
1536,7168,7168,9024
1536,7168,7168,9043
1536,7168,7168,9044
1536,7168,7168,9045
1536,7168,7168,9046
1536,7168,7168,9055
1536,7168,7168,9060
1536,7168,7168,9061
1536,7168,7168,9062
1536,7168,7168,9063
1600,16384,1536,9010
1600,16384,1536,9011
1600,16384,1536,9020
1600,16384,1536,9021
1600,16384,1536,9022
1600,16384,1536,9023
1600,16384,1536,9024
1600,16384,1536,9043
1600,16384,1536,9044
1600,16384,1536,9045
1600,16384,1536,9046
1600,16384,1536,9055
1600,16384,1536,9060
1600,16384,1536,9061
1600,16384,1536,9062
1600,16384,1536,9063
1664,6144,7168,9010
1664,6144,7168,9011
1664,6144,7168,9020
1664,6144,7168,9021
1664,6144,7168,9022
1664,6144,7168,9023
1664,6144,7168,9024
1664,6144,7168,9043
1664,6144,7168,9044
1664,6144,7168,9045
1664,6144,7168,9046
1664,6144,7168,9055
1664,6144,7168,9060
1664,6144,7168,9061
1664,6144,7168,9062
1664,6144,7168,9063
1728,7168,768,9010
1728,7168,768,9011
1728,7168,768,9020
1728,7168,768,9021
1728,7168,768,9022
1728,7168,768,9023
1728,7168,768,9024
1728,7168,768,9043
1728,7168,768,9044
1728,7168,768,9045
1728,7168,768,9046
1728,7168,768,9055
1728,7168,768,9060
1728,7168,768,9061
1728,7168,768,9062
1728,7168,768,9063
1920,7168,3072,9010
1920,7168,3072,9011
1920,7168,3072,9020
1920,7168,3072,9021
1920,7168,3072,9022
1920,7168,3072,9023
1920,7168,3072,9024
1920,7168,3072,9043
1920,7168,3072,9044
1920,7168,3072,9045
1920,7168,3072,9046
1920,7168,3072,9055
1920,7168,3072,9060
1920,7168,3072,9061
1920,7168,3072,9062
1920,7168,3072,9063
1920,7168,16384,9010
1920,7168,16384,9011
1920,7168,16384,9020
1920,7168,16384,9021
1920,7168,16384,9022
1920,7168,16384,9023
1920,7168,16384,9024
1920,7168,16384,9043
1920,7168,16384,9044
1920,7168,16384,9045
1920,7168,16384,9046
1920,7168,16384,9055
1920,7168,16384,9060
1920,7168,16384,9061
1920,7168,16384,9062
1920,7168,16384,9063
2048,7168,16384,9000
2048,7168,16384,9001
2048,7168,16384,9010
2048,7168,16384,9011
2048,7168,16384,9020
2048,7168,16384,9021
2048,7168,16384,9022
2048,7168,16384,9023
2048,7168,16384,9024
2048,7168,16384,9043
2048,7168,16384,9044
2048,7168,16384,9045
2048,7168,16384,9046
2048,7168,16384,9055
2048,7168,16384,9060
2048,7168,16384,9061
2048,7168,16384,9062
2048,7168,16384,9063
2048,65536,1536,9000
2048,65536,1536,9001
2048,65536,1536,9010
2048,65536,1536,9011
2048,65536,1536,9020
2048,65536,1536,9021
2048,65536,1536,9022
2048,65536,1536,9023
2048,65536,1536,9024
2048,65536,1536,9043
2048,65536,1536,9044
2048,65536,1536,9045
2048,65536,1536,9046
2048,65536,1536,9055
2048,65536,1536,9060
2048,65536,1536,9061
2048,65536,1536,9062
2048,65536,1536,9063
4096,7168,3072,9000
4096,7168,3072,9001
4096,7168,3072,9010
4096,7168,3072,9011
4096,7168,3072,9020
4096,7168,3072,9021
4096,7168,3072,9022
4096,7168,3072,9023
4096,7168,3072,9024
4096,16384,1536,9000
4096,16384,1536,9001
4096,16384,1536,9010
4096,16384,1536,9011
4096,16384,1536,9020
4096,16384,1536,9021
4096,16384,1536,9022
4096,16384,1536,9023
4096,16384,1536,9024
6144,7168,768,9000
6144,7168,768,9001
6144,7168,768,9010
6144,7168,768,9011
6144,7168,768,9020
6144,7168,768,9021
6144,7168,768,9022
6144,7168,768,9023
6144,7168,768,9024
6144,7168,7168,9000
6144,7168,7168,9001
6144,7168,7168,9010
6144,7168,7168,9011
6144,7168,7168,9020
6144,7168,7168,9021
6144,7168,7168,9022
6144,7168,7168,9023
6144,7168,7168,9024
8192,768,7168,9000
8192,768,7168,9001
8192,768,7168,9010
8192,768,7168,9011
8192,768,7168,9020
8192,768,7168,9021
8192,768,7168,9022
8192,768,7168,9023
8192,768,7168,9024
8192,7168,384,9000
8192,7168,384,9001
8192,7168,384,9010
8192,7168,384,9011
8192,7168,384,9020
8192,7168,384,9021
8192,7168,384,9022
8192,7168,384,9023
8192,7168,384,9024
12288,6144,7168,9000
12288,6144,7168,9001
12288,6144,7168,9010
12288,6144,7168,9011
12288,6144,7168,9020
12288,6144,7168,9021
12288,6144,7168,9022
12288,6144,7168,9023
12288,6144,7168,9024
16384,6144,7168,9000
16384,6144,7168,9001
16384,6144,7168,9010
16384,6144,7168,9011
16384,6144,7168,9020
16384,6144,7168,9021
16384,6144,7168,9022
16384,6144,7168,9023
16384,6144,7168,9024
20480,7168,3072,9000
20480,7168,3072,9001
20480,7168,3072,9010
20480,7168,3072,9011
20480,7168,3072,9020
20480,7168,3072,9021
20480,7168,3072,9022
20480,7168,3072,9023
20480,7168,3072,9024
24576,7168,16384,9000
24576,7168,16384,9001
24576,7168,16384,9010
24576,7168,16384,9011
24576,7168,16384,9020
24576,7168,16384,9021
24576,7168,16384,9022
24576,7168,16384,9023
24576,7168,16384,9024
28672,7168,768,9000
28672,7168,768,9001
28672,7168,768,9010
28672,7168,768,9011
28672,7168,768,9020
28672,7168,768,9021
28672,7168,768,9022
28672,7168,768,9023
28672,7168,768,9024
28672,7168,7168,9000
28672,7168,7168,9001
28672,7168,7168,9010
28672,7168,7168,9011
28672,7168,7168,9020
28672,7168,7168,9021
28672,7168,7168,9022
28672,7168,7168,9023
28672,7168,7168,9024
32768,768,7168,9000
32768,768,7168,9001
32768,768,7168,9010
32768,768,7168,9011
32768,768,7168,9020
32768,768,7168,9021
32768,768,7168,9022
32768,768,7168,9023
32768,768,7168,9024
32768,7168,384,9000
32768,7168,384,9001
32768,7168,384,9010
32768,7168,384,9011
32768,7168,384,9020
32768,7168,384,9021
32768,7168,384,9022
32768,7168,384,9023
32768,7168,384,9024
40960,7168,7168,9000
40960,7168,7168,9001
40960,7168,7168,9010
40960,7168,7168,9011
40960,7168,7168,9020
40960,7168,7168,9021
40960,7168,7168,9022
40960,7168,7168,9023
40960,7168,7168,9024
40960,16384,1536,9000
40960,16384,1536,9001
40960,16384,1536,9010
40960,16384,1536,9011
40960,16384,1536,9020
40960,16384,1536,9021
40960,16384,1536,9022
40960,16384,1536,9023
40960,16384,1536,9024
57344,7168,3072,9000
57344,7168,3072,9001
57344,7168,3072,9010
57344,7168,3072,9011
57344,7168,3072,9020
57344,7168,3072,9021
57344,7168,3072,9022
57344,7168,3072,9023
57344,7168,3072,9024
65536,65536,1536,9030
