Logical shape,Baseline CK/CKTile/ASM (ms),OPUS (ms),Speedup
1 x 768 x 7168,0.008826,0.005288,1.67x
1 x 6144 x 7168,0.012107,0.009720,1.25x
1 x 7168 x 384,0.004452,0.003458,1.29x
1 x 7168 x 768,0.005923,0.003346,1.77x
1 x 7168 x 1024,0.005089,0.004195,1.21x
1 x 7168 x 3072,0.008055,0.006152,1.31x
1 x 7168 x 7168,0.021014,0.010169,2.07x
2 x 768 x 7168,0.008984,0.005561,1.62x
2 x 6144 x 7168,0.013642,0.009404,1.45x
2 x 7168 x 384,0.004912,0.003442,1.43x
2 x 7168 x 768,0.005840,0.003879,1.51x
2 x 7168 x 1024,0.005120,0.004206,1.22x
2 x 7168 x 3072,0.010030,0.006312,1.59x
2 x 7168 x 7168,0.020807,0.010538,1.97x
2 x 16384 x 1536,0.007800,0.006842,1.14x
4 x 768 x 7168,0.010171,0.004995,2.04x
4 x 6144 x 7168,0.013283,0.009265,1.43x
4 x 7168 x 384,0.004359,0.003457,1.26x
4 x 7168 x 768,0.005155,0.003362,1.53x
4 x 7168 x 1024,0.005183,0.004168,1.24x
4 x 7168 x 3072,0.010687,0.006633,1.61x
4 x 7168 x 7168,0.020878,0.010046,2.08x
8 x 768 x 7168,0.010807,0.006131,1.76x
8 x 6144 x 7168,0.014156,0.010041,1.41x
8 x 7168 x 384,0.004509,0.002896,1.56x
8 x 7168 x 768,0.005135,0.003925,1.31x
8 x 7168 x 1024,0.005686,0.004250,1.34x
8 x 7168 x 3072,0.010142,0.006902,1.47x
8 x 7168 x 7168,0.020905,0.010669,1.96x
16 x 768 x 7168,0.010129,0.006827,1.48x
16 x 6144 x 7168,0.013767,0.011020,1.25x
16 x 7168 x 384,0.004941,0.003560,1.39x
16 x 7168 x 768,0.005177,0.003529,1.47x
16 x 7168 x 1024,0.005731,0.004343,1.32x
16 x 7168 x 3072,0.010017,0.007344,1.36x
16 x 7168 x 7168,0.018626,0.010946,1.70x
16 x 65536 x 1536,0.018780,0.017798,1.06x
32 x 768 x 7168,0.009855,0.007242,1.36x
32 x 6144 x 7168,0.014806,0.012985,1.14x
32 x 7168 x 384,0.004533,0.003706,1.22x
32 x 7168 x 768,0.005047,0.004625,1.09x
32 x 7168 x 1024,0.005247,0.004394,1.19x
32 x 7168 x 3072,0.009837,0.008618,1.14x
32 x 7168 x 7168,0.018735,0.013336,1.40x
32 x 16384 x 1536,0.008069,0.008160,0.99x
32 x 65536 x 1536,0.021600,0.019276,1.12x
48 x 768 x 7168,0.010537,0.007268,1.45x
48 x 6144 x 7168,0.016053,0.016214,0.99x
48 x 7168 x 384,0.004759,0.003420,1.39x
48 x 7168 x 768,0.005448,0.004702,1.16x
48 x 7168 x 3072,0.010825,0.009631,1.12x
48 x 7168 x 7168,0.021451,0.016843,1.27x
48 x 7168 x 16384,0.030575,0.030743,0.99x
48 x 16384 x 1536,0.009358,0.009248,1.01x
48 x 65536 x 1536,0.022588,0.022094,1.02x
64 x 768 x 7168,0.009382,0.007909,1.19x
64 x 6144 x 7168,0.014988,0.016066,0.93x
64 x 7168 x 384,0.004755,0.003430,1.39x
64 x 7168 x 768,0.005367,0.005293,1.01x
64 x 7168 x 1024,0.006168,0.005588,1.10x
64 x 7168 x 3072,0.010343,0.009443,1.10x
64 x 7168 x 7168,0.019968,0.016275,1.23x
64 x 16384 x 1536,0.009353,0.008954,1.04x
64 x 65536 x 1536,0.023228,0.022282,1.04x
80 x 768 x 7168,0.010460,0.007940,1.32x
80 x 6144 x 7168,0.017902,0.018909,0.95x
80 x 7168 x 384,0.005069,0.003768,1.35x
80 x 7168 x 768,0.005923,0.005757,1.03x
80 x 7168 x 3072,0.012156,0.011257,1.08x
80 x 7168 x 7168,0.023599,0.019842,1.19x
80 x 7168 x 16384,0.032645,0.033103,0.99x
80 x 16384 x 1536,0.011089,0.009682,1.15x
80 x 65536 x 1536,0.027155,0.022864,1.19x
96 x 768 x 7168,0.009443,0.009079,1.04x
96 x 2048 x 7168,0.010235,0.012060,0.85x
96 x 6144 x 7168,0.019995,0.019076,1.05x
96 x 7168 x 384,0.005000,0.004358,1.15x
96 x 7168 x 768,0.006047,0.005884,1.03x
96 x 7168 x 3072,0.012198,0.011013,1.11x
96 x 7168 x 7168,0.023243,0.019967,1.16x
96 x 7168 x 16384,0.034203,0.034273,1.00x
96 x 16384 x 1536,0.011078,0.010236,1.08x
96 x 65536 x 1536,0.022840,0.023328,0.98x
112 x 768 x 7168,0.009287,0.009108,1.02x
112 x 2048 x 7168,0.011085,0.012699,0.87x
112 x 6144 x 7168,0.021376,0.019654,1.09x
112 x 7168 x 384,0.005278,0.003969,1.33x
112 x 7168 x 768,0.006352,0.005827,1.09x
112 x 7168 x 3072,0.012130,0.011550,1.05x
112 x 7168 x 7168,0.023798,0.019989,1.19x
112 x 7168 x 16384,0.039858,0.035901,1.11x
112 x 16384 x 1536,0.011566,0.010338,1.12x
112 x 65536 x 1536,0.023600,0.024190,0.98x
128 x 768 x 7168,0.009383,0.008649,1.08x
128 x 6144 x 7168,0.019190,0.020022,0.96x
128 x 7168 x 384,0.005021,0.004466,1.12x
128 x 7168 x 768,0.006227,0.005974,1.04x
128 x 7168 x 1024,0.007093,0.007273,0.98x
128 x 7168 x 3072,0.012087,0.011129,1.09x
128 x 7168 x 7168,0.022922,0.020501,1.12x
128 x 7168 x 16384,0.039699,0.037484,1.06x
128 x 16384 x 1536,0.011682,0.011120,1.05x
128 x 65536 x 1536,0.023960,0.024563,0.98x
144 x 768 x 7168,0.010370,0.008631,1.20x
144 x 2048 x 7168,0.017556,0.015171,1.16x
144 x 6144 x 7168,0.024049,0.023042,1.04x
144 x 7168 x 384,0.005239,0.004868,1.08x
144 x 7168 x 768,0.006508,0.006571,0.99x
144 x 7168 x 3072,0.014528,0.012714,1.14x
144 x 7168 x 7168,0.028547,0.023957,1.19x
144 x 7168 x 16384,0.044250,0.044767,0.99x
144 x 16384 x 1536,0.012636,0.011865,1.06x
144 x 65536 x 1536,0.037819,0.025283,1.50x
160 x 768 x 7168,0.010939,0.008792,1.24x
160 x 2048 x 7168,0.018314,0.016269,1.13x
160 x 6144 x 7168,0.024717,0.023040,1.07x
160 x 7168 x 384,0.005683,0.004251,1.34x
160 x 7168 x 768,0.006576,0.007147,0.92x
160 x 7168 x 3072,0.014703,0.013581,1.08x
160 x 7168 x 7168,0.029097,0.023547,1.24x
160 x 7168 x 16384,0.044544,0.045020,0.99x
160 x 16384 x 1536,0.012933,0.011931,1.08x
160 x 65536 x 1536,0.025120,0.026309,0.95x
176 x 768 x 7168,0.009745,0.010704,0.91x
176 x 2048 x 7168,0.019345,0.015005,1.29x
176 x 6144 x 7168,0.027379,0.022847,1.20x
176 x 7168 x 384,0.005569,0.004342,1.28x
176 x 7168 x 768,0.006464,0.006954,0.93x
176 x 7168 x 3072,0.014884,0.012980,1.15x
176 x 7168 x 7168,0.029136,0.023821,1.22x
176 x 7168 x 16384,0.048554,0.047203,1.03x
176 x 16384 x 1536,0.013320,0.012964,1.03x
176 x 65536 x 1536,0.038850,0.028422,1.37x
192 x 768 x 7168,0.009096,0.010555,0.86x
192 x 2048 x 7168,0.018082,0.015762,1.15x
192 x 6144 x 7168,0.027586,0.022850,1.21x
192 x 7168 x 384,0.005583,0.004397,1.27x
192 x 7168 x 768,0.011198,0.007066,1.58x
192 x 7168 x 3072,0.014650,0.012701,1.15x
192 x 7168 x 7168,0.029440,0.023656,1.24x
192 x 7168 x 16384,0.048535,0.048127,1.01x
192 x 16384 x 1536,0.013388,0.012897,1.04x
192 x 65536 x 1536,0.039571,0.029043,1.36x
208 x 768 x 7168,0.009442,0.010876,0.87x
208 x 2048 x 7168,0.019705,0.015373,1.28x
208 x 6144 x 7168,0.028576,0.025652,1.11x
208 x 7168 x 384,0.006022,0.005229,1.15x
208 x 7168 x 768,0.008051,0.007565,1.06x
208 x 7168 x 3072,0.015686,0.013162,1.19x
208 x 7168 x 7168,0.031072,0.026051,1.19x
208 x 7168 x 16384,0.059988,0.051591,1.16x
208 x 16384 x 1536,0.015312,0.012638,1.21x
208 x 65536 x 1536,0.042801,0.040277,1.06x
224 x 768 x 7168,0.009257,0.010945,0.85x
224 x 2048 x 7168,0.018239,0.015784,1.16x
224 x 6144 x 7168,0.028775,0.025552,1.13x
224 x 7168 x 384,0.005990,0.005317,1.13x
224 x 7168 x 768,0.007953,0.007659,1.04x
224 x 7168 x 3072,0.015586,0.013843,1.13x
224 x 7168 x 7168,0.031201,0.026148,1.19x
224 x 7168 x 16384,0.059396,0.053375,1.11x
224 x 16384 x 1536,0.015708,0.012691,1.24x
224 x 65536 x 1536,0.042960,0.041098,1.05x
240 x 768 x 7168,0.010812,0.011209,0.96x
240 x 2048 x 7168,0.020116,0.015228,1.32x
240 x 6144 x 7168,0.029296,0.026221,1.12x
240 x 7168 x 384,0.006114,0.004877,1.25x
240 x 7168 x 768,0.011038,0.007492,1.47x
240 x 7168 x 3072,0.016123,0.014281,1.13x
240 x 7168 x 7168,0.031266,0.026859,1.16x
240 x 7168 x 16384,0.061044,0.056008,1.09x
240 x 16384 x 1536,0.015852,0.013225,1.20x
240 x 65536 x 1536,0.042640,0.041786,1.02x
256 x 768 x 7168,0.010915,0.010720,1.02x
256 x 2048 x 7168,0.018147,0.016210,1.12x
256 x 6144 x 7168,0.030616,0.026720,1.15x
256 x 7168 x 384,0.005801,0.004970,1.17x
256 x 7168 x 768,0.008412,0.007808,1.08x
256 x 7168 x 1024,0.009230,0.008581,1.08x
256 x 7168 x 3072,0.016365,0.014845,1.10x
256 x 7168 x 7168,0.030896,0.027290,1.13x
256 x 7168 x 16384,0.061923,0.057060,1.09x
256 x 16384 x 1536,0.016158,0.013438,1.20x
256 x 65536 x 1536,0.043640,0.033373,1.31x
288 x 768 x 7168,0.011376,0.011606,0.98x
288 x 2048 x 7168,0.019781,0.017264,1.15x
288 x 6144 x 7168,0.031301,0.026210,1.19x
288 x 7168 x 384,0.006365,0.005686,1.12x
288 x 7168 x 768,0.010287,0.007907,1.30x
288 x 7168 x 3072,0.017392,0.017162,1.01x
288 x 7168 x 7168,0.033406,0.033341,1.00x
288 x 7168 x 16384,0.069400,0.069248,1.00x
288 x 16384 x 1536,0.020264,0.014759,1.37x
288 x 65536 x 1536,0.044200,0.043087,1.03x
320 x 768 x 7168,0.017273,0.011726,1.47x
320 x 2048 x 7168,0.021229,0.017812,1.19x
320 x 6144 x 7168,0.031892,0.027154,1.17x
320 x 7168 x 384,0.006447,0.005820,1.11x
320 x 7168 x 768,0.011108,0.008994,1.24x
320 x 7168 x 3072,0.017236,0.017294,1.00x
320 x 7168 x 7168,0.034068,0.034039,1.00x
320 x 7168 x 16384,0.071886,0.069059,1.04x
320 x 16384 x 1536,0.020697,0.015448,1.34x
320 x 65536 x 1536,0.045281,0.045533,0.99x
352 x 768 x 7168,0.017630,0.014207,1.24x
352 x 2048 x 7168,0.017261,0.018292,0.94x
352 x 6144 x 7168,0.034483,0.033355,1.03x
352 x 7168 x 384,0.006842,0.006275,1.09x
352 x 7168 x 768,0.009446,0.009441,1.00x
352 x 7168 x 3072,0.019929,0.018096,1.10x
352 x 7168 x 7168,0.038530,0.033991,1.13x
352 x 7168 x 16384,0.078483,0.071672,1.10x
352 x 16384 x 1536,0.020895,0.019051,1.10x
352 x 65536 x 1536,0.046040,0.046826,0.98x
384 x 768 x 7168,0.017513,0.013968,1.25x
384 x 2048 x 7168,0.020029,0.017789,1.13x
384 x 6144 x 7168,0.034522,0.033779,1.02x
384 x 7168 x 384,0.006540,0.005939,1.10x
384 x 7168 x 768,0.009471,0.009499,1.00x
384 x 7168 x 3072,0.019397,0.018446,1.05x
384 x 7168 x 7168,0.040133,0.034619,1.16x
384 x 7168 x 16384,0.077957,0.071961,1.08x
384 x 16384 x 1536,0.021559,0.019677,1.10x
384 x 65536 x 1536,0.046960,0.048961,0.96x
416 x 768 x 7168,0.017993,0.014842,1.21x
416 x 2048 x 7168,0.024960,0.019391,1.29x
416 x 6144 x 7168,0.039953,0.034832,1.15x
416 x 7168 x 384,0.007706,0.007178,1.07x
416 x 7168 x 768,0.009379,0.009483,0.99x
416 x 7168 x 3072,0.023376,0.018640,1.25x
416 x 7168 x 7168,0.046931,0.038631,1.21x
416 x 7168 x 16384,0.094978,0.083723,1.13x
416 x 16384 x 1536,0.024379,0.019759,1.23x
416 x 65536 x 1536,0.066440,0.062485,1.06x
448 x 768 x 7168,0.017777,0.014504,1.23x
448 x 2048 x 7168,0.021426,0.020268,1.06x
448 x 6144 x 7168,0.038521,0.034708,1.11x
448 x 7168 x 384,0.007819,0.006856,1.14x
448 x 7168 x 768,0.013062,0.009264,1.41x
448 x 7168 x 3072,0.023936,0.018875,1.27x
448 x 7168 x 7168,0.046917,0.039585,1.19x
448 x 7168 x 16384,0.099168,0.083553,1.19x
448 x 16384 x 1536,0.024319,0.019885,1.22x
448 x 65536 x 1536,0.066320,0.058781,1.13x
480 x 768 x 7168,0.018440,0.014491,1.27x
480 x 2048 x 7168,0.020811,0.020221,1.03x
480 x 6144 x 7168,0.041577,0.034996,1.19x
480 x 7168 x 384,0.008176,0.006979,1.17x
480 x 7168 x 768,0.010611,0.009415,1.13x
480 x 7168 x 3072,0.024086,0.018963,1.27x
480 x 7168 x 7168,0.048423,0.038844,1.25x
480 x 7168 x 16384,0.099022,0.085606,1.16x
480 x 16384 x 1536,0.024392,0.019812,1.23x
480 x 65536 x 1536,0.066481,0.067098,0.99x
512 x 768 x 7168,0.018445,0.014922,1.24x
512 x 2048 x 7168,0.021528,0.020469,1.05x
512 x 6144 x 7168,0.047312,0.038477,1.23x
512 x 7168 x 384,0.007865,0.007344,1.07x
512 x 7168 x 768,0.010707,0.009606,1.11x
512 x 7168 x 1024,0.012771,0.010758,1.19x
512 x 7168 x 3072,0.024042,0.019133,1.26x
512 x 7168 x 7168,0.048925,0.039211,1.25x
512 x 7168 x 16384,0.098371,0.085344,1.15x
512 x 16384 x 1536,0.024378,0.021192,1.15x
512 x 65536 x 1536,0.068001,0.058986,1.15x
544 x 768 x 7168,0.018484,0.016091,1.15x
544 x 2048 x 7168,0.028729,0.024207,1.19x
544 x 6144 x 7168,0.048821,0.040240,1.21x
544 x 7168 x 384,0.008389,0.007992,1.05x
544 x 7168 x 768,0.015332,0.010188,1.50x
544 x 7168 x 3072,0.025462,0.022727,1.12x
544 x 7168 x 7168,0.051314,0.047014,1.09x
544 x 7168 x 16384,0.107437,0.101841,1.05x
544 x 16384 x 1536,0.029775,0.021366,1.39x
544 x 65536 x 1536,0.068680,0.068838,1.00x
576 x 768 x 7168,0.018526,0.015705,1.18x
576 x 2048 x 7168,0.028172,0.023729,1.19x
576 x 6144 x 7168,0.048445,0.040313,1.20x
576 x 7168 x 384,0.008972,0.008164,1.10x
576 x 7168 x 768,0.015324,0.010475,1.46x
576 x 7168 x 3072,0.024991,0.023322,1.07x
576 x 7168 x 7168,0.050489,0.047815,1.06x
576 x 7168 x 16384,0.104456,0.098008,1.07x
576 x 16384 x 1536,0.030759,0.021316,1.44x
576 x 65536 x 1536,0.069561,0.068670,1.01x
608 x 768 x 7168,0.018807,0.016219,1.16x
608 x 2048 x 7168,0.028408,0.024536,1.16x
608 x 6144 x 7168,0.050090,0.039851,1.26x
608 x 7168 x 384,0.009820,0.007916,1.24x
608 x 7168 x 768,0.036012,0.010469,3.44x
608 x 7168 x 3072,0.031099,0.022835,1.36x
608 x 7168 x 7168,0.062221,0.048899,1.27x
608 x 7168 x 16384,0.130170,0.103476,1.26x
608 x 16384 x 1536,0.031866,0.021607,1.47x
608 x 65536 x 1536,0.088680,0.083944,1.06x
640 x 768 x 7168,0.018784,0.015695,1.20x
640 x 2048 x 7168,0.028356,0.024313,1.17x
640 x 6144 x 7168,0.050133,0.040695,1.23x
640 x 7168 x 384,0.009928,0.007935,1.25x
640 x 7168 x 768,0.013302,0.010470,1.27x
640 x 7168 x 3072,0.031352,0.023190,1.35x
640 x 7168 x 7168,0.062241,0.049547,1.26x
640 x 7168 x 16384,0.129403,0.105066,1.23x
640 x 16384 x 1536,0.032277,0.021666,1.49x
640 x 65536 x 1536,0.089360,0.084391,1.06x
672 x 768 x 7168,0.018850,0.016491,1.14x
672 x 2048 x 7168,0.028801,0.023845,1.21x
672 x 6144 x 7168,0.061926,0.048141,1.29x
672 x 7168 x 384,0.009837,0.008569,1.15x
672 x 7168 x 768,0.016731,0.012045,1.39x
672 x 7168 x 3072,0.031632,0.028211,1.12x
672 x 7168 x 7168,0.065268,0.058466,1.12x
672 x 7168 x 16384,0.133399,0.123262,1.08x
672 x 16384 x 1536,0.032549,0.022912,1.42x
672 x 65536 x 1536,0.088921,0.086158,1.03x
704 x 768 x 7168,0.019551,0.017129,1.14x
704 x 2048 x 7168,0.028685,0.024689,1.16x
704 x 6144 x 7168,0.061064,0.047878,1.28x
704 x 7168 x 384,0.009789,0.008934,1.10x
704 x 7168 x 768,0.017199,0.012149,1.42x
704 x 7168 x 3072,0.031582,0.028522,1.11x
704 x 7168 x 7168,0.064842,0.061169,1.06x
704 x 7168 x 16384,0.133488,0.126042,1.06x
704 x 16384 x 1536,0.032478,0.023680,1.37x
704 x 65536 x 1536,0.089600,0.086316,1.04x
736 x 768 x 7168,0.020006,0.017206,1.16x
736 x 2048 x 7168,0.030071,0.024719,1.22x
736 x 6144 x 7168,0.062392,0.049319,1.27x
736 x 7168 x 384,0.011263,0.009015,1.25x
736 x 7168 x 768,0.018163,0.012227,1.49x
736 x 7168 x 3072,0.032715,0.028170,1.16x
736 x 7168 x 7168,0.067623,0.061381,1.10x
736 x 7168 x 16384,0.138429,0.125867,1.10x
736 x 16384 x 1536,0.032628,0.024011,1.36x
736 x 65536 x 1536,0.090800,0.089988,1.01x
768 x 768 x 7168,0.019240,0.017749,1.08x
768 x 2048 x 7168,0.029275,0.024820,1.18x
768 x 6144 x 7168,0.061778,0.049849,1.24x
768 x 7168 x 384,0.010633,0.008712,1.22x
768 x 7168 x 768,0.015714,0.012256,1.28x
768 x 7168 x 3072,0.032772,0.028740,1.14x
768 x 7168 x 7168,0.064141,0.060056,1.07x
768 x 7168 x 16384,0.133755,0.128662,1.04x
768 x 16384 x 1536,0.032702,0.024643,1.33x
768 x 65536 x 1536,0.091721,0.086144,1.06x
800 x 768 x 7168,0.019641,0.017629,1.11x
800 x 2048 x 7168,0.029722,0.026779,1.11x
800 x 6144 x 7168,0.066190,0.050793,1.30x
800 x 7168 x 384,0.010783,0.008754,1.23x
800 x 7168 x 768,0.014049,0.012464,1.13x
800 x 7168 x 3072,0.033258,0.028999,1.15x
800 x 7168 x 7168,0.069019,0.061022,1.13x
800 x 7168 x 16384,0.141349,0.129462,1.09x
800 x 16384 x 1536,0.041014,0.031144,1.32x
800 x 65536 x 1536,0.109921,0.104984,1.05x
832 x 768 x 7168,0.019514,0.018325,1.06x
832 x 2048 x 7168,0.030508,0.026569,1.15x
832 x 6144 x 7168,0.067006,0.060524,1.11x
832 x 7168 x 384,0.010745,0.009291,1.16x
832 x 7168 x 768,0.034401,0.012809,2.69x
832 x 7168 x 3072,0.032327,0.031890,1.01x
832 x 7168 x 7168,0.070157,0.067188,1.04x
832 x 7168 x 16384,0.141484,0.137460,1.03x
832 x 16384 x 1536,0.040860,0.027182,1.50x
832 x 65536 x 1536,0.112161,0.107033,1.05x
864 x 768 x 7168,0.019818,0.018380,1.08x
864 x 2048 x 7168,0.030518,0.027326,1.12x
864 x 6144 x 7168,0.065667,0.060109,1.09x
864 x 7168 x 384,0.010962,0.009248,1.19x
864 x 7168 x 768,0.023785,0.012985,1.83x
864 x 7168 x 3072,0.035264,0.031677,1.11x
864 x 7168 x 7168,0.075873,0.069177,1.10x
864 x 7168 x 16384,0.151410,0.137293,1.10x
864 x 16384 x 1536,0.041866,0.031607,1.32x
864 x 65536 x 1536,0.111281,0.107444,1.04x
896 x 768 x 7168,0.019777,0.018361,1.08x
896 x 2048 x 7168,0.030642,0.027231,1.13x
896 x 6144 x 7168,0.064099,0.061218,1.05x
896 x 7168 x 384,0.011359,0.008903,1.28x
896 x 7168 x 768,0.020564,0.012946,1.59x
896 x 7168 x 3072,0.034265,0.032003,1.07x
896 x 7168 x 7168,0.072849,0.068718,1.06x
896 x 7168 x 16384,0.153311,0.140465,1.09x
896 x 16384 x 1536,0.041894,0.027531,1.52x
896 x 65536 x 1536,0.109361,0.109076,1.00x
928 x 768 x 7168,0.020113,0.018673,1.08x
928 x 2048 x 7168,0.031636,0.026865,1.18x
928 x 6144 x 7168,0.070321,0.059453,1.18x
928 x 7168 x 384,0.011479,0.008910,1.29x
928 x 7168 x 768,0.022279,0.012934,1.72x
928 x 7168 x 3072,0.038529,0.032290,1.19x
928 x 7168 x 7168,0.076392,0.068090,1.12x
928 x 7168 x 16384,0.158974,0.142425,1.12x
928 x 16384 x 1536,0.043833,0.031776,1.38x
928 x 65536 x 1536,0.110280,0.113104,0.98x
960 x 768 x 7168,0.021045,0.018923,1.11x
960 x 2048 x 7168,0.031018,0.027119,1.14x
960 x 6144 x 7168,0.071929,0.063102,1.14x
960 x 7168 x 384,0.011823,0.009005,1.31x
960 x 7168 x 768,0.022402,0.012887,1.74x
960 x 7168 x 3072,0.038139,0.032367,1.18x
960 x 7168 x 7168,0.075399,0.067754,1.11x
960 x 7168 x 16384,0.157040,0.142840,1.10x
960 x 16384 x 1536,0.044013,0.028358,1.55x
960 x 65536 x 1536,0.112320,0.113189,0.99x
992 x 768 x 7168,0.018530,0.020463,0.91x
992 x 2048 x 7168,0.031492,0.027422,1.15x
992 x 6144 x 7168,0.072197,0.067546,1.07x
992 x 7168 x 384,0.013378,0.009100,1.47x
992 x 7168 x 768,0.018801,0.012752,1.47x
992 x 7168 x 3072,0.038328,0.032506,1.18x
992 x 7168 x 7168,0.076808,0.069906,1.10x
992 x 7168 x 16384,0.156421,0.147111,1.06x
992 x 16384 x 1536,0.045640,0.038162,1.20x
992 x 65536 x 1536,0.131260,0.124830,1.05x
1024 x 768 x 7168,0.021026,0.020031,1.05x
1024 x 2048 x 7168,0.032075,0.027656,1.16x
1024 x 6144 x 7168,0.073713,0.067397,1.09x
1024 x 7168 x 384,0.012951,0.009596,1.35x
1024 x 7168 x 768,0.022991,0.013291,1.73x
1024 x 7168 x 1024,0.016457,0.016246,1.01x
1024 x 7168 x 3072,0.032241,0.033006,0.98x
1024 x 7168 x 7168,0.076965,0.068960,1.12x
1024 x 7168 x 16384,0.159286,0.144345,1.10x
1024 x 16384 x 1536,0.045902,0.028645,1.60x
1024 x 65536 x 1536,0.129540,0.110258,1.17x
1088 x 768 x 7168,0.021253,0.020781,1.02x
1088 x 2048 x 7168,0.033936,0.033887,1.00x
1088 x 6144 x 7168,0.076246,0.068375,1.12x
1088 x 7168 x 384,0.012443,0.009572,1.30x
1088 x 7168 x 768,0.033199,0.013297,2.50x
1088 x 7168 x 3072,0.038328,0.033574,1.14x
1088 x 7168 x 7168,0.078380,0.069240,1.13x
1088 x 7168 x 16384,0.165311,0.147401,1.12x
1088 x 16384 x 1536,0.052609,0.039499,1.33x
1088 x 65536 x 1536,0.132041,0.132778,0.99x
1152 x 768 x 7168,0.021122,0.020438,1.03x
1152 x 2048 x 7168,0.034523,0.033973,1.02x
1152 x 6144 x 7168,0.076155,0.069326,1.10x
1152 x 7168 x 384,0.012559,0.009591,1.31x
1152 x 7168 x 768,0.033188,0.013200,2.51x
1152 x 7168 x 3072,0.041147,0.033633,1.22x
1152 x 7168 x 7168,0.080794,0.069236,1.17x
1152 x 7168 x 16384,0.168673,0.154049,1.09x
1152 x 16384 x 1536,0.050792,0.040559,1.25x
1152 x 65536 x 1536,0.134080,0.133144,1.01x
1216 x 768 x 7168,0.021991,0.020675,1.06x
1216 x 2048 x 7168,0.035297,0.034251,1.03x
1216 x 6144 x 7168,0.079511,0.071409,1.11x
1216 x 7168 x 384,0.013430,0.009970,1.35x
1216 x 7168 x 768,0.023806,0.013455,1.77x
1216 x 7168 x 3072,0.046804,0.033356,1.40x
1216 x 7168 x 7168,0.087052,0.072361,1.20x
1216 x 7168 x 16384,0.177303,0.154155,1.15x
1216 x 16384 x 1536,0.051370,0.040198,1.28x
1216 x 65536 x 1536,0.152201,0.140256,1.09x
1280 x 768 x 7168,0.021630,0.020424,1.06x
1280 x 2048 x 7168,0.035569,0.034348,1.04x
1280 x 6144 x 7168,0.077233,0.071723,1.08x
1280 x 7168 x 384,0.013877,0.010059,1.38x
1280 x 7168 x 768,0.046586,0.013685,3.40x
1280 x 7168 x 3072,0.047207,0.034870,1.35x
1280 x 7168 x 7168,0.087912,0.074856,1.17x
1280 x 7168 x 16384,0.178156,0.155392,1.15x
1280 x 16384 x 1536,0.052337,0.041264,1.27x
1280 x 65536 x 1536,0.152340,0.141464,1.08x
1344 x 768 x 7168,0.021676,0.020868,1.04x
1344 x 2048 x 7168,0.038793,0.034631,1.12x
1344 x 6144 x 7168,0.082298,0.072856,1.13x
1344 x 7168 x 384,0.014272,0.010069,1.42x
1344 x 7168 x 768,0.030661,0.013744,2.23x
1344 x 7168 x 3072,0.047364,0.034594,1.37x
1344 x 7168 x 7168,0.088038,0.078016,1.13x
1344 x 7168 x 16384,0.177456,0.158654,1.12x
1344 x 16384 x 1536,0.059405,0.043746,1.36x
1344 x 65536 x 1536,0.155321,0.155644,1.00x
1408 x 768 x 7168,0.028232,0.023857,1.18x
1408 x 2048 x 7168,0.041440,0.034897,1.19x
1408 x 6144 x 7168,0.087094,0.069524,1.25x
1408 x 7168 x 384,0.014647,0.010675,1.37x
1408 x 7168 x 768,0.019827,0.014450,1.37x
1408 x 7168 x 3072,0.048736,0.034727,1.40x
1408 x 7168 x 7168,0.089950,0.078522,1.15x
1408 x 7168 x 16384,0.179719,0.163623,1.10x
1408 x 16384 x 1536,0.059042,0.044713,1.32x
1408 x 65536 x 1536,0.173721,0.164139,1.06x
1472 x 768 x 7168,0.028592,0.024835,1.15x
1472 x 2048 x 7168,0.040883,0.036445,1.12x
1472 x 6144 x 7168,0.087286,0.074202,1.18x
1472 x 7168 x 384,0.015138,0.011578,1.31x
1472 x 7168 x 768,0.027282,0.016008,1.70x
1472 x 7168 x 3072,0.048554,0.037886,1.28x
1472 x 7168 x 7168,0.089656,0.082312,1.09x
1472 x 7168 x 16384,0.179508,0.170619,1.05x
1472 x 16384 x 1536,0.060505,0.045283,1.34x
1472 x 65536 x 1536,0.171561,0.166767,1.03x
1536 x 768 x 7168,0.028492,0.023947,1.19x
1536 x 2048 x 7168,0.040293,0.036057,1.12x
1536 x 6144 x 7168,0.087271,0.077011,1.13x
1536 x 7168 x 384,0.015796,0.011954,1.32x
1536 x 7168 x 768,0.028732,0.016299,1.76x
1536 x 7168 x 3072,0.048344,0.038517,1.26x
1536 x 7168 x 7168,0.089828,0.082337,1.09x
1536 x 7168 x 16384,0.180039,0.177919,1.01x
1536 x 16384 x 1536,0.060824,0.047350,1.28x
1536 x 65536 x 1536,0.175481,0.160703,1.09x
1600 x 768 x 7168,0.028954,0.025942,1.12x
1600 x 2048 x 7168,0.045345,0.039180,1.16x
1600 x 6144 x 7168,0.088225,0.075700,1.17x
1600 x 7168 x 384,0.016045,0.012248,1.31x
1600 x 7168 x 768,0.031831,0.016640,1.91x
1600 x 7168 x 3072,0.049505,0.038983,1.27x
1600 x 7168 x 7168,0.092480,0.084313,1.10x
1600 x 7168 x 16384,0.182663,0.173881,1.05x
1600 x 16384 x 1536,0.067055,0.050376,1.33x
1600 x 65536 x 1536,0.195621,0.188018,1.04x
1664 x 768 x 7168,0.028979,0.025444,1.14x
1664 x 2048 x 7168,0.045655,0.039793,1.15x
1664 x 6144 x 7168,0.088895,0.080903,1.10x
1664 x 7168 x 384,0.016451,0.012559,1.31x
1664 x 7168 x 768,0.028289,0.017137,1.65x
1664 x 7168 x 3072,0.049521,0.040551,1.22x
1664 x 7168 x 7168,0.091907,0.083464,1.10x
1664 x 7168 x 16384,0.183593,0.176062,1.04x
1664 x 16384 x 1536,0.070859,0.051859,1.37x
1664 x 65536 x 1536,0.196060,0.189872,1.03x
1728 x 768 x 7168,0.028886,0.025466,1.13x
1728 x 2048 x 7168,0.044391,0.040244,1.10x
1728 x 6144 x 7168,0.089560,0.081044,1.11x
1728 x 7168 x 384,0.016710,0.012690,1.32x
1728 x 7168 x 768,0.048679,0.017235,2.82x
1728 x 7168 x 3072,0.050137,0.040577,1.24x
1728 x 7168 x 7168,0.091838,0.086181,1.07x
1728 x 7168 x 16384,0.183714,0.182187,1.01x
1728 x 16384 x 1536,0.068674,0.052775,1.30x
1728 x 65536 x 1536,0.198061,0.193192,1.03x
1792 x 768 x 7168,0.029237,0.025466,1.15x
1792 x 2048 x 7168,0.045023,0.040440,1.11x
1792 x 6144 x 7168,0.090228,0.083596,1.08x
1792 x 7168 x 384,0.017443,0.013097,1.33x
1792 x 7168 x 768,0.042923,0.018929,2.27x
1792 x 7168 x 3072,0.064066,0.044183,1.45x
1792 x 7168 x 7168,0.127959,0.092590,1.38x
1792 x 7168 x 16384,0.273290,0.199470,1.37x
1792 x 16384 x 1536,0.072570,0.051828,1.40x
1792 x 65536 x 1536,0.216121,0.192884,1.12x
1856 x 768 x 7168,0.029523,0.025728,1.15x
1856 x 2048 x 7168,0.048019,0.040105,1.20x
1856 x 6144 x 7168,0.091119,0.082917,1.10x
1856 x 7168 x 384,0.017560,0.013668,1.28x
1856 x 7168 x 768,0.030342,0.018890,1.61x
1856 x 7168 x 3072,0.065421,0.046112,1.42x
1856 x 7168 x 7168,0.138895,0.094571,1.47x
1856 x 7168 x 16384,0.283672,0.195573,1.45x
1856 x 16384 x 1536,0.077014,0.054329,1.42x
1856 x 65536 x 1536,0.218161,0.210395,1.04x
1920 x 768 x 7168,0.029809,0.025707,1.16x
1920 x 2048 x 7168,0.048505,0.040782,1.19x
1920 x 6144 x 7168,0.090924,0.085533,1.06x
1920 x 7168 x 384,0.018607,0.013888,1.34x
1920 x 7168 x 768,0.051383,0.019038,2.70x
1920 x 7168 x 3072,0.066043,0.046424,1.42x
1920 x 7168 x 7168,0.137944,0.094432,1.46x
1920 x 7168 x 16384,0.287781,0.197135,1.46x
1920 x 16384 x 1536,0.078727,0.055149,1.43x
1920 x 65536 x 1536,0.217361,0.212845,1.02x
1984 x 768 x 7168,0.030046,0.026065,1.15x
1984 x 2048 x 7168,0.050371,0.039445,1.28x
1984 x 6144 x 7168,0.121812,0.091588,1.33x
1984 x 7168 x 384,0.019068,0.014659,1.30x
1984 x 7168 x 768,0.046727,0.019712,2.37x
1984 x 7168 x 3072,0.068937,0.045758,1.51x
1984 x 7168 x 7168,0.137517,0.094669,1.45x
1984 x 7168 x 16384,0.282128,0.205660,1.37x
1984 x 16384 x 1536,0.081509,0.055783,1.46x
1984 x 65536 x 1536,0.238581,0.219621,1.09x
2048 x 768 x 7168,0.030943,0.027431,1.13x
2048 x 2048 x 7168,0.042400,0.040278,1.05x
2048 x 6144 x 7168,0.121125,0.091166,1.33x
2048 x 7168 x 384,0.020428,0.014173,1.44x
2048 x 7168 x 768,0.039620,0.019601,2.02x
2048 x 7168 x 1024,0.031488,0.022314,1.41x
2048 x 7168 x 3072,0.061001,0.044611,1.37x
2048 x 7168 x 7168,0.140987,0.094484,1.49x
2048 x 7168 x 16384,0.288995,0.201075,1.44x
2048 x 16384 x 1536,0.086436,0.055542,1.56x
2048 x 65536 x 1536,0.238100,0.210675,1.13x
4096 x 768 x 7168,0.044856,0.040731,1.10x
4096 x 2048 x 7168,0.062000,0.078312,0.79x
4096 x 6144 x 7168,0.182362,0.177752,1.03x
4096 x 7168 x 384,0.035046,0.025684,1.36x
4096 x 7168 x 768,0.057894,0.034651,1.67x
4096 x 7168 x 1024,0.047981,0.039508,1.21x
4096 x 7168 x 3072,0.095321,0.086522,1.10x
4096 x 7168 x 7168,0.235850,0.181100,1.30x
4096 x 7168 x 16384,0.516216,0.383778,1.35x
4096 x 16384 x 1536,0.152689,0.104478,1.46x
4096 x 65536 x 1536,0.469500,0.422766,1.11x
6144 x 768 x 7168,0.061348,0.051587,1.19x
6144 x 2048 x 7168,0.095463,0.085919,1.11x
6144 x 6144 x 7168,0.261800,0.240432,1.09x
6144 x 7168 x 384,0.048160,0.036028,1.34x
6144 x 7168 x 768,0.082885,0.049106,1.69x
6144 x 7168 x 3072,0.129202,0.129190,1.00x
6144 x 7168 x 7168,0.339962,0.268922,1.26x
6144 x 7168 x 16384,0.700458,0.569717,1.23x
6144 x 16384 x 1536,0.217731,0.154060,1.41x
6144 x 65536 x 1536,0.665343,0.595506,1.12x
8192 x 768 x 7168,0.070150,0.060297,1.16x
8192 x 2048 x 7168,0.121600,0.100285,1.21x
8192 x 6144 x 7168,0.363774,0.274936,1.32x
8192 x 7168 x 384,0.062509,0.046625,1.34x
8192 x 7168 x 768,0.116028,0.065053,1.78x
8192 x 7168 x 1024,0.080853,0.075187,1.08x
8192 x 7168 x 3072,0.162602,0.169427,0.96x
8192 x 7168 x 7168,0.424775,0.360749,1.18x
8192 x 7168 x 16384,0.881646,0.765160,1.15x
8192 x 16384 x 1536,0.270985,0.200464,1.35x
8192 x 65536 x 1536,0.906700,0.823643,1.10x
10240 x 768 x 7168,0.076709,0.064379,1.19x
10240 x 2048 x 7168,0.176708,0.157543,1.12x
10240 x 6144 x 7168,0.450253,0.360194,1.25x
10240 x 7168 x 384,0.075356,0.057151,1.32x
10240 x 7168 x 768,0.141945,0.077462,1.83x
10240 x 7168 x 3072,0.194923,0.201366,0.97x
10240 x 7168 x 7168,0.513320,0.420798,1.22x
10240 x 7168 x 16384,1.072290,0.910035,1.18x
10240 x 16384 x 1536,0.336129,0.251837,1.33x
10240 x 65536 x 1536,1.131385,1.028016,1.10x
12288 x 768 x 7168,0.091860,0.082394,1.11x
12288 x 2048 x 7168,0.184032,0.163680,1.12x
12288 x 6144 x 7168,0.514181,0.437343,1.18x
12288 x 7168 x 384,0.088204,0.066443,1.33x
12288 x 7168 x 768,0.155499,0.088145,1.76x
12288 x 7168 x 3072,0.227083,0.230964,0.98x
12288 x 7168 x 7168,0.601052,0.482773,1.25x
12288 x 7168 x 16384,1.254503,1.030181,1.22x
12288 x 16384 x 1536,0.414685,0.301858,1.37x
12288 x 65536 x 1536,1.344368,1.230865,1.09x
14336 x 768 x 7168,0.094252,0.086209,1.09x
14336 x 2048 x 7168,0.186441,0.185443,1.01x
14336 x 6144 x 7168,0.602186,0.477178,1.26x
14336 x 7168 x 384,0.101959,0.077471,1.32x
14336 x 7168 x 768,0.179940,0.102325,1.76x
14336 x 7168 x 3072,0.278883,0.258479,1.08x
14336 x 7168 x 7168,0.693366,0.550883,1.26x
14336 x 7168 x 16384,1.448658,1.177175,1.23x
14336 x 16384 x 1536,0.458044,0.350848,1.31x
14336 x 65536 x 1536,1.522190,1.435140,1.06x
16384 x 768 x 7168,0.117318,0.101939,1.15x
16384 x 2048 x 7168,0.263664,0.190850,1.38x
16384 x 6144 x 7168,0.685740,0.550172,1.25x
16384 x 7168 x 384,0.114589,0.082426,1.39x
16384 x 7168 x 768,0.197261,0.113619,1.74x
16384 x 7168 x 1024,0.148274,0.130347,1.14x
16384 x 7168 x 3072,0.311484,0.300569,1.04x
16384 x 7168 x 7168,0.782470,0.638619,1.23x
16384 x 7168 x 16384,1.644687,1.357965,1.21x
16384 x 16384 x 1536,0.519468,0.400760,1.30x
16384 x 65536 x 1536,2.346834,2.030194,1.16x
20480 x 6144 x 7168,0.855825,0.678495,1.26x
20480 x 7168 x 768,0.235499,0.144345,1.63x
20480 x 7168 x 3072,0.507250,0.386710,1.31x
20480 x 7168 x 7168,0.977809,0.794040,1.23x
20480 x 7168 x 16384,2.090206,1.694581,1.23x
20480 x 16384 x 1536,0.645834,0.500854,1.29x
20480 x 65536 x 1536,2.945765,2.521806,1.17x
24576 x 6144 x 7168,1.029057,0.821472,1.25x
24576 x 7168 x 768,0.273970,0.170182,1.61x
24576 x 7168 x 3072,0.619349,0.437471,1.42x
24576 x 7168 x 7168,1.183293,0.926875,1.28x
24576 x 7168 x 16384,2.519763,1.971051,1.28x
24576 x 16384 x 1536,0.763445,0.601695,1.27x
24576 x 65536 x 1536,3.539359,3.029896,1.17x
28672 x 6144 x 7168,1.195328,0.934095,1.28x
28672 x 7168 x 768,0.331998,0.193217,1.72x
28672 x 7168 x 3072,0.732416,0.523839,1.40x
28672 x 7168 x 7168,1.374342,1.101874,1.25x
28672 x 7168 x 16384,2.949245,2.378819,1.24x
28672 x 16384 x 1536,1.048180,0.700162,1.50x
28672 x 65536 x 1536,4.134378,3.533961,1.17x
32768 x 768 x 7168,0.216586,0.191067,1.13x
32768 x 2048 x 7168,0.521694,0.375481,1.39x
32768 x 6144 x 7168,1.368124,1.060439,1.29x
32768 x 7168 x 384,0.219074,0.158703,1.38x
32768 x 7168 x 768,0.328729,0.223527,1.47x
32768 x 7168 x 1024,0.284514,0.258327,1.10x
32768 x 7168 x 3072,0.798894,0.588618,1.36x
32768 x 7168 x 7168,1.546214,1.240279,1.25x
32768 x 7168 x 16384,3.341566,2.650024,1.26x
32768 x 16384 x 1536,1.041910,0.795460,1.31x
32768 x 65536 x 1536,6.555454,4.052618,1.62x
40960 x 6144 x 7168,1.709468,1.302324,1.31x
40960 x 7168 x 768,0.429232,0.273350,1.57x
40960 x 7168 x 3072,1.004502,0.734943,1.37x
40960 x 7168 x 7168,1.915209,1.559548,1.23x
40960 x 7168 x 16384,4.182514,3.370711,1.24x
40960 x 16384 x 1536,1.521699,1.000727,1.52x
40960 x 65536 x 1536,8.297903,5.055561,1.64x
49152 x 6144 x 7168,2.053136,1.589405,1.29x
49152 x 7168 x 768,0.499868,0.323260,1.55x
49152 x 7168 x 3072,1.205168,0.867804,1.39x
49152 x 7168 x 7168,2.310829,1.868125,1.24x
49152 x 7168 x 16384,5.061232,4.018396,1.26x
49152 x 16384 x 1536,1.844383,1.198312,1.54x
49152 x 65536 x 1536,9.802438,6.044968,1.62x
57344 x 6144 x 7168,2.389455,1.843103,1.30x
57344 x 7168 x 768,0.574336,0.381147,1.51x
57344 x 7168 x 3072,1.394550,0.994853,1.40x
57344 x 7168 x 7168,2.679863,2.133882,1.26x
57344 x 7168 x 16384,5.898964,4.669365,1.26x
57344 x 16384 x 1536,2.162121,1.393692,1.55x
57344 x 65536 x 1536,11.610483,7.074175,1.64x
65536 x 6144 x 7168,2.727805,2.082675,1.31x
65536 x 7168 x 768,0.648456,0.437255,1.48x
65536 x 7168 x 3072,1.590656,1.151627,1.38x
65536 x 7168 x 7168,3.042004,2.439332,1.25x
65536 x 7168 x 16384,6.861889,5.326128,1.29x
65536 x 16384 x 1536,2.428313,1.908118,1.27x
65536 x 65536 x 1536,13.048629,8.074933,1.62x
