"Kind","Agent_Id","Queue_Id","Stream_Id","Thread_Id","Dispatch_Id","Kernel_Id","Kernel_Name","Correlation_Id","Start_Timestamp","End_Timestamp","LDS_Block_Size","Scratch_Size","VGPR_Count","Accum_VGPR_Count","SGPR_Count","Workgroup_Size_X","Workgroup_Size_Y","Workgroup_Size_Z","Grid_Size_X","Grid_Size_Y","Grid_Size_Z"
"KERNEL_DISPATCH","Agent 5",16,0,1462016,1,15,"void at::native::(anonymous namespace)::distribution_elementwise_grid_stride_kernel<float, 4, at::native::templates::cuda::uniform_and_transform<c10::Half, float, at::CUDAGeneratorImpl*, at::native::templates::cuda::uniform_kernel<at::CUDAGeneratorImpl*>(at::TensorIteratorBase&, double, double, at::CUDAGeneratorImpl*)::{lambda()#1}::operator()() const::{lambda()#3}::operator()() const::{lambda(float)#1}>(at::TensorIteratorBase&, at::CUDAGeneratorImpl*, at::native::templates::cuda::uniform_kernel<at::CUDAGeneratorImpl*>(at::TensorIteratorBase&, double, double, at::CUDAGeneratorImpl*)::{lambda()#1}::operator()() const::{lambda()#3}::operator()() const::{lambda(float)#1})::{lambda(hiprandStatePhilox4_32_10*)#2}, at::native::(anonymous namespace)::distribution_nullary_kernel<c10::Half, float, HIP_vector_type<float, 4u>, at::CUDAGeneratorImpl*, at::native::templates::cuda::uniform_and_transform<c10::Half, float, at::CUDAGeneratorImpl*, at::native::templates::cuda::uniform_kernel<at::CUDAGeneratorImpl*>(at::TensorIteratorBase&, double, double, at::CUDAGeneratorImpl*)::{lambda()#1}::operator()() const::{lambda()#3}::operator()() const::{lambda(float)#1}>(at::TensorIteratorBase&, at::CUDAGeneratorImpl*, at::native::templates::cuda::uniform_kernel<at::CUDAGeneratorImpl*>(at::TensorIteratorBase&, double, double, at::CUDAGeneratorImpl*)::{lambda()#1}::operator()() const::{lambda()#3}::operator()() const::{lambda(float)#1})::{lambda(hiprandStatePhilox4_32_10*)#2}, at::native::templates::cuda::uniform_kernel<at::CUDAGeneratorImpl*>(at::TensorIteratorBase&, double, double, at::CUDAGeneratorImpl*)::{lambda()#1}::operator()() const::{lambda()#3}::operator()() const::{lambda(float)#1}>(at::TensorIteratorBase&, at::CUDAGeneratorImpl*, at::native::templates::cuda::uniform_and_transform<c10::Half, float, at::CUDAGeneratorImpl*, at::native::templates::cuda::uniform_kernel<at::CUDAGeneratorImpl*>(at::TensorIteratorBase&, double, double, at::CUDAGeneratorImpl*)::{lambda()#1}::operator()() const::{lambda()#3}::operator()() const::{lambda(float)#1}>(at::TensorIteratorBase&, at::CUDAGeneratorImpl*, at::native::templates::cuda::uniform_kernel<at::CUDAGeneratorImpl*>(at::TensorIteratorBase&, double, double, at::CUDAGeneratorImpl*)::{lambda()#1}::operator()() const::{lambda()#3}::operator()() const::{lambda(float)#1})::{lambda(hiprandStatePhilox4_32_10*)#2} const&, at::native::templates::cuda::uniform_kernel<at::CUDAGeneratorImpl*>(at::TensorIteratorBase&, double, double, at::CUDAGeneratorImpl*)::{lambda()#1}::operator()() const::{lambda()#3}::operator()() const::{lambda(float)#1})::{lambda(int, float)#1}>(long, at::PhiloxCudaState, at::native::templates::cuda::uniform_and_transform<c10::Half, float, at::CUDAGeneratorImpl*, at::native::templates::cuda::uniform_kernel<at::CUDAGeneratorImpl*>(at::TensorIteratorBase&, double, double, at::CUDAGeneratorImpl*)::{lambda()#1}::operator()() const::{lambda()#3}::operator()() const::{lambda(float)#1}>(at::TensorIteratorBase&, at::CUDAGeneratorImpl*, at::native::templates::cuda::uniform_kernel<at::CUDAGeneratorImpl*>(at::TensorIteratorBase&, double, double, at::CUDAGeneratorImpl*)::{lambda()#1}::operator()() const::{lambda()#3}::operator()() const::{lambda(float)#1})::{lambda(hiprandStatePhilox4_32_10*)#2}, at::native::(anonymous namespace)::distribution_nullary_kernel<c10::Half, float, HIP_vector_type<float, 4u>, at::CUDAGeneratorImpl*, at::native::templates::cuda::uniform_and_transform<c10::Half, float, at::CUDAGeneratorImpl*, at::native::templates::cuda::uniform_kernel<at::CUDAGeneratorImpl*>(at::TensorIteratorBase&, double, double, at::CUDAGeneratorImpl*)::{lambda()#1}::operator()() const::{lambda()#3}::operator()() const::{lambda(float)#1}>(at::TensorIteratorBase&, at::CUDAGeneratorImpl*, at::native::templates::cuda::uniform_kernel<at::CUDAGeneratorImpl*>(at::TensorIteratorBase&, double, double, at::CUDAGeneratorImpl*)::{lambda()#1}::operator()() const::{lambda()#3}::operator()() const::{lambda(float)#1})::{lambda(hiprandStatePhilox4_32_10*)#2}, at::native::templates::cuda::uniform_kernel<at::CUDAGeneratorImpl*>(at::TensorIteratorBase&, double, double, at::CUDAGeneratorImpl*)::{lambda()#1}::operator()() const::{lambda()#3}::operator()() const::{lambda(float)#1}>(at::TensorIteratorBase&, at::CUDAGeneratorImpl*, at::native::templates::cuda::uniform_and_transform<c10::Half, float, at::CUDAGeneratorImpl*, at::native::templates::cuda::uniform_kernel<at::CUDAGeneratorImpl*>(at::TensorIteratorBase&, double, double, at::CUDAGeneratorImpl*)::{lambda()#1}::operator()() const::{lambda()#3}::operator()() const::{lambda(float)#1}>(at::TensorIteratorBase&, at::CUDAGeneratorImpl*, at::native::templates::cuda::uniform_kernel<at::CUDAGeneratorImpl*>(at::TensorIteratorBase&, double, double, at::CUDAGeneratorImpl*)::{lambda()#1}::operator()() const::{lambda()#3}::operator()() const::{lambda(float)#1})::{lambda(hiprandStatePhilox4_32_10*)#2} const&, at::native::templates::cuda::uniform_kernel<at::CUDAGeneratorImpl*>(at::TensorIteratorBase&, double, double, at::CUDAGeneratorImpl*)::{lambda()#1}::operator()() const::{lambda()#3}::operator()() const::{lambda(float)#1})::{lambda(int, float)#1})",1,3284290109657418,3284290109667098,0,0,28,0,48,256,1,1,524288,1,1
"KERNEL_DISPATCH","Agent 5",16,0,1462016,2,101,"void at::native::vectorized_elementwise_kernel<8, at::native::BUnaryFunctor<c10::Half, c10::Half, c10::Half, at::native::binary_internal::MulFunctor<float> >, std::array<char*, 2ul> >(int, at::native::BUnaryFunctor<c10::Half, c10::Half, c10::Half, at::native::binary_internal::MulFunctor<float> >, std::array<char*, 2ul>)",2,3284290122062953,3284290122068073,0,0,8,0,32,256,1,1,286720,1,1
"KERNEL_DISPATCH","Agent 5",16,0,1462016,3,441,"void at::native::vectorized_elementwise_kernel<8, at::native::float8_copy_kernel_cuda(at::TensorIteratorBase&)::{lambda(c10::Half)#1}, std::array<char*, 2ul> >(int, at::native::float8_copy_kernel_cuda(at::TensorIteratorBase&)::{lambda(c10::Half)#1}, std::array<char*, 2ul>)",3,3284290138857409,3284290138863329,0,0,20,0,32,256,1,1,143360,1,1
"KERNEL_DISPATCH","Agent 5",16,0,1462016,4,15,"void at::native::(anonymous namespace)::distribution_elementwise_grid_stride_kernel<float, 4, at::native::templates::cuda::uniform_and_transform<c10::Half, float, at::CUDAGeneratorImpl*, at::native::templates::cuda::uniform_kernel<at::CUDAGeneratorImpl*>(at::TensorIteratorBase&, double, double, at::CUDAGeneratorImpl*)::{lambda()#1}::operator()() const::{lambda()#3}::operator()() const::{lambda(float)#1}>(at::TensorIteratorBase&, at::CUDAGeneratorImpl*, at::native::templates::cuda::uniform_kernel<at::CUDAGeneratorImpl*>(at::TensorIteratorBase&, double, double, at::CUDAGeneratorImpl*)::{lambda()#1}::operator()() const::{lambda()#3}::operator()() const::{lambda(float)#1})::{lambda(hiprandStatePhilox4_32_10*)#2}, at::native::(anonymous namespace)::distribution_nullary_kernel<c10::Half, float, HIP_vector_type<float, 4u>, at::CUDAGeneratorImpl*, at::native::templates::cuda::uniform_and_transform<c10::Half, float, at::CUDAGeneratorImpl*, at::native::templates::cuda::uniform_kernel<at::CUDAGeneratorImpl*>(at::TensorIteratorBase&, double, double, at::CUDAGeneratorImpl*)::{lambda()#1}::operator()() const::{lambda()#3}::operator()() const::{lambda(float)#1}>(at::TensorIteratorBase&, at::CUDAGeneratorImpl*, at::native::templates::cuda::uniform_kernel<at::CUDAGeneratorImpl*>(at::TensorIteratorBase&, double, double, at::CUDAGeneratorImpl*)::{lambda()#1}::operator()() const::{lambda()#3}::operator()() const::{lambda(float)#1})::{lambda(hiprandStatePhilox4_32_10*)#2}, at::native::templates::cuda::uniform_kernel<at::CUDAGeneratorImpl*>(at::TensorIteratorBase&, double, double, at::CUDAGeneratorImpl*)::{lambda()#1}::operator()() const::{lambda()#3}::operator()() const::{lambda(float)#1}>(at::TensorIteratorBase&, at::CUDAGeneratorImpl*, at::native::templates::cuda::uniform_and_transform<c10::Half, float, at::CUDAGeneratorImpl*, at::native::templates::cuda::uniform_kernel<at::CUDAGeneratorImpl*>(at::TensorIteratorBase&, double, double, at::CUDAGeneratorImpl*)::{lambda()#1}::operator()() const::{lambda()#3}::operator()() const::{lambda(float)#1}>(at::TensorIteratorBase&, at::CUDAGeneratorImpl*, at::native::templates::cuda::uniform_kernel<at::CUDAGeneratorImpl*>(at::TensorIteratorBase&, double, double, at::CUDAGeneratorImpl*)::{lambda()#1}::operator()() const::{lambda()#3}::operator()() const::{lambda(float)#1})::{lambda(hiprandStatePhilox4_32_10*)#2} const&, at::native::templates::cuda::uniform_kernel<at::CUDAGeneratorImpl*>(at::TensorIteratorBase&, double, double, at::CUDAGeneratorImpl*)::{lambda()#1}::operator()() const::{lambda()#3}::operator()() const::{lambda(float)#1})::{lambda(int, float)#1}>(long, at::PhiloxCudaState, at::native::templates::cuda::uniform_and_transform<c10::Half, float, at::CUDAGeneratorImpl*, at::native::templates::cuda::uniform_kernel<at::CUDAGeneratorImpl*>(at::TensorIteratorBase&, double, double, at::CUDAGeneratorImpl*)::{lambda()#1}::operator()() const::{lambda()#3}::operator()() const::{lambda(float)#1}>(at::TensorIteratorBase&, at::CUDAGeneratorImpl*, at::native::templates::cuda::uniform_kernel<at::CUDAGeneratorImpl*>(at::TensorIteratorBase&, double, double, at::CUDAGeneratorImpl*)::{lambda()#1}::operator()() const::{lambda()#3}::operator()() const::{lambda(float)#1})::{lambda(hiprandStatePhilox4_32_10*)#2}, at::native::(anonymous namespace)::distribution_nullary_kernel<c10::Half, float, HIP_vector_type<float, 4u>, at::CUDAGeneratorImpl*, at::native::templates::cuda::uniform_and_transform<c10::Half, float, at::CUDAGeneratorImpl*, at::native::templates::cuda::uniform_kernel<at::CUDAGeneratorImpl*>(at::TensorIteratorBase&, double, double, at::CUDAGeneratorImpl*)::{lambda()#1}::operator()() const::{lambda()#3}::operator()() const::{lambda(float)#1}>(at::TensorIteratorBase&, at::CUDAGeneratorImpl*, at::native::templates::cuda::uniform_kernel<at::CUDAGeneratorImpl*>(at::TensorIteratorBase&, double, double, at::CUDAGeneratorImpl*)::{lambda()#1}::operator()() const::{lambda()#3}::operator()() const::{lambda(float)#1})::{lambda(hiprandStatePhilox4_32_10*)#2}, at::native::templates::cuda::uniform_kernel<at::CUDAGeneratorImpl*>(at::TensorIteratorBase&, double, double, at::CUDAGeneratorImpl*)::{lambda()#1}::operator()() const::{lambda()#3}::operator()() const::{lambda(float)#1}>(at::TensorIteratorBase&, at::CUDAGeneratorImpl*, at::native::templates::cuda::uniform_and_transform<c10::Half, float, at::CUDAGeneratorImpl*, at::native::templates::cuda::uniform_kernel<at::CUDAGeneratorImpl*>(at::TensorIteratorBase&, double, double, at::CUDAGeneratorImpl*)::{lambda()#1}::operator()() const::{lambda()#3}::operator()() const::{lambda(float)#1}>(at::TensorIteratorBase&, at::CUDAGeneratorImpl*, at::native::templates::cuda::uniform_kernel<at::CUDAGeneratorImpl*>(at::TensorIteratorBase&, double, double, at::CUDAGeneratorImpl*)::{lambda()#1}::operator()() const::{lambda()#3}::operator()() const::{lambda(float)#1})::{lambda(hiprandStatePhilox4_32_10*)#2} const&, at::native::templates::cuda::uniform_kernel<at::CUDAGeneratorImpl*>(at::TensorIteratorBase&, double, double, at::CUDAGeneratorImpl*)::{lambda()#1}::operator()() const::{lambda()#3}::operator()() const::{lambda(float)#1})::{lambda(int, float)#1})",4,3284290138997330,3284290139019890,0,0,28,0,48,256,1,1,524288,1,1
"KERNEL_DISPATCH","Agent 5",16,0,1462016,5,101,"void at::native::vectorized_elementwise_kernel<8, at::native::BUnaryFunctor<c10::Half, c10::Half, c10::Half, at::native::binary_internal::MulFunctor<float> >, std::array<char*, 2ul> >(int, at::native::BUnaryFunctor<c10::Half, c10::Half, c10::Half, at::native::binary_internal::MulFunctor<float> >, std::array<char*, 2ul>)",5,3284290139047530,3284290139058850,0,0,8,0,32,256,1,1,1835008,1,1
"KERNEL_DISPATCH","Agent 5",16,0,1462016,6,441,"void at::native::vectorized_elementwise_kernel<8, at::native::float8_copy_kernel_cuda(at::TensorIteratorBase&)::{lambda(c10::Half)#1}, std::array<char*, 2ul> >(int, at::native::float8_copy_kernel_cuda(at::TensorIteratorBase&)::{lambda(c10::Half)#1}, std::array<char*, 2ul>)",6,3284290139078570,3284290139089570,0,0,20,0,32,256,1,1,917504,1,1
"KERNEL_DISPATCH","Agent 5",16,0,1462016,7,616,"void at::native::(anonymous namespace)::distribution_elementwise_grid_stride_kernel<unsigned int, 4, at::native::templates::cuda::random_from_to_kernel<at::CUDAGeneratorImpl*>(at::TensorIteratorBase&, unsigned long, long, at::CUDAGeneratorImpl*)::{lambda()#1}::operator()() const::{lambda()#1}::operator()() const::{lambda(hiprandStatePhilox4_32_10*)#2}, at::native::(anonymous namespace)::distribution_nullary_kernel<unsigned char, unsigned int, HIP_vector_type<unsigned int, 4u>, at::CUDAGeneratorImpl*, at::native::templates::cuda::random_from_to_kernel<at::CUDAGeneratorImpl*>(at::TensorIteratorBase&, unsigned long, long, at::CUDAGeneratorImpl*)::{lambda()#1}::operator()() const::{lambda()#1}::operator()() const::{lambda(hiprandStatePhilox4_32_10*)#2}, at::native::templates::cuda::random_from_to_kernel<at::CUDAGeneratorImpl*>(at::TensorIteratorBase&, unsigned long, long, at::CUDAGeneratorImpl*)::{lambda()#1}::operator()() const::{lambda()#1}::operator()() const::{lambda(unsigned int)#1}>(at::TensorIteratorBase&, at::CUDAGeneratorImpl*, at::native::templates::cuda::random_from_to_kernel<at::CUDAGeneratorImpl*>(at::TensorIteratorBase&, unsigned long, long, at::CUDAGeneratorImpl*)::{lambda()#1}::operator()() const::{lambda()#1}::operator()() const::{lambda(hiprandStatePhilox4_32_10*)#2} const&, at::native::templates::cuda::random_from_to_kernel<at::CUDAGeneratorImpl*>(at::TensorIteratorBase&, unsigned long, long, at::CUDAGeneratorImpl*)::{lambda()#1}::operator()() const::{lambda()#1}::operator()() const::{lambda(unsigned int)#1})::{lambda(int, unsigned int)#1}>(long, at::PhiloxCudaState, at::native::templates::cuda::random_from_to_kernel<at::CUDAGeneratorImpl*>(at::TensorIteratorBase&, unsigned long, long, at::CUDAGeneratorImpl*)::{lambda()#1}::operator()() const::{lambda()#1}::operator()() const::{lambda(hiprandStatePhilox4_32_10*)#2}, at::native::(anonymous namespace)::distribution_nullary_kernel<unsigned char, unsigned int, HIP_vector_type<unsigned int, 4u>, at::CUDAGeneratorImpl*, at::native::templates::cuda::random_from_to_kernel<at::CUDAGeneratorImpl*>(at::TensorIteratorBase&, unsigned long, long, at::CUDAGeneratorImpl*)::{lambda()#1}::operator()() const::{lambda()#1}::operator()() const::{lambda(hiprandStatePhilox4_32_10*)#2}, at::native::templates::cuda::random_from_to_kernel<at::CUDAGeneratorImpl*>(at::TensorIteratorBase&, unsigned long, long, at::CUDAGeneratorImpl*)::{lambda()#1}::operator()() const::{lambda()#1}::operator()() const::{lambda(unsigned int)#1}>(at::TensorIteratorBase&, at::CUDAGeneratorImpl*, at::native::templates::cuda::random_from_to_kernel<at::CUDAGeneratorImpl*>(at::TensorIteratorBase&, unsigned long, long, at::CUDAGeneratorImpl*)::{lambda()#1}::operator()() const::{lambda()#1}::operator()() const::{lambda(hiprandStatePhilox4_32_10*)#2} const&, at::native::templates::cuda::random_from_to_kernel<at::CUDAGeneratorImpl*>(at::TensorIteratorBase&, unsigned long, long, at::CUDAGeneratorImpl*)::{lambda()#1}::operator()() const::{lambda()#1}::operator()() const::{lambda(unsigned int)#1})::{lambda(int, unsigned int)#1})",7,3284290149919645,3284290149924525,0,0,32,0,48,256,1,1,17920,1,1
"KERNEL_DISPATCH","Agent 5",16,0,1462016,8,616,"void at::native::(anonymous namespace)::distribution_elementwise_grid_stride_kernel<unsigned int, 4, at::native::templates::cuda::random_from_to_kernel<at::CUDAGeneratorImpl*>(at::TensorIteratorBase&, unsigned long, long, at::CUDAGeneratorImpl*)::{lambda()#1}::operator()() const::{lambda()#1}::operator()() const::{lambda(hiprandStatePhilox4_32_10*)#2}, at::native::(anonymous namespace)::distribution_nullary_kernel<unsigned char, unsigned int, HIP_vector_type<unsigned int, 4u>, at::CUDAGeneratorImpl*, at::native::templates::cuda::random_from_to_kernel<at::CUDAGeneratorImpl*>(at::TensorIteratorBase&, unsigned long, long, at::CUDAGeneratorImpl*)::{lambda()#1}::operator()() const::{lambda()#1}::operator()() const::{lambda(hiprandStatePhilox4_32_10*)#2}, at::native::templates::cuda::random_from_to_kernel<at::CUDAGeneratorImpl*>(at::TensorIteratorBase&, unsigned long, long, at::CUDAGeneratorImpl*)::{lambda()#1}::operator()() const::{lambda()#1}::operator()() const::{lambda(unsigned int)#1}>(at::TensorIteratorBase&, at::CUDAGeneratorImpl*, at::native::templates::cuda::random_from_to_kernel<at::CUDAGeneratorImpl*>(at::TensorIteratorBase&, unsigned long, long, at::CUDAGeneratorImpl*)::{lambda()#1}::operator()() const::{lambda()#1}::operator()() const::{lambda(hiprandStatePhilox4_32_10*)#2} const&, at::native::templates::cuda::random_from_to_kernel<at::CUDAGeneratorImpl*>(at::TensorIteratorBase&, unsigned long, long, at::CUDAGeneratorImpl*)::{lambda()#1}::operator()() const::{lambda()#1}::operator()() const::{lambda(unsigned int)#1})::{lambda(int, unsigned int)#1}>(long, at::PhiloxCudaState, at::native::templates::cuda::random_from_to_kernel<at::CUDAGeneratorImpl*>(at::TensorIteratorBase&, unsigned long, long, at::CUDAGeneratorImpl*)::{lambda()#1}::operator()() const::{lambda()#1}::operator()() const::{lambda(hiprandStatePhilox4_32_10*)#2}, at::native::(anonymous namespace)::distribution_nullary_kernel<unsigned char, unsigned int, HIP_vector_type<unsigned int, 4u>, at::CUDAGeneratorImpl*, at::native::templates::cuda::random_from_to_kernel<at::CUDAGeneratorImpl*>(at::TensorIteratorBase&, unsigned long, long, at::CUDAGeneratorImpl*)::{lambda()#1}::operator()() const::{lambda()#1}::operator()() const::{lambda(hiprandStatePhilox4_32_10*)#2}, at::native::templates::cuda::random_from_to_kernel<at::CUDAGeneratorImpl*>(at::TensorIteratorBase&, unsigned long, long, at::CUDAGeneratorImpl*)::{lambda()#1}::operator()() const::{lambda()#1}::operator()() const::{lambda(unsigned int)#1}>(at::TensorIteratorBase&, at::CUDAGeneratorImpl*, at::native::templates::cuda::random_from_to_kernel<at::CUDAGeneratorImpl*>(at::TensorIteratorBase&, unsigned long, long, at::CUDAGeneratorImpl*)::{lambda()#1}::operator()() const::{lambda()#1}::operator()() const::{lambda(hiprandStatePhilox4_32_10*)#2} const&, at::native::templates::cuda::random_from_to_kernel<at::CUDAGeneratorImpl*>(at::TensorIteratorBase&, unsigned long, long, at::CUDAGeneratorImpl*)::{lambda()#1}::operator()() const::{lambda()#1}::operator()() const::{lambda(unsigned int)#1})::{lambda(int, unsigned int)#1})",8,3284290150102166,3284290150105366,0,0,32,0,48,256,1,1,1024,1,1
"KERNEL_DISPATCH","Agent 5",16,0,1462016,9,427,"void at::native::elementwise_kernel_manual_unroll<128, 8, at::native::gpu_kernel_impl_nocast<at::native::float8_copy_kernel_cuda(at::TensorIteratorBase&)::{lambda(c10::Float8_e4m3fn)#1}>(at::TensorIteratorBase&, at::native::float8_copy_kernel_cuda(at::TensorIteratorBase&)::{lambda(c10::Float8_e4m3fn)#1} const&)::{lambda(int, bool)#1}>(int, at::native::gpu_kernel_impl_nocast<at::native::float8_copy_kernel_cuda(at::TensorIteratorBase&)::{lambda(c10::Float8_e4m3fn)#1}>(at::TensorIteratorBase&, at::native::float8_copy_kernel_cuda(at::TensorIteratorBase&)::{lambda(c10::Float8_e4m3fn)#1} const&)::{lambda(int, bool)#1})",9,3284290150219567,3284290150242247,0,0,20,0,64,128,1,1,1835008,1,1
"KERNEL_DISPATCH","Agent 5",16,0,1462016,10,629,"void at::native::(anonymous namespace)::distribution_elementwise_grid_stride_kernel<unsigned int, 4, at::native::templates::cuda::random_from_to_kernel<at::CUDAGeneratorImpl*>(at::TensorIteratorBase&, unsigned long, long, at::CUDAGeneratorImpl*)::{lambda()#1}::operator()() const::{lambda()#4}::operator()() const::{lambda(hiprandStatePhilox4_32_10*)#2}, at::native::(anonymous namespace)::distribution_nullary_kernel<long, unsigned int, HIP_vector_type<unsigned int, 4u>, at::CUDAGeneratorImpl*, at::native::templates::cuda::random_from_to_kernel<at::CUDAGeneratorImpl*>(at::TensorIteratorBase&, unsigned long, long, at::CUDAGeneratorImpl*)::{lambda()#1}::operator()() const::{lambda()#4}::operator()() const::{lambda(hiprandStatePhilox4_32_10*)#2}, at::native::templates::cuda::random_from_to_kernel<at::CUDAGeneratorImpl*>(at::TensorIteratorBase&, unsigned long, long, at::CUDAGeneratorImpl*)::{lambda()#1}::operator()() const::{lambda()#4}::operator()() const::{lambda(unsigned int)#1}>(at::TensorIteratorBase&, at::CUDAGeneratorImpl*, at::native::templates::cuda::random_from_to_kernel<at::CUDAGeneratorImpl*>(at::TensorIteratorBase&, unsigned long, long, at::CUDAGeneratorImpl*)::{lambda()#1}::operator()() const::{lambda()#4}::operator()() const::{lambda(hiprandStatePhilox4_32_10*)#2} const&, at::native::templates::cuda::random_from_to_kernel<at::CUDAGeneratorImpl*>(at::TensorIteratorBase&, unsigned long, long, at::CUDAGeneratorImpl*)::{lambda()#1}::operator()() const::{lambda()#4}::operator()() const::{lambda(unsigned int)#1})::{lambda(int, unsigned int)#1}>(long, at::PhiloxCudaState, at::native::templates::cuda::random_from_to_kernel<at::CUDAGeneratorImpl*>(at::TensorIteratorBase&, unsigned long, long, at::CUDAGeneratorImpl*)::{lambda()#1}::operator()() const::{lambda()#4}::operator()() const::{lambda(hiprandStatePhilox4_32_10*)#2}, at::native::(anonymous namespace)::distribution_nullary_kernel<long, unsigned int, HIP_vector_type<unsigned int, 4u>, at::CUDAGeneratorImpl*, at::native::templates::cuda::random_from_to_kernel<at::CUDAGeneratorImpl*>(at::TensorIteratorBase&, unsigned long, long, at::CUDAGeneratorImpl*)::{lambda()#1}::operator()() const::{lambda()#4}::operator()() const::{lambda(hiprandStatePhilox4_32_10*)#2}, at::native::templates::cuda::random_from_to_kernel<at::CUDAGeneratorImpl*>(at::TensorIteratorBase&, unsigned long, long, at::CUDAGeneratorImpl*)::{lambda()#1}::operator()() const::{lambda()#4}::operator()() const::{lambda(unsigned int)#1}>(at::TensorIteratorBase&, at::CUDAGeneratorImpl*, at::native::templates::cuda::random_from_to_kernel<at::CUDAGeneratorImpl*>(at::TensorIteratorBase&, unsigned long, long, at::CUDAGeneratorImpl*)::{lambda()#1}::operator()() const::{lambda()#4}::operator()() const::{lambda(hiprandStatePhilox4_32_10*)#2} const&, at::native::templates::cuda::random_from_to_kernel<at::CUDAGeneratorImpl*>(at::TensorIteratorBase&, unsigned long, long, at::CUDAGeneratorImpl*)::{lambda()#1}::operator()() const::{lambda()#4}::operator()() const::{lambda(unsigned int)#1})::{lambda(int, unsigned int)#1})",10,3284290150256727,3284290150268007,0,0,32,0,48,256,1,1,524288,1,1
"KERNEL_DISPATCH","Agent 5",16,0,1462016,11,512,"void at::native::elementwise_kernel_manual_unroll<128, 4, at::native::gpu_kernel_impl<at::native::direct_copy_kernel_cuda(at::TensorIteratorBase&)::{lambda()#3}::operator()() const::{lambda()#7}::operator()() const::{lambda(float)#1}>(at::TensorIteratorBase&, at::native::direct_copy_kernel_cuda(at::TensorIteratorBase&)::{lambda()#3}::operator()() const::{lambda()#7}::operator()() const::{lambda(float)#1} const&)::{lambda(int, bool)#1}>(int, at::native::gpu_kernel_impl<at::native::direct_copy_kernel_cuda(at::TensorIteratorBase&)::{lambda()#3}::operator()() const::{lambda()#7}::operator()() const::{lambda(float)#1}>(at::TensorIteratorBase&, at::native::direct_copy_kernel_cuda(at::TensorIteratorBase&)::{lambda()#3}::operator()() const::{lambda()#7}::operator()() const::{lambda(float)#1} const&)::{lambda(int, bool)#1})",11,3284290150275287,3284290150286287,0,0,8,0,64,128,1,1,573440,1,1
"KERNEL_DISPATCH","Agent 5",16,0,1462016,12,789,"void at::native::vectorized_elementwise_kernel<4, at::native::AUnaryFunctor<long, long, long, at::native::binary_internal::MulFunctor<long> >, std::array<char*, 2ul> >(int, at::native::AUnaryFunctor<long, long, long, at::native::binary_internal::MulFunctor<long> >, std::array<char*, 2ul>)",12,3284290161664256,3284290161673656,0,0,12,0,32,256,1,1,573440,1,1
"KERNEL_DISPATCH","Agent 5",16,0,1462016,13,992,"void at::native::vectorized_elementwise_kernel<4, at::native::CUDAFunctorOnSelf_add<long>, std::array<char*, 2ul> >(int, at::native::CUDAFunctorOnSelf_add<long>, std::array<char*, 2ul>)",13,3284290179784809,3284290179793809,0,0,8,0,32,256,1,1,573440,1,1
"KERNEL_DISPATCH","Agent 5",16,0,1462016,14,891,"void at::native::elementwise_kernel_manual_unroll<128, 4, at::native::gpu_kernel_impl<at::native::BinaryFunctor<float, float, float, at::native::binary_internal::MulFunctor<float> > >(at::TensorIteratorBase&, at::native::BinaryFunctor<float, float, float, at::native::binary_internal::MulFunctor<float> > const&)::{lambda(int, bool)#1}>(int, at::native::gpu_kernel_impl<at::native::BinaryFunctor<float, float, float, at::native::binary_internal::MulFunctor<float> > >(at::TensorIteratorBase&, at::native::BinaryFunctor<float, float, float, at::native::binary_internal::MulFunctor<float> > const&)::{lambda(int, bool)#1})",14,3284290179881928,3284290179900008,0,0,12,0,64,128,1,1,573440,1,1
"KERNEL_DISPATCH","Agent 5",16,0,1462016,15,402,"void at::native::vectorized_elementwise_kernel<4, at::native::float8_copy_kernel_cuda(at::TensorIteratorBase&)::{lambda(float)#1}, std::array<char*, 2ul> >(int, at::native::float8_copy_kernel_cuda(at::TensorIteratorBase&)::{lambda(float)#1}, std::array<char*, 2ul>)",15,3284290179936769,3284290179942290,0,0,20,0,32,256,1,1,143360,1,1
"KERNEL_DISPATCH","Agent 5",16,0,1462016,16,629,"void at::native::(anonymous namespace)::distribution_elementwise_grid_stride_kernel<unsigned int, 4, at::native::templates::cuda::random_from_to_kernel<at::CUDAGeneratorImpl*>(at::TensorIteratorBase&, unsigned long, long, at::CUDAGeneratorImpl*)::{lambda()#1}::operator()() const::{lambda()#4}::operator()() const::{lambda(hiprandStatePhilox4_32_10*)#2}, at::native::(anonymous namespace)::distribution_nullary_kernel<long, unsigned int, HIP_vector_type<unsigned int, 4u>, at::CUDAGeneratorImpl*, at::native::templates::cuda::random_from_to_kernel<at::CUDAGeneratorImpl*>(at::TensorIteratorBase&, unsigned long, long, at::CUDAGeneratorImpl*)::{lambda()#1}::operator()() const::{lambda()#4}::operator()() const::{lambda(hiprandStatePhilox4_32_10*)#2}, at::native::templates::cuda::random_from_to_kernel<at::CUDAGeneratorImpl*>(at::TensorIteratorBase&, unsigned long, long, at::CUDAGeneratorImpl*)::{lambda()#1}::operator()() const::{lambda()#4}::operator()() const::{lambda(unsigned int)#1}>(at::TensorIteratorBase&, at::CUDAGeneratorImpl*, at::native::templates::cuda::random_from_to_kernel<at::CUDAGeneratorImpl*>(at::TensorIteratorBase&, unsigned long, long, at::CUDAGeneratorImpl*)::{lambda()#1}::operator()() const::{lambda()#4}::operator()() const::{lambda(hiprandStatePhilox4_32_10*)#2} const&, at::native::templates::cuda::random_from_to_kernel<at::CUDAGeneratorImpl*>(at::TensorIteratorBase&, unsigned long, long, at::CUDAGeneratorImpl*)::{lambda()#1}::operator()() const::{lambda()#4}::operator()() const::{lambda(unsigned int)#1})::{lambda(int, unsigned int)#1}>(long, at::PhiloxCudaState, at::native::templates::cuda::random_from_to_kernel<at::CUDAGeneratorImpl*>(at::TensorIteratorBase&, unsigned long, long, at::CUDAGeneratorImpl*)::{lambda()#1}::operator()() const::{lambda()#4}::operator()() const::{lambda(hiprandStatePhilox4_32_10*)#2}, at::native::(anonymous namespace)::distribution_nullary_kernel<long, unsigned int, HIP_vector_type<unsigned int, 4u>, at::CUDAGeneratorImpl*, at::native::templates::cuda::random_from_to_kernel<at::CUDAGeneratorImpl*>(at::TensorIteratorBase&, unsigned long, long, at::CUDAGeneratorImpl*)::{lambda()#1}::operator()() const::{lambda()#4}::operator()() const::{lambda(hiprandStatePhilox4_32_10*)#2}, at::native::templates::cuda::random_from_to_kernel<at::CUDAGeneratorImpl*>(at::TensorIteratorBase&, unsigned long, long, at::CUDAGeneratorImpl*)::{lambda()#1}::operator()() const::{lambda()#4}::operator()() const::{lambda(unsigned int)#1}>(at::TensorIteratorBase&, at::CUDAGeneratorImpl*, at::native::templates::cuda::random_from_to_kernel<at::CUDAGeneratorImpl*>(at::TensorIteratorBase&, unsigned long, long, at::CUDAGeneratorImpl*)::{lambda()#1}::operator()() const::{lambda()#4}::operator()() const::{lambda(hiprandStatePhilox4_32_10*)#2} const&, at::native::templates::cuda::random_from_to_kernel<at::CUDAGeneratorImpl*>(at::TensorIteratorBase&, unsigned long, long, at::CUDAGeneratorImpl*)::{lambda()#1}::operator()() const::{lambda()#4}::operator()() const::{lambda(unsigned int)#1})::{lambda(int, unsigned int)#1})",16,3284290180056170,3284290180084690,0,0,32,0,48,256,1,1,524288,1,1
"KERNEL_DISPATCH","Agent 5",16,0,1462016,17,512,"void at::native::elementwise_kernel_manual_unroll<128, 4, at::native::gpu_kernel_impl<at::native::direct_copy_kernel_cuda(at::TensorIteratorBase&)::{lambda()#3}::operator()() const::{lambda()#7}::operator()() const::{lambda(float)#1}>(at::TensorIteratorBase&, at::native::direct_copy_kernel_cuda(at::TensorIteratorBase&)::{lambda()#3}::operator()() const::{lambda()#7}::operator()() const::{lambda(float)#1} const&)::{lambda(int, bool)#1}>(int, at::native::gpu_kernel_impl<at::native::direct_copy_kernel_cuda(at::TensorIteratorBase&)::{lambda()#3}::operator()() const::{lambda()#7}::operator()() const::{lambda(float)#1}>(at::TensorIteratorBase&, at::native::direct_copy_kernel_cuda(at::TensorIteratorBase&)::{lambda()#3}::operator()() const::{lambda()#7}::operator()() const::{lambda(float)#1} const&)::{lambda(int, bool)#1})",17,3284290180090051,3284290180122691,0,0,8,0,64,128,1,1,3670016,1,1
"KERNEL_DISPATCH","Agent 5",16,0,1462016,18,789,"void at::native::vectorized_elementwise_kernel<4, at::native::AUnaryFunctor<long, long, long, at::native::binary_internal::MulFunctor<long> >, std::array<char*, 2ul> >(int, at::native::AUnaryFunctor<long, long, long, at::native::binary_internal::MulFunctor<long> >, std::array<char*, 2ul>)",18,3284290180138331,3284290180177851,0,0,12,0,32,256,1,1,3670016,1,1
"KERNEL_DISPATCH","Agent 5",16,0,1462016,19,992,"void at::native::vectorized_elementwise_kernel<4, at::native::CUDAFunctorOnSelf_add<long>, std::array<char*, 2ul> >(int, at::native::CUDAFunctorOnSelf_add<long>, std::array<char*, 2ul>)",19,3284290180177851,3284290180217771,0,0,8,0,32,256,1,1,3670016,1,1
"KERNEL_DISPATCH","Agent 5",16,0,1462016,20,891,"void at::native::elementwise_kernel_manual_unroll<128, 4, at::native::gpu_kernel_impl<at::native::BinaryFunctor<float, float, float, at::native::binary_internal::MulFunctor<float> > >(at::TensorIteratorBase&, at::native::BinaryFunctor<float, float, float, at::native::binary_internal::MulFunctor<float> > const&)::{lambda(int, bool)#1}>(int, at::native::gpu_kernel_impl<at::native::BinaryFunctor<float, float, float, at::native::binary_internal::MulFunctor<float> > >(at::TensorIteratorBase&, at::native::BinaryFunctor<float, float, float, at::native::binary_internal::MulFunctor<float> > const&)::{lambda(int, bool)#1})",20,3284290180217771,3284290180269772,0,0,12,0,64,128,1,1,3670016,1,1
"KERNEL_DISPATCH","Agent 5",16,0,1462016,21,402,"void at::native::vectorized_elementwise_kernel<4, at::native::float8_copy_kernel_cuda(at::TensorIteratorBase&)::{lambda(float)#1}, std::array<char*, 2ul> >(int, at::native::float8_copy_kernel_cuda(at::TensorIteratorBase&)::{lambda(float)#1}, std::array<char*, 2ul>)",21,3284290180269772,3284290180282172,0,0,20,0,32,256,1,1,917504,1,1
"KERNEL_DISPATCH","Agent 5",16,0,1462016,22,427,"void at::native::elementwise_kernel_manual_unroll<128, 8, at::native::gpu_kernel_impl_nocast<at::native::float8_copy_kernel_cuda(at::TensorIteratorBase&)::{lambda(c10::Float8_e4m3fn)#1}>(at::TensorIteratorBase&, at::native::float8_copy_kernel_cuda(at::TensorIteratorBase&)::{lambda(c10::Float8_e4m3fn)#1} const&)::{lambda(int, bool)#1}>(int, at::native::gpu_kernel_impl_nocast<at::native::float8_copy_kernel_cuda(at::TensorIteratorBase&)::{lambda(c10::Float8_e4m3fn)#1}>(at::TensorIteratorBase&, at::native::float8_copy_kernel_cuda(at::TensorIteratorBase&)::{lambda(c10::Float8_e4m3fn)#1} const&)::{lambda(int, bool)#1})",22,3284290180282172,3284290180302412,0,0,20,0,64,128,1,1,1835008,1,1
"KERNEL_DISPATCH","Agent 5",16,0,1462016,23,1372,"void at::native::vectorized_elementwise_kernel<8, at::native::FillFunctor<c10::BFloat16>, std::array<char*, 1ul> >(int, at::native::FillFunctor<c10::BFloat16>, std::array<char*, 1ul>)",23,3284290187501042,3284290187505002,0,0,4,0,16,256,1,1,82176,1,1
"KERNEL_DISPATCH","Agent 5",16,0,1462016,24,1258,"void at::native::vectorized_elementwise_kernel<4, at::native::FillFunctor<float>, std::array<char*, 1ul> >(int, at::native::FillFunctor<float>, std::array<char*, 1ul>)",24,3284290187611323,3284290187617003,0,0,4,0,16,256,1,1,655616,1,1
"KERNEL_DISPATCH","Agent 5",16,0,1462016,25,1402,"void gemm_a8w8_mxfp8_scale_small_lds_kernel<opus_gemm_mxscale_bpreshuffle_fine_traits_gfx950<80, 1, 4, 4, 1, 4, 16, 128, 2, 0> >(opus_gemm_mxscale_bpreshuffle_kargs_gfx950)",25,3284290198103656,3284290198119816,0,0,44,0,80,256,1,1,4096,4,4
"KERNEL_DISPATCH","Agent 5",16,0,1462016,26,1393,"void opus_gemm_mxscale_bpreshuffle_reduce_kernel<4, 16, 128>(float const*, bool _Accum*)",26,3284290198119816,3284290198124296,0,0,32,0,32,128,1,1,40960,1,1
"KERNEL_DISPATCH","Agent 5",16,0,1462016,27,1402,"void gemm_a8w8_mxfp8_scale_small_lds_kernel<opus_gemm_mxscale_bpreshuffle_fine_traits_gfx950<80, 1, 4, 4, 1, 4, 16, 128, 2, 0> >(opus_gemm_mxscale_bpreshuffle_kargs_gfx950)",27,3284290201182878,3284290201197638,0,0,44,0,80,256,1,1,4096,4,4
"KERNEL_DISPATCH","Agent 5",16,0,1462016,28,1393,"void opus_gemm_mxscale_bpreshuffle_reduce_kernel<4, 16, 128>(float const*, bool _Accum*)",28,3284290201197638,3284290201201678,0,0,32,0,32,128,1,1,40960,1,1
"KERNEL_DISPATCH","Agent 5",16,0,1462016,29,1402,"void gemm_a8w8_mxfp8_scale_small_lds_kernel<opus_gemm_mxscale_bpreshuffle_fine_traits_gfx950<80, 1, 4, 4, 1, 4, 16, 128, 2, 0> >(opus_gemm_mxscale_bpreshuffle_kargs_gfx950)",29,3284290201223718,3284290201237998,0,0,44,0,80,256,1,1,4096,4,4
"KERNEL_DISPATCH","Agent 5",16,0,1462016,30,1393,"void opus_gemm_mxscale_bpreshuffle_reduce_kernel<4, 16, 128>(float const*, bool _Accum*)",30,3284290201237998,3284290201242038,0,0,32,0,32,128,1,1,40960,1,1
"KERNEL_DISPATCH","Agent 5",16,0,1462016,31,1402,"void gemm_a8w8_mxfp8_scale_small_lds_kernel<opus_gemm_mxscale_bpreshuffle_fine_traits_gfx950<80, 1, 4, 4, 1, 4, 16, 128, 2, 0> >(opus_gemm_mxscale_bpreshuffle_kargs_gfx950)",31,3284290201262358,3284290201276638,0,0,44,0,80,256,1,1,4096,4,4
"KERNEL_DISPATCH","Agent 5",16,0,1462016,32,1393,"void opus_gemm_mxscale_bpreshuffle_reduce_kernel<4, 16, 128>(float const*, bool _Accum*)",32,3284290201276638,3284290201280518,0,0,32,0,32,128,1,1,40960,1,1
"KERNEL_DISPATCH","Agent 5",16,0,1462016,33,1402,"void gemm_a8w8_mxfp8_scale_small_lds_kernel<opus_gemm_mxscale_bpreshuffle_fine_traits_gfx950<80, 1, 4, 4, 1, 4, 16, 128, 2, 0> >(opus_gemm_mxscale_bpreshuffle_kargs_gfx950)",33,3284290201530240,3284290201545000,0,0,44,0,80,256,1,1,4096,4,4
"KERNEL_DISPATCH","Agent 5",16,0,1462016,34,1393,"void opus_gemm_mxscale_bpreshuffle_reduce_kernel<4, 16, 128>(float const*, bool _Accum*)",34,3284290201544971,3284290201549051,0,0,32,0,32,128,1,1,40960,1,1
"KERNEL_DISPATCH","Agent 5",16,0,1462016,35,1402,"void gemm_a8w8_mxfp8_scale_small_lds_kernel<opus_gemm_mxscale_bpreshuffle_fine_traits_gfx950<80, 1, 4, 4, 1, 4, 16, 128, 2, 0> >(opus_gemm_mxscale_bpreshuffle_kargs_gfx950)",35,3284290201701321,3284290201714321,0,0,44,0,80,256,1,1,4096,4,4
"KERNEL_DISPATCH","Agent 5",16,0,1462016,39,1402,"void gemm_a8w8_mxfp8_scale_small_lds_kernel<opus_gemm_mxscale_bpreshuffle_fine_traits_gfx950<80, 1, 4, 4, 1, 4, 16, 128, 2, 0> >(opus_gemm_mxscale_bpreshuffle_kargs_gfx950)",39,3284290201750882,3284290201763642,0,0,44,0,80,256,1,1,4096,4,4
"KERNEL_DISPATCH","Agent 5",16,0,1462016,38,1393,"void opus_gemm_mxscale_bpreshuffle_reduce_kernel<4, 16, 128>(float const*, bool _Accum*)",38,3284290201746402,3284290201750882,0,0,32,0,32,128,1,1,40960,1,1
"KERNEL_DISPATCH","Agent 5",16,0,1462016,37,1402,"void gemm_a8w8_mxfp8_scale_small_lds_kernel<opus_gemm_mxscale_bpreshuffle_fine_traits_gfx950<80, 1, 4, 4, 1, 4, 16, 128, 2, 0> >(opus_gemm_mxscale_bpreshuffle_kargs_gfx950)",37,3284290201732562,3284290201746402,0,0,44,0,80,256,1,1,4096,4,4
"KERNEL_DISPATCH","Agent 5",16,0,1462016,36,1393,"void opus_gemm_mxscale_bpreshuffle_reduce_kernel<4, 16, 128>(float const*, bool _Accum*)",36,3284290201728042,3284290201732562,0,0,32,0,32,128,1,1,40960,1,1
"KERNEL_DISPATCH","Agent 5",16,0,1462016,40,1393,"void opus_gemm_mxscale_bpreshuffle_reduce_kernel<4, 16, 128>(float const*, bool _Accum*)",40,3284290201763642,3284290201768082,0,0,32,0,32,128,1,1,40960,1,1
"KERNEL_DISPATCH","Agent 5",16,0,1462016,56,1393,"void opus_gemm_mxscale_bpreshuffle_reduce_kernel<4, 16, 128>(float const*, bool _Accum*)",56,3284290202239325,3284290202244285,0,0,32,0,32,128,1,1,40960,1,1
"KERNEL_DISPATCH","Agent 5",16,0,1462016,55,1402,"void gemm_a8w8_mxfp8_scale_small_lds_kernel<opus_gemm_mxscale_bpreshuffle_fine_traits_gfx950<80, 1, 4, 4, 1, 4, 16, 128, 2, 0> >(opus_gemm_mxscale_bpreshuffle_kargs_gfx950)",55,3284290202181445,3284290202195645,0,0,44,0,80,256,1,1,4096,4,4
"KERNEL_DISPATCH","Agent 5",16,0,1462016,54,1393,"void opus_gemm_mxscale_bpreshuffle_reduce_kernel<4, 16, 128>(float const*, bool _Accum*)",54,3284290202104804,3284290202109804,0,0,32,0,32,128,1,1,40960,1,1
"KERNEL_DISPATCH","Agent 5",16,0,1462016,53,1402,"void gemm_a8w8_mxfp8_scale_small_lds_kernel<opus_gemm_mxscale_bpreshuffle_fine_traits_gfx950<80, 1, 4, 4, 1, 4, 16, 128, 2, 0> >(opus_gemm_mxscale_bpreshuffle_kargs_gfx950)",53,3284290202046364,3284290202060564,0,0,44,0,80,256,1,1,4096,4,4
"KERNEL_DISPATCH","Agent 5",16,0,1462016,52,1393,"void opus_gemm_mxscale_bpreshuffle_reduce_kernel<4, 16, 128>(float const*, bool _Accum*)",52,3284290201968243,3284290201973243,0,0,32,0,32,128,1,1,40960,1,1
"KERNEL_DISPATCH","Agent 5",16,0,1462016,51,1402,"void gemm_a8w8_mxfp8_scale_small_lds_kernel<opus_gemm_mxscale_bpreshuffle_fine_traits_gfx950<80, 1, 4, 4, 1, 4, 16, 128, 2, 0> >(opus_gemm_mxscale_bpreshuffle_kargs_gfx950)",51,3284290201902883,3284290201923043,0,0,44,0,80,256,1,1,4096,4,4
"KERNEL_DISPATCH","Agent 5",16,0,1462016,50,1393,"void opus_gemm_mxscale_bpreshuffle_reduce_kernel<4, 16, 128>(float const*, bool _Accum*)",50,3284290201893123,3284290201896963,0,0,32,0,32,128,1,1,40960,1,1
"KERNEL_DISPATCH","Agent 5",16,0,1462016,49,1402,"void gemm_a8w8_mxfp8_scale_small_lds_kernel<opus_gemm_mxscale_bpreshuffle_fine_traits_gfx950<80, 1, 4, 4, 1, 4, 16, 128, 2, 0> >(opus_gemm_mxscale_bpreshuffle_kargs_gfx950)",49,3284290201877283,3284290201893123,0,0,44,0,80,256,1,1,4096,4,4
"KERNEL_DISPATCH","Agent 5",16,0,1462016,48,1393,"void opus_gemm_mxscale_bpreshuffle_reduce_kernel<4, 16, 128>(float const*, bool _Accum*)",48,3284290201861522,3284290201865403,0,0,32,0,32,128,1,1,40960,1,1
"KERNEL_DISPATCH","Agent 5",16,0,1462016,47,1402,"void gemm_a8w8_mxfp8_scale_small_lds_kernel<opus_gemm_mxscale_bpreshuffle_fine_traits_gfx950<80, 1, 4, 4, 1, 4, 16, 128, 2, 0> >(opus_gemm_mxscale_bpreshuffle_kargs_gfx950)",47,3284290201847722,3284290201861522,0,0,44,0,80,256,1,1,4096,4,4
"KERNEL_DISPATCH","Agent 5",16,0,1462016,46,1393,"void opus_gemm_mxscale_bpreshuffle_reduce_kernel<4, 16, 128>(float const*, bool _Accum*)",46,3284290201834122,3284290201838002,0,0,32,0,32,128,1,1,40960,1,1
"KERNEL_DISPATCH","Agent 5",16,0,1462016,45,1402,"void gemm_a8w8_mxfp8_scale_small_lds_kernel<opus_gemm_mxscale_bpreshuffle_fine_traits_gfx950<80, 1, 4, 4, 1, 4, 16, 128, 2, 0> >(opus_gemm_mxscale_bpreshuffle_kargs_gfx950)",45,3284290201820162,3284290201834122,0,0,44,0,80,256,1,1,4096,4,4
"KERNEL_DISPATCH","Agent 5",16,0,1462016,44,1393,"void opus_gemm_mxscale_bpreshuffle_reduce_kernel<4, 16, 128>(float const*, bool _Accum*)",44,3284290201803242,3284290201807122,0,0,32,0,32,128,1,1,40960,1,1
"KERNEL_DISPATCH","Agent 5",16,0,1462016,43,1402,"void gemm_a8w8_mxfp8_scale_small_lds_kernel<opus_gemm_mxscale_bpreshuffle_fine_traits_gfx950<80, 1, 4, 4, 1, 4, 16, 128, 2, 0> >(opus_gemm_mxscale_bpreshuffle_kargs_gfx950)",43,3284290201789562,3284290201803242,0,0,44,0,80,256,1,1,4096,4,4
"KERNEL_DISPATCH","Agent 5",16,0,1462016,42,1393,"void opus_gemm_mxscale_bpreshuffle_reduce_kernel<4, 16, 128>(float const*, bool _Accum*)",42,3284290201780842,3284290201784722,0,0,32,0,32,128,1,1,40960,1,1
"KERNEL_DISPATCH","Agent 5",16,0,1462016,41,1402,"void gemm_a8w8_mxfp8_scale_small_lds_kernel<opus_gemm_mxscale_bpreshuffle_fine_traits_gfx950<80, 1, 4, 4, 1, 4, 16, 128, 2, 0> >(opus_gemm_mxscale_bpreshuffle_kargs_gfx950)",41,3284290201768082,3284290201780842,0,0,44,0,80,256,1,1,4096,4,4
