kid,default_tuning,parent,name,dispatch
9000,True,9000,opus_gemm_gfx950_a8w8_mxscale_gemm_bpreshuffle_256x256x256x128_2x2_16x16x128_1x128x128_tiles1_nooob,[]
9010,True,9010,opus_gemm_gfx950_a8w8_mxscale_gemm_bpreshuffle_256x256x256x128_2x2_16x16x128_1x128x128_tiles1,[]
9020,True,9020,opus_gemm_gfx950_a8w8_mxscale_gemm_bpreshuffle_512x192x256x128_4x2_16x16x128_1x128x128_tiles1_main,[]
9021,True,9021,opus_gemm_gfx950_a8w8_mxscale_gemm_bpreshuffle_256x128x128x128_2x2_16x16x128_1x128x128_tiles1_small,[]
9022,True,9022,opus_gemm_gfx950_a8w8_mxscale_gemm_bpreshuffle_256x160x128x128_2x2_16x16x128_1x128x128_tiles1_small,[]
9023,True,9023,opus_gemm_gfx950_a8w8_mxscale_gemm_bpreshuffle_256x64x128x128_2x2_16x16x128_1x128x128_tiles1_narrow,[]
9024,True,9024,opus_gemm_gfx950_a8w8_mxscale_gemm_bpreshuffle_256x64x64x128_2x2_16x16x128_1x128x128_tiles1_narrow,[]
9030,True,9030,opus_gemm_gfx950_a8w8_mxscale_gemm_bpreshuffle_512x192x256x128_4x2_16x16x128_1x128x128_tiles1,[]
9040,True,9040,opus_gemm_gfx950_a8w8_mxscale_gemm_bpreshuffle_64x16x32x128_1x1_16x16x128_1x128x128_tiles1_small_register,[]
9041,True,9041,opus_gemm_gfx950_a8w8_mxscale_gemm_bpreshuffle_512x16x16x128_1x1_16x16x128_1x128x128_tiles1_small_register,"[[""k >= 8192 || (k >= 4096 && ((m + 15) / 16) * (n / 16) < 256)"", 9050]]"
9042,True,9042,opus_gemm_gfx950_a8w8_mxscale_gemm_bpreshuffle_256x32x32x128_1x1_16x16x128_1x128x128_tiles1_small_register,"[[""k == 7168 && ((m + 15) / 16) * ((n + 47) / 48) <= 256"", 9071], [""k == 7168"", 9073]]"
9043,True,9043,opus_gemm_gfx950_a8w8_mxscale_gemm_bpreshuffle_256x32x64x128_1x4_16x16x128_1x128x128_tiles1_small_lds,[]
9044,True,9044,opus_gemm_gfx950_a8w8_mxscale_gemm_bpreshuffle_256x64x64x128_2x2_16x16x128_1x128x128_tiles1_small_lds,"[[""k >= 1536 && ((m + 63) / 64) * (n / 64) <= 256"", 9056]]"
9045,True,9045,opus_gemm_gfx950_a8w8_mxscale_gemm_bpreshuffle_256x96x64x128_2x2_16x16x128_1x128x128_tiles1_small_lds,[]
9046,True,9046,opus_gemm_gfx950_a8w8_mxscale_gemm_bpreshuffle_512x64x128x128_4x2_16x16x128_1x128x128_tiles1_small_lds,[]
9047,True,9047,opus_gemm_gfx950_a8w8_mxscale_gemm_bpreshuffle_256x32x64x128_2x2_16x16x128_1x128x128_tiles1_small_regscale,[]
9048,False,9047,opus_gemm_gfx950_a8w8_mxscale_gemm_bpreshuffle_256x32x64x128_2x2_16x16x128_1x128x128_tiles1_small_regscale_xor,[]
9049,True,9049,opus_gemm_gfx950_a8w8_mxscale_gemm_bpreshuffle_256x32x128x128_2x2_16x16x128_1x128x128_tiles1_small_regscale_xor,[]
9050,False,9041,opus_gemm_gfx950_a8w8_mxscale_gemm_bpreshuffle_512x16x16x128_1x1_16x16x128_1x128x128_tiles1_small_register_prefetch,[]
9051,True,9051,opus_gemm_gfx950_a8w8_mxscale_gemm_bpreshuffle_256x16x32x128_1x1_16x16x128_1x128x128_tiles1_small_register_prefetch,[]
9052,True,9052,opus_gemm_gfx950_a8w8_mxscale_gemm_bpreshuffle_512x16x32x128_1x1_16x16x128_1x128x128_tiles1_small_register_wavek,"[[""k == 7168"", 9070]]"
9053,True,9053,opus_gemm_gfx950_a8w8_mxscale_gemm_bpreshuffle_512x32x32x128_1x1_16x16x128_1x128x128_tiles1_small_register_wavek,"[[""k == 7168"", 9072]]"
9054,True,9054,opus_gemm_gfx950_a8w8_mxscale_gemm_bpreshuffle_256x32x64x128_1x1_16x16x128_1x128x128_tiles1_small_register_wavek,[]
9055,True,9055,opus_gemm_gfx950_a8w8_mxscale_gemm_bpreshuffle_256x32x64x128_1x4_16x16x128_1x128x128_tiles1_small_lds_deep,[]
9056,False,9044,opus_gemm_gfx950_a8w8_mxscale_gemm_bpreshuffle_256x64x64x128_2x2_16x16x128_1x128x128_tiles1_small_lds_deep,[]
9060,True,9060,opus_gemm_gfx950_a8w8_mxscale_gemm_bpreshuffle_256x80x128x128_1x4_16x16x128_1x128x128_tiles1_fine_lds_s4_c1_sk1_v4b128,[]
9061,True,9061,opus_gemm_gfx950_a8w8_mxscale_gemm_bpreshuffle_512x96x128x128_2x4_16x16x128_1x128x128_tiles1_fine_lds_s4_c1_sk1_v4b128,[]
9062,True,9062,opus_gemm_gfx950_a8w8_mxscale_gemm_bpreshuffle_256x80x128x128_1x4_16x16x128_1x128x128_tiles1_fine_lds_s4_c1_sk2_v4b128,"[[""(m + 95) / 96 < (m + 79) / 80"", 9064]]"
9063,True,9063,opus_gemm_gfx950_a8w8_mxscale_gemm_bpreshuffle_256x80x128x128_1x4_16x16x128_1x128x128_tiles1_fine_lds_s4_c1_sk4_v16b128,"[[""k >= 8192 && m <= 48"", 9069], [""k >= 8192 && m > 80 && m <= 96"", 9066], [""k >= 8192 && m > 96 && m <= 112"", 9068], [""k >= 8192 && m > 112 && m <= 128"", 9067], [""!(k >= 8192 && m <= 128) && ((m + 79) / 80) * (n / 128) * 4 > 256"", 9065]]"
9064,False,9062,opus_gemm_gfx950_a8w8_mxscale_gemm_bpreshuffle_512x96x128x128_2x4_16x16x128_1x128x128_tiles1_fine_lds_s4_c1_sk2_v16b128,[]
9065,False,9063,opus_gemm_gfx950_a8w8_mxscale_gemm_bpreshuffle_512x96x128x128_2x4_16x16x128_1x128x128_tiles1_fine_lds_s4_c1_sk4_v16b128,[]
9066,False,9063,opus_gemm_gfx950_a8w8_mxscale_gemm_bpreshuffle_256x96x128x128_2x2_16x16x128_1x128x128_tiles1_fine_lds_s4_c1_sk4_v16b64,[]
9067,False,9063,opus_gemm_gfx950_a8w8_mxscale_gemm_bpreshuffle_256x128x128x128_2x2_16x16x128_1x128x128_tiles1_fine_lds_s4_c1_sk4_v4b128,[]
9068,False,9063,opus_gemm_gfx950_a8w8_mxscale_gemm_bpreshuffle_256x112x128x128_1x4_16x16x128_1x128x128_tiles1_fine_lds_s4_c1_sk4_v4b128,[]
9069,False,9063,opus_gemm_gfx950_a8w8_mxscale_gemm_bpreshuffle_256x48x128x128_1x4_16x16x128_1x128x128_tiles1_fine_lds_s4_c1_sk4_v4b128,[]
9070,False,9052,opus_gemm_gfx950_a8w8_mxscale_gemm_bpreshuffle_512x16x32x128_1x1_16x16x128_1x128x128_tiles1_register_tail_p3_bc3_k7168_cA0cB3,[]
9071,False,9042,opus_gemm_gfx950_a8w8_mxscale_gemm_bpreshuffle_256x16x48x128_1x1_16x16x128_1x128x128_tiles1_register_tail_p4_bc3_k7168_cA0cB3,[]
9072,False,9053,opus_gemm_gfx950_a8w8_mxscale_gemm_bpreshuffle_256x32x32x128_1x1_16x16x128_1x128x128_tiles1_register_tail_p4_bc3_k7168_cA0cB3,[]
9073,False,9042,opus_gemm_gfx950_a8w8_mxscale_gemm_bpreshuffle_256x32x48x128_1x1_16x16x128_1x128x128_tiles1_register_tail_p3_bc0_k7168_cA0cB0,[]
