M,N,K,candidate,libtype,kernelId,splitK,phase,round,order,us,error,status,reason
1472,7168,768,baseline,opus,9020,0,check,-1,0,,0.0,ok,
1472,7168,768,mid_a_packb,opus,9020,0,check,-1,1,,0.0,ok,
1472,7168,768,mid16_a_xor,opus,9020,0,check,-1,2,,0.0,ok,
1472,7168,768,mid_packb_seed0_bptr,opus,9020,0,check,-1,3,,0.0,ok,
1472,7168,768,cktile_11,cktile,11,0,check,-1,4,,0.0,ok,
1472,7168,768,cktile_12,cktile,12,0,check,-1,5,,0.0,ok,
1472,7168,768,cktile_27,cktile,27,0,check,-1,6,,0.0,ok,
1472,7168,768,cktile_28,cktile,28,0,check,-1,7,,0.0,ok,
1472,7168,768,cktile_29,cktile,29,0,check,-1,8,,0.0,ok,
1472,7168,768,cktile_30,cktile,30,0,check,-1,9,,0.0,ok,
1472,7168,768,cktile_31,cktile,31,0,check,-1,10,,0.0,ok,
1472,7168,768,cktile_32,cktile,32,0,check,-1,11,,0.0,ok,
1472,7168,768,baseline,opus,9020,0,timing,0,0,16.95914,0.0,ok,
1472,7168,768,mid_a_packb,opus,9020,0,timing,0,1,16.84554,0.0,ok,
1472,7168,768,mid16_a_xor,opus,9020,0,timing,0,2,16.816739999999996,0.0,ok,
1472,7168,768,mid_packb_seed0_bptr,opus,9020,0,timing,0,3,16.55667346938775,0.0,ok,
1472,7168,768,cktile_11,cktile,11,0,timing,0,4,16.84714000000001,0.0,ok,
1472,7168,768,cktile_12,cktile,12,0,timing,0,5,16.98232,0.0,ok,
1472,7168,768,cktile_27,cktile,27,0,timing,0,6,16.96474000000001,0.0,ok,
1472,7168,768,cktile_28,cktile,28,0,timing,0,7,16.999940000000002,0.0,ok,
1472,7168,768,cktile_29,cktile,29,0,timing,0,8,17.02634000000001,0.0,ok,
1472,7168,768,cktile_30,cktile,30,0,timing,0,9,17.06634,0.0,ok,
1472,7168,768,cktile_31,cktile,31,0,timing,0,10,16.827139999999996,0.0,ok,
1472,7168,768,cktile_32,cktile,32,0,timing,0,11,16.91032,0.0,ok,
1472,7168,768,cktile_11,cktile,11,0,timing,1,0,16.94314,0.0,ok,
1472,7168,768,cktile_12,cktile,12,0,timing,1,1,16.903140000000008,0.0,ok,
1472,7168,768,cktile_27,cktile,27,0,timing,1,2,16.884740000000004,0.0,ok,
1472,7168,768,cktile_28,cktile,28,0,timing,1,3,16.994340000000008,0.0,ok,
1472,7168,768,cktile_29,cktile,29,0,timing,1,4,17.02553999999999,0.0,ok,
1472,7168,768,cktile_30,cktile,30,0,timing,1,5,16.898734693877543,0.0,ok,
1472,7168,768,cktile_31,cktile,31,0,timing,1,6,16.939140000000002,0.0,ok,
1472,7168,768,cktile_32,cktile,32,0,timing,1,7,16.913428571428568,0.0,ok,
1472,7168,768,baseline,opus,9020,0,timing,1,8,17.180740000000004,0.0,ok,
1472,7168,768,mid_a_packb,opus,9020,0,timing,1,9,16.759142857142862,0.0,ok,
1472,7168,768,mid16_a_xor,opus,9020,0,timing,1,10,16.932999999999993,0.0,ok,
1472,7168,768,mid_packb_seed0_bptr,opus,9020,0,timing,1,11,16.538340000000005,0.0,ok,
1472,7168,768,cktile_29,cktile,29,0,timing,2,0,16.981540000000006,0.0,ok,
1472,7168,768,cktile_30,cktile,30,0,timing,2,1,17.042340000000003,0.0,ok,
1472,7168,768,cktile_31,cktile,31,0,timing,2,2,16.89383673469388,0.0,ok,
1472,7168,768,cktile_32,cktile,32,0,timing,2,3,16.880740000000003,0.0,ok,
1472,7168,768,baseline,opus,9020,0,timing,2,4,17.200739999999996,0.0,ok,
1472,7168,768,mid_a_packb,opus,9020,0,timing,2,5,16.82473999999999,0.0,ok,
1472,7168,768,mid16_a_xor,opus,9020,0,timing,2,6,16.83274,0.0,ok,
1472,7168,768,mid_packb_seed0_bptr,opus,9020,0,timing,2,7,16.420739999999995,0.0,ok,
1472,7168,768,cktile_11,cktile,11,0,timing,2,8,17.003939999999997,0.0,ok,
1472,7168,768,cktile_12,cktile,12,0,timing,2,9,16.96154,0.0,ok,
1472,7168,768,cktile_27,cktile,27,0,timing,2,10,16.854339999999997,0.0,ok,
1472,7168,768,cktile_28,cktile,28,0,timing,2,11,16.947140000000008,0.0,ok,
1536,7168,768,baseline,opus,9020,0,check,-1,0,,0.0,ok,
1536,7168,768,mid_a_packb,opus,9020,0,check,-1,1,,0.0,ok,
1536,7168,768,mid16_a_xor,opus,9020,0,check,-1,2,,0.0,ok,
1536,7168,768,mid_packb_seed0_bptr,opus,9020,0,check,-1,3,,0.0,ok,
1536,7168,768,cktile_11,cktile,11,0,check,-1,4,,0.0,ok,
1536,7168,768,cktile_12,cktile,12,0,check,-1,5,,0.0,ok,
1536,7168,768,cktile_27,cktile,27,0,check,-1,6,,0.0,ok,
1536,7168,768,cktile_28,cktile,28,0,check,-1,7,,0.0,ok,
1536,7168,768,cktile_29,cktile,29,0,check,-1,8,,0.0,ok,
1536,7168,768,cktile_30,cktile,30,0,check,-1,9,,0.0,ok,
1536,7168,768,cktile_31,cktile,31,0,check,-1,10,,0.0,ok,
1536,7168,768,cktile_32,cktile,32,0,check,-1,11,,0.0,ok,
1536,7168,768,baseline,opus,9020,0,timing,0,0,17.37381632653061,0.0,ok,
1536,7168,768,mid_a_packb,opus,9020,0,timing,0,1,16.978339999999996,0.0,ok,
1536,7168,768,mid16_a_xor,opus,9020,0,timing,0,2,16.895120000000006,0.0,ok,
1536,7168,768,mid_packb_seed0_bptr,opus,9020,0,timing,0,3,16.539139999999996,0.0,ok,
1536,7168,768,cktile_11,cktile,11,0,timing,0,4,16.956673469387763,0.0,ok,
1536,7168,768,cktile_12,cktile,12,0,timing,0,5,16.914339999999992,0.0,ok,
1536,7168,768,cktile_27,cktile,27,0,timing,0,6,16.93274,0.0,ok,
1536,7168,768,cktile_28,cktile,28,0,timing,0,7,16.987714285714283,0.0,ok,
1536,7168,768,cktile_29,cktile,29,0,timing,0,8,17.01754,0.0,ok,
1536,7168,768,cktile_30,cktile,30,0,timing,0,9,16.891939999999995,0.0,ok,
1536,7168,768,cktile_31,cktile,31,0,timing,0,10,16.798319999999993,0.0,ok,
1536,7168,768,cktile_32,cktile,32,0,timing,0,11,16.835140000000006,0.0,ok,
1536,7168,768,cktile_11,cktile,11,0,timing,1,0,16.91994,0.0,ok,
1536,7168,768,cktile_12,cktile,12,0,timing,1,1,16.770551020408156,0.0,ok,
1536,7168,768,cktile_27,cktile,27,0,timing,1,2,16.889734693877557,0.0,ok,
1536,7168,768,cktile_28,cktile,28,0,timing,1,3,16.984740000000002,0.0,ok,
1536,7168,768,cktile_29,cktile,29,0,timing,1,4,16.920740000000002,0.0,ok,
1536,7168,768,cktile_30,cktile,30,0,timing,1,5,17.010339999999992,0.0,ok,
1536,7168,768,cktile_31,cktile,31,0,timing,1,6,16.87672,0.0,ok,
1536,7168,768,cktile_32,cktile,32,0,timing,1,7,16.72554000000001,0.0,ok,
1536,7168,768,baseline,opus,9020,0,timing,1,8,17.238306122448986,0.0,ok,
1536,7168,768,mid_a_packb,opus,9020,0,timing,1,9,16.943139999999985,0.0,ok,
1536,7168,768,mid16_a_xor,opus,9020,0,timing,1,10,16.8685306122449,0.0,ok,
1536,7168,768,mid_packb_seed0_bptr,opus,9020,0,timing,1,11,16.71674,0.0,ok,
1536,7168,768,cktile_29,cktile,29,0,timing,2,0,16.915877551020404,0.0,ok,
1536,7168,768,cktile_30,cktile,30,0,timing,2,1,17.006339999999994,0.0,ok,
1536,7168,768,cktile_31,cktile,31,0,timing,2,2,16.790959183673483,0.0,ok,
1536,7168,768,cktile_32,cktile,32,0,timing,2,3,16.936285714285713,0.0,ok,
1536,7168,768,baseline,opus,9020,0,timing,2,4,17.32154,0.0,ok,
1536,7168,768,mid_a_packb,opus,9020,0,timing,2,5,16.913539999999998,0.0,ok,
1536,7168,768,mid16_a_xor,opus,9020,0,timing,2,6,17.02074,0.0,ok,
1536,7168,768,mid_packb_seed0_bptr,opus,9020,0,timing,2,7,16.52567346938776,0.0,ok,
1536,7168,768,cktile_11,cktile,11,0,timing,2,8,16.930571428571426,0.0,ok,
1536,7168,768,cktile_12,cktile,12,0,timing,2,9,16.889520000000005,0.0,ok,
1536,7168,768,cktile_27,cktile,27,0,timing,2,10,16.876740000000005,0.0,ok,
1536,7168,768,cktile_28,cktile,28,0,timing,2,11,16.962339999999994,0.0,ok,
1664,7168,768,baseline,opus,9020,0,check,-1,0,,0.0,ok,
1664,7168,768,mid_a_packb,opus,9020,0,check,-1,1,,0.0,ok,
1664,7168,768,mid16_a_xor,opus,9020,0,check,-1,2,,0.0,ok,
1664,7168,768,mid_packb_seed0_bptr,opus,9020,0,check,-1,3,,0.0,ok,
1664,7168,768,cktile_11,cktile,11,0,check,-1,4,,0.0,ok,
1664,7168,768,cktile_12,cktile,12,0,check,-1,5,,0.0,ok,
1664,7168,768,cktile_27,cktile,27,0,check,-1,6,,0.0,ok,
1664,7168,768,cktile_28,cktile,28,0,check,-1,7,,0.0,ok,
1664,7168,768,cktile_29,cktile,29,0,check,-1,8,,0.0,ok,
1664,7168,768,cktile_30,cktile,30,0,check,-1,9,,0.0,ok,
1664,7168,768,cktile_31,cktile,31,0,check,-1,10,,0.0,ok,
1664,7168,768,cktile_32,cktile,32,0,check,-1,11,,0.0,ok,
1664,7168,768,baseline,opus,9020,0,timing,0,0,17.815140000000007,0.0,ok,
1664,7168,768,mid_a_packb,opus,9020,0,timing,0,1,17.715159999999997,0.0,ok,
1664,7168,768,mid16_a_xor,opus,9020,0,timing,0,2,17.68156,0.0,ok,
1664,7168,768,mid_packb_seed0_bptr,opus,9020,0,timing,0,3,17.389559999999992,0.0,ok,
1664,7168,768,cktile_11,cktile,11,0,timing,0,4,17.86394,0.0,ok,
1664,7168,768,cktile_12,cktile,12,0,timing,0,5,17.909958333333336,0.0,ok,
1664,7168,768,cktile_27,cktile,27,0,timing,0,6,17.87194,0.0,ok,
1664,7168,768,cktile_28,cktile,28,0,timing,0,7,17.94635999999998,0.0,ok,
1664,7168,768,cktile_29,cktile,29,0,timing,0,8,18.003244897959192,0.0,ok,
1664,7168,768,cktile_30,cktile,30,0,timing,0,9,17.881591836734685,0.0,ok,
1664,7168,768,cktile_31,cktile,31,0,timing,0,10,17.850340000000003,0.0,ok,
1664,7168,768,cktile_32,cktile,32,0,timing,0,11,17.782339999999994,0.0,ok,
1664,7168,768,cktile_11,cktile,11,0,timing,1,0,17.91834,0.0,ok,
1664,7168,768,cktile_12,cktile,12,0,timing,1,1,17.80874,0.0,ok,
1664,7168,768,cktile_27,cktile,27,0,timing,1,2,17.939159999999998,0.0,ok,
1664,7168,768,cktile_28,cktile,28,0,timing,1,3,17.978340000000006,0.0,ok,
1664,7168,768,cktile_29,cktile,29,0,timing,1,4,17.982340000000004,0.0,ok,
1664,7168,768,cktile_30,cktile,30,0,timing,1,5,17.875940000000003,0.0,ok,
1664,7168,768,cktile_31,cktile,31,0,timing,1,6,17.832760000000004,0.0,ok,
1664,7168,768,cktile_32,cktile,32,0,timing,1,7,17.797540000000005,0.0,ok,
1664,7168,768,baseline,opus,9020,0,timing,1,8,17.884739999999994,0.0,ok,
1664,7168,768,mid_a_packb,opus,9020,0,timing,1,9,17.623140000000003,0.0,ok,
1664,7168,768,mid16_a_xor,opus,9020,0,timing,1,10,17.827939999999998,0.0,ok,
1664,7168,768,mid_packb_seed0_bptr,opus,9020,0,timing,1,11,17.336739999999985,0.0,ok,
1664,7168,768,cktile_29,cktile,29,0,timing,2,0,17.974340000000005,0.0,ok,
1664,7168,768,cktile_30,cktile,30,0,timing,2,1,17.91594000000001,0.0,ok,
1664,7168,768,cktile_31,cktile,31,0,timing,2,2,17.84394,0.0,ok,
1664,7168,768,cktile_32,cktile,32,0,timing,2,3,17.793312500000003,0.0,ok,
1664,7168,768,baseline,opus,9020,0,timing,2,4,17.938340000000007,0.0,ok,
1664,7168,768,mid_a_packb,opus,9020,0,timing,2,5,17.703939999999992,0.0,ok,
1664,7168,768,mid16_a_xor,opus,9020,0,timing,2,6,17.739959999999986,0.0,ok,
1664,7168,768,mid_packb_seed0_bptr,opus,9020,0,timing,2,7,17.37034,0.0,ok,
1664,7168,768,cktile_11,cktile,11,0,timing,2,8,17.92796,0.0,ok,
1664,7168,768,cktile_12,cktile,12,0,timing,2,9,17.843940000000003,0.0,ok,
1664,7168,768,cktile_27,cktile,27,0,timing,2,10,17.895139999999998,0.0,ok,
1664,7168,768,cktile_28,cktile,28,0,timing,2,11,17.89994,0.0,ok,
1600,7168,768,baseline,opus,9020,0,check,-1,0,,0.0,ok,
1600,7168,768,mid_a_packb,opus,9020,0,check,-1,1,,0.0,ok,
1600,7168,768,mid16_a_xor,opus,9020,0,check,-1,2,,0.0,ok,
1600,7168,768,mid_packb_seed0_bptr,opus,9020,0,check,-1,3,,0.0,ok,
1600,7168,768,cktile_11,cktile,11,0,check,-1,4,,0.0,ok,
1600,7168,768,cktile_12,cktile,12,0,check,-1,5,,0.0,ok,
1600,7168,768,cktile_27,cktile,27,0,check,-1,6,,0.0,ok,
1600,7168,768,cktile_28,cktile,28,0,check,-1,7,,0.0,ok,
1600,7168,768,cktile_29,cktile,29,0,check,-1,8,,0.0,ok,
1600,7168,768,cktile_30,cktile,30,0,check,-1,9,,0.0,ok,
1600,7168,768,cktile_31,cktile,31,0,check,-1,10,,0.0,ok,
1600,7168,768,cktile_32,cktile,32,0,check,-1,11,,0.0,ok,
1600,7168,768,baseline,opus,9020,0,timing,0,0,17.455940000000005,0.0,ok,
1600,7168,768,mid_a_packb,opus,9020,0,timing,0,1,17.123139999999996,0.0,ok,
1600,7168,768,mid16_a_xor,opus,9020,0,timing,0,2,17.167140000000007,0.0,ok,
1600,7168,768,mid_packb_seed0_bptr,opus,9020,0,timing,0,3,16.874339999999997,0.0,ok,
1600,7168,768,cktile_11,cktile,11,0,timing,0,4,17.34714,0.0,ok,
1600,7168,768,cktile_12,cktile,12,0,timing,0,5,17.425539999999998,0.0,ok,
1600,7168,768,cktile_27,cktile,27,0,timing,0,6,17.392632653061224,0.0,ok,
1600,7168,768,cktile_28,cktile,28,0,timing,0,7,17.315140000000007,0.0,ok,
1600,7168,768,cktile_29,cktile,29,0,timing,0,8,17.302816326530618,0.0,ok,
1600,7168,768,cktile_30,cktile,30,0,timing,0,9,17.416740000000008,0.0,ok,
1600,7168,768,cktile_31,cktile,31,0,timing,0,10,17.34914583333334,0.0,ok,
1600,7168,768,cktile_32,cktile,32,0,timing,0,11,17.338340000000006,0.0,ok,
1600,7168,768,cktile_11,cktile,11,0,timing,1,0,17.39593999999999,0.0,ok,
1600,7168,768,cktile_12,cktile,12,0,timing,1,1,17.380425531914888,0.0,ok,
1600,7168,768,cktile_27,cktile,27,0,timing,1,2,17.373040816326537,0.0,ok,
1600,7168,768,cktile_28,cktile,28,0,timing,1,3,17.358340000000005,0.0,ok,
1600,7168,768,cktile_29,cktile,29,0,timing,1,4,17.49435999999999,0.0,ok,
1600,7168,768,cktile_30,cktile,30,0,timing,1,5,17.355061224489795,0.0,ok,
1600,7168,768,cktile_31,cktile,31,0,timing,1,6,17.394244897959187,0.0,ok,
1600,7168,768,cktile_32,cktile,32,0,timing,1,7,17.26664583333333,0.0,ok,
1600,7168,768,baseline,opus,9020,0,timing,1,8,17.427139999999994,0.0,ok,
1600,7168,768,mid_a_packb,opus,9020,0,timing,1,9,17.13194,0.0,ok,
1600,7168,768,mid16_a_xor,opus,9020,0,timing,1,10,17.105833333333337,0.0,ok,
1600,7168,768,mid_packb_seed0_bptr,opus,9020,0,timing,1,11,16.882340000000003,0.0,ok,
1600,7168,768,cktile_29,cktile,29,0,timing,2,0,17.435940000000002,0.0,ok,
1600,7168,768,cktile_30,cktile,30,0,timing,2,1,17.49914,0.0,ok,
1600,7168,768,cktile_31,cktile,31,0,timing,2,2,17.299959999999995,0.0,ok,
1600,7168,768,cktile_32,cktile,32,0,timing,2,3,17.26914583333333,0.0,ok,
1600,7168,768,baseline,opus,9020,0,timing,2,4,17.404740000000004,0.0,ok,
1600,7168,768,mid_a_packb,opus,9020,0,timing,2,5,17.13194,0.0,ok,
1600,7168,768,mid16_a_xor,opus,9020,0,timing,2,6,17.096739999999997,0.0,ok,
1600,7168,768,mid_packb_seed0_bptr,opus,9020,0,timing,2,7,16.951139999999995,0.0,ok,
1600,7168,768,cktile_11,cktile,11,0,timing,2,8,17.454339999999995,0.0,ok,
1600,7168,768,cktile_12,cktile,12,0,timing,2,9,17.417539999999995,0.0,ok,
1600,7168,768,cktile_27,cktile,27,0,timing,2,10,17.382816326530605,0.0,ok,
1600,7168,768,cktile_28,cktile,28,0,timing,2,11,17.370340000000002,0.0,ok,
1728,7168,384,baseline,opus,9020,0,check,-1,0,,0.0,ok,
1728,7168,384,mid_a_packb,opus,9020,0,check,-1,1,,0.0,ok,
1728,7168,384,mid16_a_xor,opus,9020,0,check,-1,2,,0.0,ok,
1728,7168,384,mid_packb_seed0_bptr,opus,9020,0,check,-1,3,,0.0,ok,
1728,7168,384,cktile_11,cktile,11,0,check,-1,4,,0.0,ok,
1728,7168,384,cktile_12,cktile,12,0,check,-1,5,,0.0,ok,
1728,7168,384,cktile_27,cktile,27,0,check,-1,6,,0.0,ok,
1728,7168,384,cktile_28,cktile,28,0,check,-1,7,,0.0,ok,
1728,7168,384,cktile_29,cktile,29,0,check,-1,8,,0.0,ok,
1728,7168,384,cktile_30,cktile,30,0,check,-1,9,,0.0,ok,
1728,7168,384,cktile_31,cktile,31,0,check,-1,10,,0.0,ok,
1728,7168,384,cktile_32,cktile,32,0,check,-1,11,,0.0,ok,
1728,7168,384,baseline,opus,9020,0,timing,0,0,13.786666666666662,0.0,ok,
1728,7168,384,mid_a_packb,opus,9020,0,timing,0,1,13.579130434782604,0.0,ok,
1728,7168,384,mid16_a_xor,opus,9020,0,timing,0,2,13.546086956521744,0.0,ok,
1728,7168,384,mid_packb_seed0_bptr,opus,9020,0,timing,0,3,13.17910869565217,0.0,ok,
1728,7168,384,cktile_11,cktile,11,0,timing,0,4,13.699531914893617,0.0,ok,
1728,7168,384,cktile_12,cktile,12,0,timing,0,5,13.773891304347837,0.0,ok,
1728,7168,384,cktile_27,cktile,27,0,timing,0,6,13.677355555555556,0.0,ok,
1728,7168,384,cktile_28,cktile,28,0,timing,0,7,13.6501914893617,0.0,ok,
1728,7168,384,cktile_29,cktile,29,0,timing,0,8,13.812162790697672,0.0,ok,
1728,7168,384,cktile_30,cktile,30,0,timing,0,9,13.796553191489364,0.0,ok,
1728,7168,384,cktile_31,cktile,31,0,timing,0,10,13.840866666666665,0.0,ok,
1728,7168,384,cktile_32,cktile,32,0,timing,0,11,13.678276595744677,0.0,ok,
1728,7168,384,cktile_11,cktile,11,0,timing,1,0,13.797458333333337,0.0,ok,
1728,7168,384,cktile_12,cktile,12,0,timing,1,1,13.80748837209302,0.0,ok,
1728,7168,384,cktile_27,cktile,27,0,timing,1,2,13.654425531914892,0.0,ok,
1728,7168,384,cktile_28,cktile,28,0,timing,1,3,13.649543478260858,0.0,ok,
1728,7168,384,cktile_29,cktile,29,0,timing,1,4,13.798239130434789,0.0,ok,
1728,7168,384,cktile_30,cktile,30,0,timing,1,5,13.827555555555556,0.0,ok,
1728,7168,384,cktile_31,cktile,31,0,timing,1,6,13.760847826086959,0.0,ok,
1728,7168,384,cktile_32,cktile,32,0,timing,1,7,13.683478260869567,0.0,ok,
1728,7168,384,baseline,opus,9020,0,timing,1,8,13.849543478260868,0.0,ok,
1728,7168,384,mid_a_packb,opus,9020,0,timing,1,9,13.536888888888896,0.0,ok,
1728,7168,384,mid16_a_xor,opus,9020,0,timing,1,10,13.575999999999997,0.0,ok,
1728,7168,384,mid_packb_seed0_bptr,opus,9020,0,timing,1,11,13.213333333333338,0.0,ok,
1728,7168,384,cktile_29,cktile,29,0,timing,2,0,13.811304347826086,0.0,ok,
1728,7168,384,cktile_30,cktile,30,0,timing,2,1,13.776127659574465,0.0,ok,
1728,7168,384,cktile_31,cktile,31,0,timing,2,2,13.75229787234043,0.0,ok,
1728,7168,384,cktile_32,cktile,32,0,timing,2,3,13.67466666666666,0.0,ok,
1728,7168,384,baseline,opus,9020,0,timing,2,4,13.894425531914889,0.0,ok,
1728,7168,384,mid_a_packb,opus,9020,0,timing,2,5,13.54330232558139,0.0,ok,
1728,7168,384,mid16_a_xor,opus,9020,0,timing,2,6,13.543133333333339,0.0,ok,
1728,7168,384,mid_packb_seed0_bptr,opus,9020,0,timing,2,7,13.226340425531918,0.0,ok,
1728,7168,384,cktile_11,cktile,11,0,timing,2,8,13.812723404255312,0.0,ok,
1728,7168,384,cktile_12,cktile,12,0,timing,2,9,13.68846808510639,0.0,ok,
1728,7168,384,cktile_27,cktile,27,0,timing,2,10,13.620000000000003,0.0,ok,
1728,7168,384,cktile_28,cktile,28,0,timing,2,11,13.693021739130439,0.0,ok,
1600,7168,384,baseline,opus,9020,0,check,-1,0,,0.0,ok,
1600,7168,384,mid_a_packb,opus,9020,0,check,-1,1,,0.0,ok,
1600,7168,384,mid16_a_xor,opus,9020,0,check,-1,2,,0.0,ok,
1600,7168,384,mid_packb_seed0_bptr,opus,9020,0,check,-1,3,,0.0,ok,
1600,7168,384,cktile_11,cktile,11,0,check,-1,4,,0.0,ok,
1600,7168,384,cktile_12,cktile,12,0,check,-1,5,,0.0,ok,
1600,7168,384,cktile_27,cktile,27,0,check,-1,6,,0.0,ok,
1600,7168,384,cktile_28,cktile,28,0,check,-1,7,,0.0,ok,
1600,7168,384,cktile_29,cktile,29,0,check,-1,8,,0.0,ok,
1600,7168,384,cktile_30,cktile,30,0,check,-1,9,,0.0,ok,
1600,7168,384,baseline,opus,9020,0,timing,0,0,13.233755555555549,0.0,ok,
1600,7168,384,mid_a_packb,opus,9020,0,timing,0,1,12.903111111111109,0.0,ok,
1600,7168,384,mid16_a_xor,opus,9020,0,timing,0,2,12.881840909090899,0.0,ok,
1600,7168,384,mid_packb_seed0_bptr,opus,9020,0,timing,0,3,12.55547727272728,0.0,ok,
1600,7168,384,cktile_11,cktile,11,0,timing,0,4,12.91377777777777,0.0,ok,
1600,7168,384,cktile_12,cktile,12,0,timing,0,5,12.965195652173913,0.0,ok,
1600,7168,384,cktile_27,cktile,27,0,timing,0,6,12.838217391304346,0.0,ok,
1600,7168,384,cktile_28,cktile,28,0,timing,0,7,12.889348837209296,0.0,ok,
1600,7168,384,cktile_29,cktile,29,0,timing,0,8,12.966765957446809,0.0,ok,
1600,7168,384,cktile_30,cktile,30,0,timing,0,9,13.12266666666667,0.0,ok,
1600,7168,384,mid_packb_seed0_bptr,opus,9020,0,timing,1,0,12.597333333333333,0.0,ok,
1600,7168,384,cktile_11,cktile,11,0,timing,1,1,12.98365909090909,0.0,ok,
1600,7168,384,cktile_12,cktile,12,0,timing,1,2,12.964326086956515,0.0,ok,
1600,7168,384,cktile_27,cktile,27,0,timing,1,3,12.901311111111108,0.0,ok,
1600,7168,384,cktile_28,cktile,28,0,timing,1,4,12.910222222222218,0.0,ok,
1600,7168,384,cktile_29,cktile,29,0,timing,1,5,13.002750000000004,0.0,ok,
1600,7168,384,cktile_30,cktile,30,0,timing,1,6,13.06548936170214,0.0,ok,
1600,7168,384,baseline,opus,9020,0,timing,1,7,13.139999999999997,0.0,ok,
1600,7168,384,mid_a_packb,opus,9020,0,timing,1,8,12.902750000000003,0.0,ok,
1600,7168,384,mid16_a_xor,opus,9020,0,timing,1,9,12.891186046511622,0.0,ok,
1600,7168,384,cktile_27,cktile,27,0,timing,2,0,12.909333333333327,0.0,ok,
1600,7168,384,cktile_28,cktile,28,0,timing,2,1,12.808,0.0,ok,
1600,7168,384,cktile_29,cktile,29,0,timing,2,2,12.896244897959182,0.0,ok,
1600,7168,384,cktile_30,cktile,30,0,timing,2,3,13.060700000000002,0.0,ok,
1600,7168,384,baseline,opus,9020,0,timing,2,4,13.121840909090913,0.0,ok,
1600,7168,384,mid_a_packb,opus,9020,0,timing,2,5,12.914100000000001,0.0,ok,
1600,7168,384,mid16_a_xor,opus,9020,0,timing,2,6,12.830931818181819,0.0,ok,
1600,7168,384,mid_packb_seed0_bptr,opus,9020,0,timing,2,7,12.600931818181817,0.0,ok,
1600,7168,384,cktile_11,cktile,11,0,timing,2,8,12.961818181818183,0.0,ok,
1600,7168,384,cktile_12,cktile,12,0,timing,2,9,12.962688888888882,0.0,ok,
1728,7168,768,baseline,opus,9020,0,check,-1,0,,0.0,ok,
1728,7168,768,mid_a_packb,opus,9020,0,check,-1,1,,0.0,ok,
1728,7168,768,mid16_a_xor,opus,9020,0,check,-1,2,,0.0,ok,
1728,7168,768,mid_packb_seed0_bptr,opus,9020,0,check,-1,3,,0.0,ok,
1728,7168,768,cktile_11,cktile,11,0,check,-1,4,,0.0,ok,
1728,7168,768,cktile_12,cktile,12,0,check,-1,5,,0.0,ok,
1728,7168,768,cktile_27,cktile,27,0,check,-1,6,,0.0,ok,
1728,7168,768,cktile_28,cktile,28,0,check,-1,7,,0.0,ok,
1728,7168,768,cktile_29,cktile,29,0,check,-1,8,,0.0,ok,
1728,7168,768,cktile_30,cktile,30,0,check,-1,9,,0.0,ok,
1728,7168,768,cktile_31,cktile,31,0,check,-1,10,,0.0,ok,
1728,7168,768,cktile_32,cktile,32,0,check,-1,11,,0.0,ok,
1728,7168,768,baseline,opus,9020,0,timing,0,0,18.107940000000006,0.0,ok,
1728,7168,768,mid_a_packb,opus,9020,0,timing,0,1,18.003960000000003,0.0,ok,
1728,7168,768,mid16_a_xor,opus,9020,0,timing,0,2,17.891960000000005,0.0,ok,
1728,7168,768,mid_packb_seed0_bptr,opus,9020,0,timing,0,3,17.57354,0.0,ok,
1728,7168,768,cktile_11,cktile,11,0,timing,0,4,18.24715999999999,0.0,ok,
1728,7168,768,cktile_12,cktile,12,0,timing,0,5,18.24476,0.0,ok,
1728,7168,768,cktile_27,cktile,27,0,timing,0,6,18.287960000000005,0.0,ok,
1728,7168,768,cktile_28,cktile,28,0,timing,0,7,18.219939999999994,0.0,ok,
1728,7168,768,cktile_29,cktile,29,0,timing,0,8,18.276739999999997,0.0,ok,
1728,7168,768,cktile_30,cktile,30,0,timing,0,9,18.172224489795916,0.0,ok,
1728,7168,768,cktile_31,cktile,31,0,timing,0,10,18.26875999999999,0.0,ok,
1728,7168,768,cktile_32,cktile,32,0,timing,0,11,18.134360000000004,0.0,ok,
1728,7168,768,cktile_11,cktile,11,0,timing,1,0,18.247140000000005,0.0,ok,
1728,7168,768,cktile_12,cktile,12,0,timing,1,1,18.28154000000001,0.0,ok,
1728,7168,768,cktile_27,cktile,27,0,timing,1,2,18.14796,0.0,ok,
1728,7168,768,cktile_28,cktile,28,0,timing,1,3,18.13836,0.0,ok,
1728,7168,768,cktile_29,cktile,29,0,timing,1,4,18.221540000000005,0.0,ok,
1728,7168,768,cktile_30,cktile,30,0,timing,1,5,18.289540000000002,0.0,ok,
1728,7168,768,cktile_31,cktile,31,0,timing,1,6,18.190359999999995,0.0,ok,
1728,7168,768,cktile_32,cktile,32,0,timing,1,7,18.243160000000003,0.0,ok,
1728,7168,768,baseline,opus,9020,0,timing,1,8,18.327940000000005,0.0,ok,
1728,7168,768,mid_a_packb,opus,9020,0,timing,1,9,17.94474,0.0,ok,
1728,7168,768,mid16_a_xor,opus,9020,0,timing,1,10,17.958359999999995,0.0,ok,
1728,7168,768,mid_packb_seed0_bptr,opus,9020,0,timing,1,11,17.63193999999999,0.0,ok,
1728,7168,768,cktile_29,cktile,29,0,timing,2,0,18.19356,0.0,ok,
1728,7168,768,cktile_30,cktile,30,0,timing,2,1,18.26556000000001,0.0,ok,
1728,7168,768,cktile_31,cktile,31,0,timing,2,2,18.20075510204082,0.0,ok,
1728,7168,768,cktile_32,cktile,32,0,timing,2,3,18.255159999999997,0.0,ok,
1728,7168,768,baseline,opus,9020,0,timing,2,4,18.335940000000004,0.0,ok,
1728,7168,768,mid_a_packb,opus,9020,0,timing,2,5,17.977540000000005,0.0,ok,
1728,7168,768,mid16_a_xor,opus,9020,0,timing,2,6,18.010340000000006,0.0,ok,
1728,7168,768,mid_packb_seed0_bptr,opus,9020,0,timing,2,7,17.599959999999992,0.0,ok,
1728,7168,768,cktile_11,cktile,11,0,timing,2,8,18.226918367346922,0.0,ok,
1728,7168,768,cktile_12,cktile,12,0,timing,2,9,18.19674,0.0,ok,
1728,7168,768,cktile_27,cktile,27,0,timing,2,10,18.169539999999994,0.0,ok,
1728,7168,768,cktile_28,cktile,28,0,timing,2,11,18.25836,0.0,ok,
1472,7168,384,baseline,opus,9020,0,check,-1,0,,0.0,ok,
1472,7168,384,mid_a_packb,opus,9020,0,check,-1,1,,0.0,ok,
1472,7168,384,mid16_a_xor,opus,9020,0,check,-1,2,,0.0,ok,
1472,7168,384,mid_packb_seed0_bptr,opus,9020,0,check,-1,3,,0.0,ok,
1472,7168,384,cktile_11,cktile,11,0,check,-1,4,,0.0,ok,
1472,7168,384,cktile_12,cktile,12,0,check,-1,5,,0.0,ok,
1472,7168,384,cktile_27,cktile,27,0,check,-1,6,,0.0,ok,
1472,7168,384,cktile_28,cktile,28,0,check,-1,7,,0.0,ok,
1472,7168,384,cktile_29,cktile,29,0,check,-1,8,,0.0,ok,
1472,7168,384,cktile_30,cktile,30,0,check,-1,9,,0.0,ok,
1472,7168,384,cktile_31,cktile,31,0,check,-1,10,,0.0,ok,
1472,7168,384,cktile_32,cktile,32,0,check,-1,11,,0.0,ok,
1472,7168,384,baseline,opus,9020,0,timing,0,0,12.645914893617027,0.0,ok,
1472,7168,384,mid_a_packb,opus,9020,0,timing,0,1,12.34910416666667,0.0,ok,
1472,7168,384,mid16_a_xor,opus,9020,0,timing,0,2,12.364937500000005,0.0,ok,
1472,7168,384,mid_packb_seed0_bptr,opus,9020,0,timing,0,3,12.056500000000003,0.0,ok,
1472,7168,384,cktile_11,cktile,11,0,timing,0,4,12.617369565217398,0.0,ok,
1472,7168,384,cktile_12,cktile,12,0,timing,0,5,12.62577777777778,0.0,ok,
1472,7168,384,cktile_27,cktile,27,0,timing,0,6,12.481717391304356,0.0,ok,
1472,7168,384,cktile_28,cktile,28,0,timing,0,7,12.506340909090907,0.0,ok,
1472,7168,384,cktile_29,cktile,29,0,timing,0,8,12.567617021276593,0.0,ok,
1472,7168,384,cktile_30,cktile,30,0,timing,0,9,12.628270833333337,0.0,ok,
1472,7168,384,cktile_31,cktile,31,0,timing,0,10,12.560909090909087,0.0,ok,
1472,7168,384,cktile_32,cktile,32,0,timing,0,11,12.510413043478266,0.0,ok,
1472,7168,384,cktile_11,cktile,11,0,timing,1,0,12.591977777777771,0.0,ok,
1472,7168,384,cktile_12,cktile,12,0,timing,1,1,12.549113636363641,0.0,ok,
1472,7168,384,cktile_27,cktile,27,0,timing,1,2,12.538644444444447,0.0,ok,
1472,7168,384,cktile_28,cktile,28,0,timing,1,3,12.50258695652174,0.0,ok,
1472,7168,384,cktile_29,cktile,29,0,timing,1,4,12.646511627906982,0.0,ok,
1472,7168,384,cktile_30,cktile,30,0,timing,1,5,12.674666666666665,0.0,ok,
1472,7168,384,cktile_31,cktile,31,0,timing,1,6,12.499555555555553,0.0,ok,
1472,7168,384,cktile_32,cktile,32,0,timing,1,7,12.519106382978723,0.0,ok,
1472,7168,384,baseline,opus,9020,0,timing,1,8,12.706913043478261,0.0,ok,
1472,7168,384,mid_a_packb,opus,9020,0,timing,1,9,12.330391304347831,0.0,ok,
1472,7168,384,mid16_a_xor,opus,9020,0,timing,1,10,12.425152173913041,0.0,ok,
1472,7168,384,mid_packb_seed0_bptr,opus,9020,0,timing,1,11,11.928270833333329,0.0,ok,
1472,7168,384,cktile_29,cktile,29,0,timing,2,0,12.566065217391296,0.0,ok,
1472,7168,384,cktile_30,cktile,30,0,timing,2,1,12.634760869565218,0.0,ok,
1472,7168,384,cktile_31,cktile,31,0,timing,2,2,12.463270833333334,0.0,ok,
1472,7168,384,cktile_32,cktile,32,0,timing,2,3,12.499978260869574,0.0,ok,
1472,7168,384,baseline,opus,9020,0,timing,2,4,12.705777777777785,0.0,ok,
1472,7168,384,mid_a_packb,opus,9020,0,timing,2,5,12.331604166666665,0.0,ok,
1472,7168,384,mid16_a_xor,opus,9020,0,timing,2,6,12.349543478260875,0.0,ok,
1472,7168,384,mid_packb_seed0_bptr,opus,9020,0,timing,2,7,11.975285714285716,0.0,ok,
1472,7168,384,cktile_11,cktile,11,0,timing,2,8,12.590200000000006,0.0,ok,
1472,7168,384,cktile_12,cktile,12,0,timing,2,9,12.434760869565226,0.0,ok,
1472,7168,384,cktile_27,cktile,27,0,timing,2,10,12.434644444444439,0.0,ok,
1472,7168,384,cktile_28,cktile,28,0,timing,2,11,12.490547619047621,0.0,ok,
1536,7168,3072,baseline,opus,9020,0,check,-1,0,,0.0,ok,
1536,7168,3072,mid_a_packb,opus,9020,0,check,-1,1,,0.0,ok,
1536,7168,3072,mid16_a_xor,opus,9020,0,check,-1,2,,0.0,ok,
1536,7168,3072,mid_packb_seed0_bptr,opus,9020,0,check,-1,3,,0.0,ok,
1536,7168,3072,cktile_11,cktile,11,0,check,-1,4,,0.0,ok,
1536,7168,3072,cktile_27,cktile,27,0,check,-1,5,,0.0,ok,
1536,7168,3072,cktile_28,cktile,28,0,check,-1,6,,0.0,ok,
1536,7168,3072,cktile_29,cktile,29,0,check,-1,7,,0.0,ok,
1536,7168,3072,baseline,opus,9020,0,timing,0,0,39.66655319148936,0.0,ok,
1536,7168,3072,mid_a_packb,opus,9020,0,timing,0,1,39.12395348837209,0.0,ok,
1536,7168,3072,mid16_a_xor,opus,9020,0,timing,0,2,38.93169047619047,0.0,ok,
1536,7168,3072,mid_packb_seed0_bptr,opus,9020,0,timing,0,3,39.472489361702124,0.0,ok,
1536,7168,3072,cktile_11,cktile,11,0,timing,0,4,39.499309523809536,0.0,ok,
1536,7168,3072,cktile_27,cktile,27,0,timing,0,5,39.45785365853659,0.0,ok,
1536,7168,3072,cktile_28,cktile,28,0,timing,0,6,39.95933333333333,0.0,ok,
1536,7168,3072,cktile_29,cktile,29,0,timing,0,7,39.69886046511627,0.0,ok,
1536,7168,3072,mid16_a_xor,opus,9020,0,timing,1,0,39.132325581395364,0.0,ok,
1536,7168,3072,mid_packb_seed0_bptr,opus,9020,0,timing,1,1,38.94155555555555,0.0,ok,
1536,7168,3072,cktile_11,cktile,11,0,timing,1,2,39.85606976744187,0.0,ok,
1536,7168,3072,cktile_27,cktile,27,0,timing,1,3,39.5890930232558,0.0,ok,
1536,7168,3072,cktile_28,cktile,28,0,timing,1,4,39.55264285714285,0.0,ok,
1536,7168,3072,cktile_29,cktile,29,0,timing,1,5,39.58258139534883,0.0,ok,
1536,7168,3072,baseline,opus,9020,0,timing,1,6,38.985976190476194,0.0,ok,
1536,7168,3072,mid_a_packb,opus,9020,0,timing,1,7,39.165837209302325,0.0,ok,
1536,7168,3072,cktile_27,cktile,27,0,timing,2,0,40.465187499999985,0.0,ok,
1536,7168,3072,cktile_28,cktile,28,0,timing,2,1,40.468500000000006,0.0,ok,
1536,7168,3072,cktile_29,cktile,29,0,timing,2,2,40.31014583333333,0.0,ok,
1536,7168,3072,baseline,opus,9020,0,timing,2,3,39.68466666666667,0.0,ok,
1536,7168,3072,mid_a_packb,opus,9020,0,timing,2,4,39.84094,0.0,ok,
1536,7168,3072,mid16_a_xor,opus,9020,0,timing,2,5,39.66072093023255,0.0,ok,
1536,7168,3072,mid_packb_seed0_bptr,opus,9020,0,timing,2,6,38.85511627906976,0.0,ok,
1536,7168,3072,cktile_11,cktile,11,0,timing,2,7,40.01793023255813,0.0,ok,
1728,6144,7168,baseline,opus,9020,0,check,-1,0,,0.0,ok,
1728,6144,7168,mid_a_packb,opus,9020,0,check,-1,1,,0.0,ok,
1728,6144,7168,mid16_a_xor,opus,9020,0,check,-1,2,,0.0,ok,
1728,6144,7168,mid_packb_seed0_bptr,opus,9020,0,check,-1,3,,0.0,ok,
1728,6144,7168,cktile_28,cktile,28,0,check,-1,4,,0.0,ok,
1728,6144,7168,cktile_29,cktile,29,0,check,-1,5,,0.0,ok,
1728,6144,7168,baseline,opus,9020,0,timing,0,0,81.42606382978727,0.0,ok,
1728,6144,7168,mid_a_packb,opus,9020,0,timing,0,1,81.16834782608699,0.0,ok,
1728,6144,7168,mid16_a_xor,opus,9020,0,timing,0,2,81.95627659574467,0.0,ok,
1728,6144,7168,mid_packb_seed0_bptr,opus,9020,0,timing,0,3,81.8328723404255,0.0,ok,
1728,6144,7168,cktile_28,cktile,28,0,timing,0,4,83.17966666666668,0.0,ok,
1728,6144,7168,cktile_29,cktile,29,0,timing,0,5,84.11216666666662,0.0,ok,
1728,6144,7168,mid16_a_xor,opus,9020,0,timing,1,0,82.49840425531912,0.0,ok,
1728,6144,7168,mid_packb_seed0_bptr,opus,9020,0,timing,1,1,81.01244680851065,0.0,ok,
1728,6144,7168,cktile_28,cktile,28,0,timing,1,2,83.44968749999997,0.0,ok,
1728,6144,7168,cktile_29,cktile,29,0,timing,1,3,83.30302083333335,0.0,ok,
1728,6144,7168,baseline,opus,9020,0,timing,1,4,82.15457446808506,0.0,ok,
1728,6144,7168,mid_a_packb,opus,9020,0,timing,1,5,81.6302978723404,0.0,ok,
1728,6144,7168,cktile_28,cktile,28,0,timing,2,0,82.43117021276592,0.0,ok,
1728,6144,7168,cktile_29,cktile,29,0,timing,2,1,83.21502127659576,0.0,ok,
1728,6144,7168,baseline,opus,9020,0,timing,2,2,82.71457446808516,0.0,ok,
1728,6144,7168,mid_a_packb,opus,9020,0,timing,2,3,81.9826595744681,0.0,ok,
1728,6144,7168,mid16_a_xor,opus,9020,0,timing,2,4,81.70351063829787,0.0,ok,
1728,6144,7168,mid_packb_seed0_bptr,opus,9020,0,timing,2,5,81.08221276595745,0.0,ok,
1856,6144,7168,baseline,opus,9020,0,check,-1,0,,0.0,ok,
1856,6144,7168,mid_a_packb,opus,9020,0,check,-1,1,,0.0,ok,
1856,6144,7168,mid16_a_xor,opus,9020,0,check,-1,2,,0.0,ok,
1856,6144,7168,mid_packb_seed0_bptr,opus,9020,0,check,-1,3,,0.0,ok,
1856,6144,7168,cktile_11,cktile,11,0,check,-1,4,,0.0,ok,
1856,6144,7168,cktile_27,cktile,27,0,check,-1,5,,0.0,ok,
1856,6144,7168,cktile_28,cktile,28,0,check,-1,6,,0.0,ok,
1856,6144,7168,baseline,opus,9020,0,timing,0,0,82.36133333333338,0.0,ok,
1856,6144,7168,mid_a_packb,opus,9020,0,timing,0,1,83.80048979591834,0.0,ok,
1856,6144,7168,mid16_a_xor,opus,9020,0,timing,0,2,84.27729999999993,0.0,ok,
1856,6144,7168,mid_packb_seed0_bptr,opus,9020,0,timing,0,3,82.45635416666669,0.0,ok,
1856,6144,7168,cktile_11,cktile,11,0,timing,0,4,84.1709,0.0,ok,
1856,6144,7168,cktile_27,cktile,27,0,timing,0,5,84.87809999999999,0.0,ok,
1856,6144,7168,cktile_28,cktile,28,0,timing,0,6,84.79410000000001,0.0,ok,
1856,6144,7168,mid16_a_xor,opus,9020,0,timing,1,0,84.67327999999996,0.0,ok,
1856,6144,7168,mid_packb_seed0_bptr,opus,9020,0,timing,1,1,82.23052083333332,0.0,ok,
1856,6144,7168,cktile_11,cktile,11,0,timing,1,2,85.33329999999997,0.0,ok,
1856,6144,7168,cktile_27,cktile,27,0,timing,1,3,85.1093,0.0,ok,
1856,6144,7168,cktile_28,cktile,28,0,timing,1,4,85.57252,0.0,ok,
1856,6144,7168,baseline,opus,9020,0,timing,1,5,83.17468749999998,0.0,ok,
1856,6144,7168,mid_a_packb,opus,9020,0,timing,1,6,83.19234693877553,0.0,ok,
1856,6144,7168,cktile_11,cktile,11,0,timing,2,0,85.70130000000005,0.0,ok,
1856,6144,7168,cktile_27,cktile,27,0,timing,2,1,84.93730000000004,0.0,ok,
1856,6144,7168,cktile_28,cktile,28,0,timing,2,2,85.49092000000002,0.0,ok,
1856,6144,7168,baseline,opus,9020,0,timing,2,3,82.73273469387756,0.0,ok,
1856,6144,7168,mid_a_packb,opus,9020,0,timing,2,4,83.42767999999998,0.0,ok,
1856,6144,7168,mid16_a_xor,opus,9020,0,timing,2,5,84.01967999999995,0.0,ok,
1856,6144,7168,mid_packb_seed0_bptr,opus,9020,0,timing,2,6,83.11167999999998,0.0,ok,
1664,7168,384,baseline,opus,9020,0,check,-1,0,,0.0,ok,
1664,7168,384,mid_a_packb,opus,9020,0,check,-1,1,,0.0,ok,
1664,7168,384,mid16_a_xor,opus,9020,0,check,-1,2,,0.0,ok,
1664,7168,384,mid_packb_seed0_bptr,opus,9020,0,check,-1,3,,0.0,ok,
1664,7168,384,cktile_11,cktile,11,0,check,-1,4,,0.0,ok,
1664,7168,384,cktile_12,cktile,12,0,check,-1,5,,0.0,ok,
1664,7168,384,cktile_27,cktile,27,0,check,-1,6,,0.0,ok,
1664,7168,384,cktile_28,cktile,28,0,check,-1,7,,0.0,ok,
1664,7168,384,cktile_29,cktile,29,0,check,-1,8,,0.0,ok,
1664,7168,384,cktile_30,cktile,30,0,check,-1,9,,0.0,ok,
1664,7168,384,cktile_31,cktile,31,0,check,-1,10,,0.0,ok,
1664,7168,384,cktile_32,cktile,32,0,check,-1,11,,0.0,ok,
1664,7168,384,baseline,opus,9020,0,timing,0,0,13.42274999999999,0.0,ok,
1664,7168,384,mid_a_packb,opus,9020,0,timing,0,1,13.252452380952377,0.0,ok,
1664,7168,384,mid16_a_xor,opus,9020,0,timing,0,2,13.240909090909087,0.0,ok,
1664,7168,384,mid_packb_seed0_bptr,opus,9020,0,timing,0,3,12.859108695652173,0.0,ok,
1664,7168,384,cktile_11,cktile,11,0,timing,0,4,13.339113636363633,0.0,ok,
1664,7168,384,cktile_12,cktile,12,0,timing,0,5,13.370279069767442,0.0,ok,
1664,7168,384,cktile_27,cktile,27,0,timing,0,6,13.250022727272722,0.0,ok,
1664,7168,384,cktile_28,cktile,28,0,timing,0,7,13.280976744186049,0.0,ok,
1664,7168,384,cktile_29,cktile,29,0,timing,0,8,13.4,0.0,ok,
1664,7168,384,cktile_30,cktile,30,0,timing,0,9,13.43377777777778,0.0,ok,
1664,7168,384,cktile_31,cktile,31,0,timing,0,10,13.353777777777784,0.0,ok,
1664,7168,384,cktile_32,cktile,32,0,timing,0,11,13.286386363636364,0.0,ok,
1664,7168,384,cktile_11,cktile,11,0,timing,1,0,13.314441860465115,0.0,ok,
1664,7168,384,cktile_12,cktile,12,0,timing,1,1,13.367111111111118,0.0,ok,
1664,7168,384,cktile_27,cktile,27,0,timing,1,2,13.297777777777782,0.0,ok,
1664,7168,384,cktile_28,cktile,28,0,timing,1,3,13.267295454545446,0.0,ok,
1664,7168,384,cktile_29,cktile,29,0,timing,1,4,13.390222222222215,0.0,ok,
1664,7168,384,cktile_30,cktile,30,0,timing,1,5,13.47181818181818,0.0,ok,
1664,7168,384,cktile_31,cktile,31,0,timing,1,6,13.286926829268292,0.0,ok,
1664,7168,384,cktile_32,cktile,32,0,timing,1,7,13.33064444444445,0.0,ok,
1664,7168,384,baseline,opus,9020,0,timing,1,8,13.56711111111112,0.0,ok,
1664,7168,384,mid_a_packb,opus,9020,0,timing,1,9,13.219555555555555,0.0,ok,
1664,7168,384,mid16_a_xor,opus,9020,0,timing,1,10,13.291555555555561,0.0,ok,
1664,7168,384,mid_packb_seed0_bptr,opus,9020,0,timing,1,11,13.00272727272727,0.0,ok,
1664,7168,384,cktile_29,cktile,29,0,timing,2,0,13.464232558139537,0.0,ok,
1664,7168,384,cktile_30,cktile,30,0,timing,2,1,13.456000000000007,0.0,ok,
1664,7168,384,cktile_31,cktile,31,0,timing,2,2,13.35167441860465,0.0,ok,
1664,7168,384,cktile_32,cktile,32,0,timing,2,3,13.262222222222219,0.0,ok,
1664,7168,384,baseline,opus,9020,0,timing,2,4,13.500047619047624,0.0,ok,
1664,7168,384,mid_a_packb,opus,9020,0,timing,2,5,13.231999999999994,0.0,ok,
1664,7168,384,mid16_a_xor,opus,9020,0,timing,2,6,13.267953488372093,0.0,ok,
1664,7168,384,mid_packb_seed0_bptr,opus,9020,0,timing,2,7,12.952750000000002,0.0,ok,
1664,7168,384,cktile_11,cktile,11,0,timing,2,8,13.438222222222217,0.0,ok,
1664,7168,384,cktile_12,cktile,12,0,timing,2,9,13.295477272727267,0.0,ok,
1664,7168,384,cktile_27,cktile,27,0,timing,2,10,13.272604651162792,0.0,ok,
1664,7168,384,cktile_28,cktile,28,0,timing,2,11,13.253333333333336,0.0,ok,
1664,7168,3072,baseline,opus,9020,0,check,-1,0,,0.0,ok,
1664,7168,3072,mid_a_packb,opus,9020,0,check,-1,1,,0.0,ok,
1664,7168,3072,mid16_a_xor,opus,9020,0,check,-1,2,,0.0,ok,
1664,7168,3072,mid_packb_seed0_bptr,opus,9020,0,check,-1,3,,0.0,ok,
1664,7168,3072,cktile_11,cktile,11,0,check,-1,4,,0.0,ok,
1664,7168,3072,cktile_27,cktile,27,0,check,-1,5,,0.0,ok,
1664,7168,3072,cktile_29,cktile,29,0,check,-1,6,,0.0,ok,
1664,7168,3072,baseline,opus,9020,0,timing,0,0,39.585047619047614,0.0,ok,
1664,7168,3072,mid_a_packb,opus,9020,0,timing,0,1,40.032977272727294,0.0,ok,
1664,7168,3072,mid16_a_xor,opus,9020,0,timing,0,2,40.80492,0.0,ok,
1664,7168,3072,mid_packb_seed0_bptr,opus,9020,0,timing,0,3,39.45671739130436,0.0,ok,
1664,7168,3072,cktile_11,cktile,11,0,timing,0,4,40.83457142857145,0.0,ok,
1664,7168,3072,cktile_27,cktile,27,0,timing,0,5,41.85054,0.0,ok,
1664,7168,3072,cktile_29,cktile,29,0,timing,0,6,41.89810204081632,0.0,ok,
1664,7168,3072,mid16_a_xor,opus,9020,0,timing,1,0,40.26333333333333,0.0,ok,
1664,7168,3072,mid_packb_seed0_bptr,opus,9020,0,timing,1,1,39.50537209302328,0.0,ok,
1664,7168,3072,cktile_11,cktile,11,0,timing,1,2,41.101780487804874,0.0,ok,
1664,7168,3072,cktile_27,cktile,27,0,timing,1,3,41.83934693877552,0.0,ok,
1664,7168,3072,cktile_29,cktile,29,0,timing,1,4,41.91134000000002,0.0,ok,
1664,7168,3072,baseline,opus,9020,0,timing,1,5,39.916534883720935,0.0,ok,
1664,7168,3072,mid_a_packb,opus,9020,0,timing,1,6,39.266952380952375,0.0,ok,
1664,7168,3072,cktile_11,cktile,11,0,timing,2,0,40.77979069767443,0.0,ok,
1664,7168,3072,cktile_27,cktile,27,0,timing,2,1,40.859333333333325,0.0,ok,
1664,7168,3072,cktile_29,cktile,29,0,timing,2,2,40.94072093023257,0.0,ok,
1664,7168,3072,baseline,opus,9020,0,timing,2,3,40.16106521739132,0.0,ok,
1664,7168,3072,mid_a_packb,opus,9020,0,timing,2,4,40.116897959183675,0.0,ok,
1664,7168,3072,mid16_a_xor,opus,9020,0,timing,2,5,40.894540000000006,0.0,ok,
1664,7168,3072,mid_packb_seed0_bptr,opus,9020,0,timing,2,6,39.883595744680825,0.0,ok,
1344,16384,1536,baseline,opus,9020,0,check,-1,0,,0.0,ok,
1344,16384,1536,mid_a_packb,opus,9020,0,check,-1,1,,0.0,ok,
1344,16384,1536,mid16_a_xor,opus,9020,0,check,-1,2,,0.0,ok,
1344,16384,1536,mid_packb_seed0_bptr,opus,9020,0,check,-1,3,,0.0,ok,
1344,16384,1536,cktile_11,cktile,11,0,check,-1,4,,0.0,ok,
1344,16384,1536,cktile_27,cktile,27,0,check,-1,5,,0.0,ok,
1344,16384,1536,cktile_28,cktile,28,0,check,-1,6,,0.0,ok,
1344,16384,1536,cktile_29,cktile,29,0,check,-1,7,,0.0,ok,
1344,16384,1536,baseline,opus,9020,0,timing,0,0,44.57893333333335,0.0,ok,
1344,16384,1536,mid_a_packb,opus,9020,0,timing,0,1,44.46337999999999,0.0,ok,
1344,16384,1536,mid16_a_xor,opus,9020,0,timing,0,2,44.534680851063804,0.0,ok,
1344,16384,1536,mid_packb_seed0_bptr,opus,9020,0,timing,0,3,43.89185416666667,0.0,ok,
1344,16384,1536,cktile_11,cktile,11,0,timing,0,4,44.63604166666668,0.0,ok,
1344,16384,1536,cktile_27,cktile,27,0,timing,0,5,44.38792857142856,0.0,ok,
1344,16384,1536,cktile_28,cktile,28,0,timing,0,6,45.06656,0.0,ok,
1344,16384,1536,cktile_29,cktile,29,0,timing,0,7,44.889759999999995,0.0,ok,
1344,16384,1536,mid16_a_xor,opus,9020,0,timing,1,0,44.095162790697664,0.0,ok,
1344,16384,1536,mid_packb_seed0_bptr,opus,9020,0,timing,1,1,44.275265306122456,0.0,ok,
1344,16384,1536,cktile_11,cktile,11,0,timing,1,2,44.225395348837196,0.0,ok,
1344,16384,1536,cktile_27,cktile,27,0,timing,1,3,45.088980000000014,0.0,ok,
1344,16384,1536,cktile_28,cktile,28,0,timing,1,4,44.38823255813953,0.0,ok,
1344,16384,1536,cktile_29,cktile,29,0,timing,1,5,44.70854166666667,0.0,ok,
1344,16384,1536,baseline,opus,9020,0,timing,1,6,44.082911111111095,0.0,ok,
1344,16384,1536,mid_a_packb,opus,9020,0,timing,1,7,44.21850000000001,0.0,ok,
1344,16384,1536,cktile_27,cktile,27,0,timing,2,0,44.74875510204084,0.0,ok,
1344,16384,1536,cktile_28,cktile,28,0,timing,2,1,44.797708333333354,0.0,ok,
1344,16384,1536,cktile_29,cktile,29,0,timing,2,2,44.89856,0.0,ok,
1344,16384,1536,baseline,opus,9020,0,timing,2,3,44.22248888888892,0.0,ok,
1344,16384,1536,mid_a_packb,opus,9020,0,timing,2,4,44.620200000000004,0.0,ok,
1344,16384,1536,mid16_a_xor,opus,9020,0,timing,2,5,44.89140000000001,0.0,ok,
1344,16384,1536,mid_packb_seed0_bptr,opus,9020,0,timing,2,6,44.4924693877551,0.0,ok,
1344,16384,1536,cktile_11,cktile,11,0,timing,2,7,44.98897999999999,0.0,ok,
10240,768,7168,baseline,opus,9020,0,check,-1,0,,0.0,ok,
10240,768,7168,mid_a_packb,opus,9020,0,check,-1,1,,0.0,ok,
10240,768,7168,mid16_a_xor,opus,9020,0,check,-1,2,,0.0,ok,
10240,768,7168,mid_packb_seed0_bptr,opus,9020,0,check,-1,3,,0.0,ok,
10240,768,7168,ck_0,ck,0,0,check,-1,4,,0.0,ok,
10240,768,7168,baseline,opus,9020,0,timing,0,0,80.77434693877551,0.0,ok,
10240,768,7168,mid_a_packb,opus,9020,0,timing,0,1,81.04046938775514,0.0,ok,
10240,768,7168,mid16_a_xor,opus,9020,0,timing,0,2,81.04383333333332,0.0,ok,
10240,768,7168,mid_packb_seed0_bptr,opus,9020,0,timing,0,3,81.17434693877549,0.0,ok,
10240,768,7168,ck_0,ck,0,0,timing,0,4,84.37329999999996,0.0,ok,
10240,768,7168,mid_a_packb,opus,9020,0,timing,1,0,80.94906122448978,0.0,ok,
10240,768,7168,mid16_a_xor,opus,9020,0,timing,1,1,81.06348936170212,0.0,ok,
10240,768,7168,mid_packb_seed0_bptr,opus,9020,0,timing,1,2,80.08047916666663,0.0,ok,
10240,768,7168,ck_0,ck,0,0,timing,1,3,82.81567999999999,0.0,ok,
10240,768,7168,baseline,opus,9020,0,timing,1,4,81.08047916666665,0.0,ok,
10240,768,7168,mid_packb_seed0_bptr,opus,9020,0,timing,2,0,80.08550000000004,0.0,ok,
10240,768,7168,ck_0,ck,0,0,timing,2,1,82.78288,0.0,ok,
10240,768,7168,baseline,opus,9020,0,timing,2,2,81.44702040816325,0.0,ok,
10240,768,7168,mid_a_packb,opus,9020,0,timing,2,3,80.62383333333332,0.0,ok,
10240,768,7168,mid16_a_xor,opus,9020,0,timing,2,4,81.00457142857144,0.0,ok,
1536,16384,1536,baseline,opus,9020,0,check,-1,0,,0.0,ok,
1536,16384,1536,mid_a_packb,opus,9020,0,check,-1,1,,0.0,ok,
1536,16384,1536,mid16_a_xor,opus,9020,0,check,-1,2,,0.0,ok,
1536,16384,1536,mid_packb_seed0_bptr,opus,9020,0,check,-1,3,,0.0,ok,
1536,16384,1536,cktile_11,cktile,11,0,check,-1,4,,0.0,ok,
1536,16384,1536,cktile_27,cktile,27,0,check,-1,5,,0.0,ok,
1536,16384,1536,cktile_28,cktile,28,0,check,-1,6,,0.0,ok,
1536,16384,1536,cktile_29,cktile,29,0,check,-1,7,,0.0,ok,
1536,16384,1536,baseline,opus,9020,0,timing,0,0,47.30978260869566,0.0,ok,
1536,16384,1536,mid_a_packb,opus,9020,0,timing,0,1,47.11856250000002,0.0,ok,
1536,16384,1536,mid16_a_xor,opus,9020,0,timing,0,2,47.78178000000002,0.0,ok,
1536,16384,1536,mid_packb_seed0_bptr,opus,9020,0,timing,0,3,46.860179999999964,0.0,ok,
1536,16384,1536,cktile_11,cktile,11,0,timing,0,4,47.954863636363626,0.0,ok,
1536,16384,1536,cktile_27,cktile,27,0,timing,0,5,48.23940425531918,0.0,ok,
1536,16384,1536,cktile_28,cktile,28,0,timing,0,6,48.0715652173913,0.0,ok,
1536,16384,1536,cktile_29,cktile,29,0,timing,0,7,48.397000000000006,0.0,ok,
1536,16384,1536,mid16_a_xor,opus,9020,0,timing,1,0,47.617000000000004,0.0,ok,
1536,16384,1536,mid_packb_seed0_bptr,opus,9020,0,timing,1,1,46.40195744680849,0.0,ok,
1536,16384,1536,cktile_11,cktile,11,0,timing,1,2,47.90895652173911,0.0,ok,
1536,16384,1536,cktile_27,cktile,27,0,timing,1,3,47.85184444444444,0.0,ok,
1536,16384,1536,cktile_28,cktile,28,0,timing,1,4,47.95851111111108,0.0,ok,
1536,16384,1536,cktile_29,cktile,29,0,timing,1,5,48.5266,0.0,ok,
1536,16384,1536,baseline,opus,9020,0,timing,1,6,47.48549999999998,0.0,ok,
1536,16384,1536,mid_a_packb,opus,9020,0,timing,1,7,46.67330434782609,0.0,ok,
1536,16384,1536,cktile_27,cktile,27,0,timing,2,0,48.42226530612243,0.0,ok,
1536,16384,1536,cktile_28,cktile,28,0,timing,2,1,48.37699999999999,0.0,ok,
1536,16384,1536,cktile_29,cktile,29,0,timing,2,2,48.19048888888892,0.0,ok,
1536,16384,1536,baseline,opus,9020,0,timing,2,3,47.273045454545446,0.0,ok,
1536,16384,1536,mid_a_packb,opus,9020,0,timing,2,4,47.39940000000001,0.0,ok,
1536,16384,1536,mid16_a_xor,opus,9020,0,timing,2,5,47.36022916666669,0.0,ok,
1536,16384,1536,mid_packb_seed0_bptr,opus,9020,0,timing,2,6,46.6818,0.0,ok,
1536,16384,1536,cktile_11,cktile,11,0,timing,2,7,48.183739130434795,0.0,ok,
