gfx,cu_num,M,N,K,old_slow16,added10,selected_state,selected_libtype,selected_kernelId,selected_splitK,selected_kernelName,selected_us,opus_libtype,opus_kernelId,opus_splitK,opus_kernelName,opus_us,external_libtype,external_kernelId,external_splitK,external_kernelName,external_us,opus_state,opus_candidate_rows,opus_valid_rows,external_state,external_candidate_rows,external_valid_rows,comparison,opus_over_external,external_over_opus_speedup,opus_time_reduction_pct,9030_recorded_rows,9030_valid_rows,9030_us,9030_selected
gfx950,256,16384,65536,1536,False,True,verified_valid_minimum,opus,9030,0,opus_gemm_gfx950_a8w8_mxscale_gemm_bpreshuffle_512x192x256x128_4x2_16x16x128_1x128x128_tiles1,1966.8417,opus,9030,0,opus_gemm_gfx950_a8w8_mxscale_gemm_bpreshuffle_512x192x256x128_4x2_16x16x128_1x128x128_tiles1,1966.8417,ck,13,0,a8w8_blockscale_bpreshuffle_1x128x128_256x64x256x128_16x16_16x16_8x32x1_8x32x1_1x32x1x8_8_2x1_intrawave_v1,2438.3968,valid,1,1,valid,81,18,opus_faster,0.8066126481137115,1.2397524416937062,19.338735188628853,1,1,1966.8417,True
gfx950,256,20480,65536,1536,False,True,verified_valid_minimum,opus,9030,0,opus_gemm_gfx950_a8w8_mxscale_gemm_bpreshuffle_512x192x256x128_4x2_16x16x128_1x128x128_tiles1,2457.1969,opus,9030,0,opus_gemm_gfx950_a8w8_mxscale_gemm_bpreshuffle_512x192x256x128_4x2_16x16x128_1x128x128_tiles1,2457.1969,ck,13,0,a8w8_blockscale_bpreshuffle_1x128x128_256x64x256x128_16x16_16x16_8x32x1_8x32x1_1x32x1x8_8_2x1_intrawave_v1,3058.5099,valid,1,1,valid,81,18,opus_faster,0.8033967455851622,1.2447150246689633,19.660325441483785,1,1,2457.1969,True
gfx950,256,24576,65536,1536,False,True,verified_valid_minimum,opus,9030,0,opus_gemm_gfx950_a8w8_mxscale_gemm_bpreshuffle_512x192x256x128_4x2_16x16x128_1x128x128_tiles1,2919.0444,opus,9030,0,opus_gemm_gfx950_a8w8_mxscale_gemm_bpreshuffle_512x192x256x128_4x2_16x16x128_1x128x128_tiles1,2919.0444,ck,13,0,a8w8_blockscale_bpreshuffle_1x128x128_256x64x256x128_16x16_16x16_8x32x1_8x32x1_1x32x1x8_8_2x1_intrawave_v1,3602.6413,valid,1,1,valid,81,18,opus_faster,0.8102511898700546,1.23418516689914,18.974881012994537,1,1,2919.0444,True
gfx950,256,28672,65536,1536,False,True,verified_valid_minimum,opus,9030,0,opus_gemm_gfx950_a8w8_mxscale_gemm_bpreshuffle_512x192x256x128_4x2_16x16x128_1x128x128_tiles1,3435.3675,opus,9030,0,opus_gemm_gfx950_a8w8_mxscale_gemm_bpreshuffle_512x192x256x128_4x2_16x16x128_1x128x128_tiles1,3435.3675,ck,13,0,a8w8_blockscale_bpreshuffle_1x128x128_256x64x256x128_16x16_16x16_8x32x1_8x32x1_1x32x1x8_8_2x1_intrawave_v1,4202.2866,valid,1,1,valid,81,18,opus_faster,0.8174995727326164,1.2232422295431278,18.250042726738357,1,1,3435.3675,True
gfx950,256,32768,65536,1536,False,True,verified_valid_minimum,opus,9030,0,opus_gemm_gfx950_a8w8_mxscale_gemm_bpreshuffle_512x192x256x128_4x2_16x16x128_1x128x128_tiles1,3890.3425,opus,9030,0,opus_gemm_gfx950_a8w8_mxscale_gemm_bpreshuffle_512x192x256x128_4x2_16x16x128_1x128x128_tiles1,3890.3425,,,,,,valid,1,1,no_valid_candidate,81,0,no_valid_external,,,,1,1,3890.3425,True
gfx950,256,40960,65536,1536,False,True,verified_valid_minimum,opus,9030,0,opus_gemm_gfx950_a8w8_mxscale_gemm_bpreshuffle_512x192x256x128_4x2_16x16x128_1x128x128_tiles1,4891.2696,opus,9030,0,opus_gemm_gfx950_a8w8_mxscale_gemm_bpreshuffle_512x192x256x128_4x2_16x16x128_1x128x128_tiles1,4891.2696,,,,,,valid,1,1,no_valid_candidate,81,0,no_valid_external,,,,1,1,4891.2696,True
gfx950,256,49152,65536,1536,False,True,verified_valid_minimum,opus,9030,0,opus_gemm_gfx950_a8w8_mxscale_gemm_bpreshuffle_512x192x256x128_4x2_16x16x128_1x128x128_tiles1,5857.7693,opus,9030,0,opus_gemm_gfx950_a8w8_mxscale_gemm_bpreshuffle_512x192x256x128_4x2_16x16x128_1x128x128_tiles1,5857.7693,,,,,,valid,1,1,no_valid_candidate,81,0,no_valid_external,,,,1,1,5857.7693,True
gfx950,256,57344,65536,1536,False,True,verified_valid_minimum,opus,9030,0,opus_gemm_gfx950_a8w8_mxscale_gemm_bpreshuffle_512x192x256x128_4x2_16x16x128_1x128x128_tiles1,6843.1473,opus,9030,0,opus_gemm_gfx950_a8w8_mxscale_gemm_bpreshuffle_512x192x256x128_4x2_16x16x128_1x128x128_tiles1,6843.1473,,,,,,valid,1,1,no_valid_candidate,81,0,no_valid_external,,,,1,1,6843.1473,True
gfx950,256,65536,16384,1536,False,True,verified_valid_minimum,opus,9030,0,opus_gemm_gfx950_a8w8_mxscale_gemm_bpreshuffle_512x192x256x128_4x2_16x16x128_1x128x128_tiles1,1837.661,opus,9030,0,opus_gemm_gfx950_a8w8_mxscale_gemm_bpreshuffle_512x192x256x128_4x2_16x16x128_1x128x128_tiles1,1837.661,ck,13,0,a8w8_blockscale_bpreshuffle_1x128x128_256x64x256x128_16x16_16x16_8x32x1_8x32x1_1x32x1x8_8_2x1_intrawave_v1,2260.6239,valid,1,1,valid,81,18,opus_faster,0.8128999255471023,1.2301637244301316,18.71000744528977,1,1,1837.661,True
gfx950,256,65536,65536,1536,False,True,verified_valid_minimum,opus,9030,0,opus_gemm_gfx950_a8w8_mxscale_gemm_bpreshuffle_512x192x256x128_4x2_16x16x128_1x128x128_tiles1,7826.7586,opus,9030,0,opus_gemm_gfx950_a8w8_mxscale_gemm_bpreshuffle_512x192x256x128_4x2_16x16x128_1x128x128_tiles1,7826.7586,,,,,,valid,1,1,no_valid_candidate,81,0,no_valid_external,,,,1,1,7826.7586,True
