gfx,cu_num,M,N,K,opus28_kid,opus28_us,opus26_kid,opus26_us,external_libtype,external_kernelId,external_splitK,external_us,all_libtype,all_kernelId,all_splitK,all_us,opus_kernelId,opus_us,same_run_baseline_us,incremental_speedup,incremental_latency_reduction_pct,opus_vs_external_speedup,historical_opus_time_change_pct,new_selected
gfx950,256,448,65536,1536,9011,56.5094,9010,56.5494,ck,13,0,79.5089,opus,9011,0,56.5094,9010,58.7805,73.0406,1.0007078468361017,0.0707346143371978,1.4070030826729711,-3.8636962938389474,True
gfx950,256,1856,7168,768,9011,17.1065,9010,17.2662,ck,14,0,24.8886,opus,9011,0,17.1065,9010,18.8904,24.3601,1.0093356326542542,0.9249284729703212,1.4549206441995732,-9.44342099690848,True
gfx950,256,1984,7168,16384,9011,196.8789,9010,197.138,ck,0,0,296.5805,opus,9011,0,196.8789,9010,205.6603,307.0097,1.001316037421989,0.1314307743814025,1.5064107936401514,-4.269856651964443,True
gfx950,256,4096,7168,1024,9001,37.034,9000,37.0564,ck,13,0,60.0739,opus,9001,0,37.034,9000,39.5081,48.5671,1.000604849597667,0.0604483975777392,1.6221283145217908,-6.262260144122345,True
gfx950,256,8192,2048,7168,9001,93.1254,9000,94.4205,ck,0,0,154.1735,opus,9001,0,93.1254,9000,100.2855,158.0894,1.0139070543589612,1.3716301015139765,1.6555472513406653,-7.139716110504512,True
gfx950,256,12288,6144,7168,9001,420.9264,9000,421.3198,ck,0,0,571.8309,opus,9001,0,420.9264,9000,437.343,481.1351,1.0009346051946373,0.0933732523370589,1.3585056674991165,-3.753712760922212,True
gfx950,256,16384,7168,768,9001,97.2223,9000,98.2932,ck,0,0,166.3111,opus,9001,0,97.2223,9000,113.6191,131.4897,1.0110149626166012,1.089495509353644,1.7106270886411865,-14.43137641470492,True
gfx950,256,20480,7168,7168,9001,760.6453,9000,761.2301,ck,0,0,1080.0267,opus,9001,0,760.6453,9000,794.0399,925.6334,1.0007688208945746,0.0768230263096469,1.4198821710986709,-4.205657675388852,True
gfx950,256,32768,7168,384,9001,131.1137,9020,131.3046,cktile,28,0,150.2758,opus,9001,0,131.1137,9000,158.7027,181.2549,1.001455988199555,0.1453871379982096,1.14614872435146,-17.384077271527197,True
gfx950,256,49152,16384,1536,9001,1125.8893,9000,1126.0128,ck,0,0,1609.0627,opus,9001,0,1125.8893,9000,1198.3118,1382.4806,1.000109691068207,0.0109679037396337,1.4291482297593554,-6.043710827182036,True
