analysis_status,library,kid,retained,kind,available_shapes,choices,selected_external_wins,constraint_failures_if_removed,satisfying_shapes
passed,registered_opus,9000,True,registered_old5,175,129,129,,
passed,registered_opus,9010,True,registered_old5,215,10,10,,
passed,registered_opus,9011,True,registered_old5,295,23,23,,
passed,registered_opus,9012,True,registered_old5,295,7,7,,
passed,registered_opus,9020,True,registered_old5,295,31,31,,
passed,generic_lds,9661,False,generic_experiment,295,0,0,,2
passed,generic_lds,9663,False,generic_experiment,295,0,0,,9
passed,long_epilogue_sync,13163,False,generic_experiment,295,0,0,,6
passed,long_runtime,20000,True,generic_experiment,295,12,12,2,45
passed,short_runtime,20010,True,generic_experiment,117,7,7,6,7
passed,short_runtime,20011,True,generic_experiment,117,14,14,14,15
passed,n224_runtime,20020,True,generic_experiment,63,2,2,1,3
passed,long_runtime_grid,20100,True,generic_experiment,295,31,31,10,58
passed,short_fused_runtime,20120,False,generic_experiment,117,0,0,,0
passed,short_fused_runtime_loop,20121,False,generic_experiment,117,0,0,,0
passed,short_runtime_refine,20122,False,generic_experiment,117,0,0,,0
passed,short_runtime_refine,20123,False,generic_experiment,117,0,0,,0
passed,n224_runtime_loop,20124,False,generic_experiment,63,0,0,,3
passed,short_runtime_unified,20125,True,generic_experiment,117,6,4,3,8
passed,short_runtime_unified,20126,False,generic_experiment,117,0,0,,6
passed,short_runtime_group4,20127,False,generic_experiment,117,0,0,,3
passed,long_runtime_fused,20128,True,generic_experiment,295,21,19,1,50
passed,short_runtime_unified_small,20129,False,generic_experiment,117,0,0,,0
passed,short_runtime_unified_small,20130,False,generic_experiment,117,0,0,,0
passed,short_runtime_group4_cache2,20131,True,generic_experiment,117,2,2,1,5
