M,N,K,scope,selected_backend,selected_kid,opus_parent_kid,actual_kid,historical_best_opus_us,flydsl_kind,flydsl_kid,flydsl_us,slow_pct,needed_latency_reduction_pct,package,candidate_count,candidate_keys,offline_compile_link,cpu_layout_contract_audit,numerical_validation,performance_validation,registered
1,2048,7168,selected_opus,opus,9041,9041,9050,6.4767,bmm,bmm,6.148,5.3464541314248715,5.075115413713782,small_split,6,small_split:110;small_split:111;small_split:120;small_split:121;small_split:130;small_split:140,passed,passed,not_run_gpu_stopped,not_run_gpu_stopped,False
1,6144,7168,selected_opus,opus,9041,9041,9041,11.1873,bmm,bmm,9.484,17.959721636440328,15.225300117097074,small_split,6,small_split:110;small_split:111;small_split:120;small_split:121;small_split:130;small_split:140,passed,passed,not_run_gpu_stopped,not_run_gpu_stopped,False
1,7168,1024,selected_opus,opus,9051,9051,9051,4.247,bmm,bmm,3.993,6.361131980966683,5.980692253355313,small_split,6,small_split:110;small_split:111;small_split:120;small_split:121;small_split:130;small_split:140,passed,passed,not_run_gpu_stopped,not_run_gpu_stopped,False
1,7168,3072,selected_opus,opus,9052,9052,9052,6.1378,bmm,bmm,6.054,1.384208787578456,1.3653100459448009,small_split,6,small_split:110;small_split:111;small_split:120;small_split:121;small_split:130;small_split:140,passed,passed,not_run_gpu_stopped,not_run_gpu_stopped,False
1,7168,7168,selected_opus,opus,9041,9041,9041,11.5507,bmm,bmm,10.575,9.226477541371182,8.447107101734108,small_split,6,small_split:110;small_split:111;small_split:120;small_split:121;small_split:130;small_split:140,passed,passed,not_run_gpu_stopped,not_run_gpu_stopped,False
1,7168,16384,selected_opus,opus,9041,9041,9050,22.2449,bmm,bmm,19.238,15.63000311882734,13.517255640618753,small_split,6,small_split:110;small_split:111;small_split:120;small_split:121;small_split:130;small_split:140,passed,passed,not_run_gpu_stopped,not_run_gpu_stopped,False
1,65536,1536,selected_opus,opus,9052,9052,9052,16.6715,bmm,bmm,15.945,4.556287237378487,4.357736256485623,small_split,6,small_split:110;small_split:111;small_split:120;small_split:121;small_split:130;small_split:140,passed,passed,not_run_gpu_stopped,not_run_gpu_stopped,False
2,6144,7168,selected_opus,opus,9041,9041,9041,10.8464,bmm,bmm,9.298,16.653043665304356,14.275704381177157,small_split,6,small_split:110;small_split:111;small_split:120;small_split:121;small_split:130;small_split:140,passed,passed,not_run_gpu_stopped,not_run_gpu_stopped,False
2,7168,384,selected_opus,opus,9040,9040,9040,3.4121,bmm,bmm,3.361,1.5203808390360063,1.4976114416341835,small_split,6,small_split:110;small_split:111;small_split:120;small_split:121;small_split:130;small_split:140,passed,passed,not_run_gpu_stopped,not_run_gpu_stopped,False
2,7168,768,selected_opus,opus,9040,9040,9040,3.8155,bmm,bmm,3.807,0.22327291830839258,0.2227755209015858,small_split,6,small_split:110;small_split:111;small_split:120;small_split:121;small_split:130;small_split:140,passed,passed,not_run_gpu_stopped,not_run_gpu_stopped,False
2,7168,1024,selected_opus,opus,9051,9051,9051,4.3262,bmm,bmm,4.105,5.388550548112048,5.113032222273583,small_split,6,small_split:110;small_split:111;small_split:120;small_split:121;small_split:130;small_split:140,passed,passed,not_run_gpu_stopped,not_run_gpu_stopped,False
2,7168,3072,selected_opus,opus,9052,9052,9052,6.6093,bmm,bmm,6.078,8.74136229022704,8.038672779265577,small_split,6,small_split:110;small_split:111;small_split:120;small_split:121;small_split:130;small_split:140,passed,passed,not_run_gpu_stopped,not_run_gpu_stopped,False
2,7168,7168,selected_opus,opus,9041,9041,9041,11.0008,bmm,bmm,10.485,4.919408679065329,4.688749909097522,small_split,6,small_split:110;small_split:111;small_split:120;small_split:121;small_split:130;small_split:140,passed,passed,not_run_gpu_stopped,not_run_gpu_stopped,False
2,7168,16384,selected_opus,opus,9041,9041,9050,22.4942,bmm,bmm,19.197,17.17560035422201,14.658000729076825,small_split,6,small_split:110;small_split:111;small_split:120;small_split:121;small_split:130;small_split:140,passed,passed,not_run_gpu_stopped,not_run_gpu_stopped,False
2,16384,1536,selected_opus,opus,9051,9051,9051,6.7382,bmm,bmm,6.41,5.120124804992199,4.870736992075031,small_split,6,small_split:110;small_split:111;small_split:120;small_split:121;small_split:130;small_split:140,passed,passed,not_run_gpu_stopped,not_run_gpu_stopped,False
2,65536,1536,selected_opus,opus,9051,9051,9051,16.9061,bmm,bmm,15.905,6.294247092109395,5.921531281608406,small_split,6,small_split:110;small_split:111;small_split:120;small_split:121;small_split:130;small_split:140,passed,passed,not_run_gpu_stopped,not_run_gpu_stopped,False
4,768,7168,selected_opus,opus,9041,9041,9050,5.4945,bmm,bmm,4.989,10.132291040288655,9.200109200109207,small_split,6,small_split:110;small_split:111;small_split:120;small_split:121;small_split:130;small_split:140,passed,passed,not_run_gpu_stopped,not_run_gpu_stopped,False
4,2048,7168,selected_opus,opus,9041,9041,9050,6.6015,bmm,bmm,6.063,8.88174171202376,8.15723699159282,small_split,6,small_split:110;small_split:111;small_split:120;small_split:121;small_split:130;small_split:140,passed,passed,not_run_gpu_stopped,not_run_gpu_stopped,False
4,6144,7168,selected_opus,opus,9041,9041,9041,11.2744,bmm,bmm,9.369,20.337282527484255,16.900234158802242,small_split,6,small_split:110;small_split:111;small_split:120;small_split:121;small_split:130;small_split:140,passed,passed,not_run_gpu_stopped,not_run_gpu_stopped,False
4,7168,1024,selected_opus,opus,9051,9051,9051,4.2718,bmm,bmm,4.046,5.580820563519517,5.285827988201685,small_split,6,small_split:110;small_split:111;small_split:120;small_split:121;small_split:130;small_split:140,passed,passed,not_run_gpu_stopped,not_run_gpu_stopped,False
4,7168,3072,selected_opus,opus,9052,9052,9052,6.6299,bmm,bmm,6.119,8.349403497303488,7.705998582180729,small_split,6,small_split:110;small_split:111;small_split:120;small_split:121;small_split:130;small_split:140,passed,passed,not_run_gpu_stopped,not_run_gpu_stopped,False
4,7168,7168,selected_opus,opus,9041,9041,9041,11.7742,bmm,bmm,10.425,12.94196642685852,11.458952625231433,small_split,6,small_split:110;small_split:111;small_split:120;small_split:121;small_split:130;small_split:140,passed,passed,not_run_gpu_stopped,not_run_gpu_stopped,False
4,7168,16384,selected_opus,opus,9041,9041,9050,22.4656,bmm,bmm,19.251,16.698353332294413,14.308987963820229,small_split,6,small_split:110;small_split:111;small_split:120;small_split:121;small_split:130;small_split:140,passed,passed,not_run_gpu_stopped,not_run_gpu_stopped,False
4,65536,1536,selected_opus,opus,9054,9054,9054,17.5328,bmm,bmm,15.905,10.234517447343627,9.284312830808549,small_split,6,small_split:110;small_split:111;small_split:120;small_split:121;small_split:130;small_split:140,passed,passed,not_run_gpu_stopped,not_run_gpu_stopped,False
8,768,7168,selected_opus,opus,9041,9041,9050,5.992,bmm,bmm,4.938,21.34467395706765,17.59012016021362,small_split,6,small_split:110;small_split:111;small_split:120;small_split:121;small_split:130;small_split:140,passed,passed,not_run_gpu_stopped,not_run_gpu_stopped,False
8,2048,7168,selected_opus,opus,9041,9041,9050,7.3134,bmm,bmm,6.085,20.18734593262119,16.79656520906828,small_split,6,small_split:110;small_split:111;small_split:120;small_split:121;small_split:130;small_split:140,passed,passed,not_run_gpu_stopped,not_run_gpu_stopped,False
8,6144,7168,selected_opus,opus,9041,9041,9041,11.2504,bmm,bmm,9.471,18.787878787878796,15.816326530612246,small_split,6,small_split:110;small_split:111;small_split:120;small_split:121;small_split:130;small_split:140,passed,passed,not_run_gpu_stopped,not_run_gpu_stopped,False
8,7168,384,selected_opus,opus,9040,9040,9040,3.548,bmm,bmm,3.359,5.626674605537363,5.326944757609919,small_split,6,small_split:110;small_split:111;small_split:120;small_split:121;small_split:130;small_split:140,passed,passed,not_run_gpu_stopped,not_run_gpu_stopped,False
8,7168,768,selected_opus,opus,9051,9051,9051,3.9227,bmm,bmm,3.826,2.5274438055410187,2.465138807454048,small_split,6,small_split:110;small_split:111;small_split:120;small_split:121;small_split:130;small_split:140,passed,passed,not_run_gpu_stopped,not_run_gpu_stopped,False
8,7168,3072,selected_opus,opus,9052,9052,9052,6.3154,bmm,bmm,6.169,2.3731561030961412,2.3181429521487273,small_split,6,small_split:110;small_split:111;small_split:120;small_split:121;small_split:130;small_split:140,passed,passed,not_run_gpu_stopped,not_run_gpu_stopped,False
8,7168,7168,selected_opus,opus,9041,9041,9041,12.0473,bmm,bmm,10.531,14.398442693001613,12.586222639097555,small_split,6,small_split:110;small_split:111;small_split:120;small_split:121;small_split:130;small_split:140,passed,passed,not_run_gpu_stopped,not_run_gpu_stopped,False
8,7168,16384,selected_opus,opus,9053,9053,9053,23.3488,bmm,bmm,19.549,19.437311371425658,16.27406975947372,small_split,6,small_split:110;small_split:111;small_split:120;small_split:121;small_split:130;small_split:140,passed,passed,not_run_gpu_stopped,not_run_gpu_stopped,False
8,16384,1536,selected_opus,opus,9051,9051,9051,6.8356,bmm,bmm,6.488,5.357583230579532,5.085142489320615,small_split,6,small_split:110;small_split:111;small_split:120;small_split:121;small_split:130;small_split:140,passed,passed,not_run_gpu_stopped,not_run_gpu_stopped,False
8,65536,1536,additional_non_opus_selected,ck,6,9041,9041,18.2261,bmm,bmm,15.941,14.334734332852372,12.537514882503654,small_split,6,small_split:110;small_split:111;small_split:120;small_split:121;small_split:130;small_split:140,passed,passed,not_run_gpu_stopped,not_run_gpu_stopped,False
16,768,7168,selected_opus,opus,9041,9041,9050,7.3852,bmm,bmm,4.991,47.97034662392308,32.418891837729525,small_split,6,small_split:110;small_split:111;small_split:120;small_split:121;small_split:130;small_split:140,passed,passed,not_run_gpu_stopped,not_run_gpu_stopped,False
16,2048,7168,selected_opus,opus,9041,9041,9050,8.1535,bmm,bmm,6.091,33.861434903956635,25.295885202673684,small_split,6,small_split:110;small_split:111;small_split:120;small_split:121;small_split:130;small_split:140,passed,passed,not_run_gpu_stopped,not_run_gpu_stopped,False
16,6144,7168,selected_opus,opus,9052,9052,9070,12.1296,bmm,bmm,9.903,22.484095728567087,18.35674713098535,small_split,6,small_split:110;small_split:111;small_split:120;small_split:121;small_split:130;small_split:140,passed,passed,not_run_gpu_stopped,not_run_gpu_stopped,False
16,7168,768,selected_opus,opus,9040,9040,9040,4.0024,bmm,bmm,3.933,1.7645563183320556,1.7339596242254673,small_split,6,small_split:110;small_split:111;small_split:120;small_split:121;small_split:130;small_split:140,passed,passed,not_run_gpu_stopped,not_run_gpu_stopped,False
16,7168,3072,selected_opus,opus,9052,9052,9052,7.5169,bmm,bmm,6.393,17.58016580635069,14.95164229935213,small_split,6,small_split:110;small_split:111;small_split:120;small_split:121;small_split:130;small_split:140,passed,passed,not_run_gpu_stopped,not_run_gpu_stopped,False
16,7168,7168,selected_opus,opus,9052,9052,9070,12.6645,bmm,bmm,10.891,16.284087778900002,14.00371116111967,small_split,6,small_split:110;small_split:111;small_split:120;small_split:121;small_split:130;small_split:140,passed,passed,not_run_gpu_stopped,not_run_gpu_stopped,False
16,7168,16384,selected_opus,opus,9053,9053,9053,24.128,bmm,bmm,20.209,19.392349943094665,16.242539787798414,small_split,6,small_split:110;small_split:111;small_split:120;small_split:121;small_split:130;small_split:140,passed,passed,not_run_gpu_stopped,not_run_gpu_stopped,False
16,16384,1536,additional_non_opus_selected,ck,7,9052,9052,7.16,bmm,bmm,6.594,8.583560812860181,7.905027932960895,small_split,6,small_split:110;small_split:111;small_split:120;small_split:121;small_split:130;small_split:140,passed,passed,not_run_gpu_stopped,not_run_gpu_stopped,False
16,65536,1536,additional_non_opus_selected,ck,6,9040,9040,19.0271,bmm,bmm,16.3,16.73067484662576,14.332714917144497,small_split,6,small_split:110;small_split:111;small_split:120;small_split:121;small_split:130;small_split:140,passed,passed,not_run_gpu_stopped,not_run_gpu_stopped,False
32,768,7168,selected_opus,opus,9041,9041,9050,7.293,bmm,bmm,5.717,27.566905719783108,21.60976278623338,small_split,6,small_split:110;small_split:111;small_split:120;small_split:121;small_split:130;small_split:140,passed,passed,not_run_gpu_stopped,not_run_gpu_stopped,False
32,2048,7168,selected_opus,opus,9041,9041,9041,8.7374,bmm,bmm,6.831,27.908066168935708,21.818847712134037,small_split,6,small_split:110;small_split:111;small_split:120;small_split:121;small_split:130;small_split:140,passed,passed,not_run_gpu_stopped,not_run_gpu_stopped,False
32,6144,7168,additional_non_opus_selected,ck,7,9055,9055,16.576,bmm,bmm,11.401,45.39075519691256,31.219835907335913,hybrid_small,3,hybrid_small:9055@direct_b_ahead1;hybrid_small:9055@direct_b_ahead2;hybrid_small:9055@direct_b_ahead3,passed,passed,not_run_gpu_stopped,not_run_gpu_stopped,False
32,7168,1024,selected_opus,opus,9053,9053,9053,5.2132,bmm,bmm,4.56,14.324561403508774,12.529732218215306,small_split,6,small_split:110;small_split:111;small_split:120;small_split:121;small_split:130;small_split:140,passed,passed,not_run_gpu_stopped,not_run_gpu_stopped,False
32,7168,3072,selected_opus,opus,9042,9042,9042,8.5991,bmm,bmm,7.037,22.19837999147365,18.165854566175533,small_split,6,small_split:110;small_split:111;small_split:120;small_split:121;small_split:130;small_split:140,passed,passed,not_run_gpu_stopped,not_run_gpu_stopped,False
32,7168,7168,additional_non_opus_selected,asm,3,9055,9055,16.1644,bmm,bmm,12.054,34.09988385598142,25.42871990299671,hybrid_small,3,hybrid_small:9055@direct_b_ahead1;hybrid_small:9055@direct_b_ahead2;hybrid_small:9055@direct_b_ahead3,passed,passed,not_run_gpu_stopped,not_run_gpu_stopped,False
32,7168,16384,selected_opus,opus,9053,9053,9053,27.0784,bmm,bmm,22.001,23.07804190718603,18.750738596076566,small_split,6,small_split:110;small_split:111;small_split:120;small_split:121;small_split:130;small_split:140,passed,passed,not_run_gpu_stopped,not_run_gpu_stopped,False
32,16384,1536,additional_non_opus_selected,ck,12,9054,9054,8.1711,bmm,bmm,7.046,15.967925063866018,13.769259952760326,small_split,6,small_split:110;small_split:111;small_split:120;small_split:121;small_split:130;small_split:140,passed,passed,not_run_gpu_stopped,not_run_gpu_stopped,False
32,65536,1536,selected_opus,opus,9049,9049,9049,19.1974,bmm,bmm,16.81,14.202260559190961,12.436059049662973,hybrid_small,3,hybrid_small:9049@direct_b_ahead1;hybrid_small:9049@direct_b_ahead2;hybrid_small:9049@direct_b_ahead3,passed,passed,not_run_gpu_stopped,not_run_gpu_stopped,False
48,768,7168,selected_opus,opus,9041,9041,9050,7.525,bmm,bmm,6.531,15.219721329046099,13.209302325581406,small_split,6,small_split:110;small_split:111;small_split:120;small_split:121;small_split:130;small_split:140,passed,passed,not_run_gpu_stopped,not_run_gpu_stopped,False
48,2048,7168,additional_non_opus_selected,asm,6,9052,9070,10.9812,bmm,bmm,7.341,49.58724969350223,33.14938258113867,small_split,6,small_split:110;small_split:111;small_split:120;small_split:121;small_split:130;small_split:140,passed,passed,not_run_gpu_stopped,not_run_gpu_stopped,False
48,6144,7168,selected_opus,opus,9043,9043,9043,15.073,bmm,bmm,12.819,17.583274826429516,14.95389106349101,hybrid_small,3,hybrid_small:9043@direct_b_ahead1;hybrid_small:9043@direct_b_ahead2;hybrid_small:9043@direct_b_ahead3,passed,passed,not_run_gpu_stopped,not_run_gpu_stopped,False
48,7168,384,selected_opus,opus,9047,9047,9047,3.9786,bmm,bmm,3.711,7.210994341147936,6.72598401447746,hybrid_small,3,hybrid_small:9047@direct_b_ahead1;hybrid_small:9047@direct_b_ahead2;hybrid_small:9047@direct_b_ahead3,passed,passed,not_run_gpu_stopped,not_run_gpu_stopped,False
48,7168,768,selected_opus,opus,9054,9054,9054,5.3494,bmm,bmm,4.547,17.646800087970107,14.999813063147272,small_split,6,small_split:110;small_split:111;small_split:120;small_split:121;small_split:130;small_split:140,passed,passed,not_run_gpu_stopped,not_run_gpu_stopped,False
48,7168,3072,selected_opus,opus,9055,9055,9055,9.4606,bmm,bmm,8.088,16.970820969337286,14.508593535293745,hybrid_small,3,hybrid_small:9055@direct_b_ahead1;hybrid_small:9055@direct_b_ahead2;hybrid_small:9055@direct_b_ahead3,passed,passed,not_run_gpu_stopped,not_run_gpu_stopped,False
48,7168,7168,selected_opus,opus,9055,9055,9055,14.9591,bmm,bmm,13.95,7.233691756272398,6.745726681417996,hybrid_small,3,hybrid_small:9055@direct_b_ahead1;hybrid_small:9055@direct_b_ahead2;hybrid_small:9055@direct_b_ahead3,passed,passed,not_run_gpu_stopped,not_run_gpu_stopped,False
48,7168,16384,selected_opus,opus,9063,9063,9069,30.279,bmm,bmm,23.83,27.062526227444405,21.298589781696887,small_split,6,small_split:210;small_split:211;small_split:220;small_split:221;small_split:230;small_split:231,passed,passed,not_run_gpu_stopped,not_run_gpu_stopped,False
48,16384,1536,selected_opus,opus,9044,9044,9056,9.1104,bmm,bmm,7.587,20.079082641360223,16.72154899894627,hybrid_small,3,hybrid_small:9056@direct_b_ahead1;hybrid_small:9056@direct_b_ahead2;hybrid_small:9056@direct_b_ahead3,passed,passed,not_run_gpu_stopped,not_run_gpu_stopped,False
48,65536,1536,selected_opus,opus,9022,9022,9022,21.9427,bmm,bmm,18.277,20.056354981670932,16.70578370027388,main_variants,5,main_variants:92000;main_variants:92001;main_variants:92002;main_variants:92005;main_variants:92006,passed,passed,not_run_gpu_stopped,not_run_gpu_stopped,False
64,768,7168,selected_opus,opus,9041,9041,9050,7.2333,bmm,bmm,6.446,12.213775985107045,10.884381955677213,small_split,6,small_split:110;small_split:111;small_split:120;small_split:121;small_split:130;small_split:140,passed,passed,not_run_gpu_stopped,not_run_gpu_stopped,False
64,2048,7168,additional_non_opus_selected,asm,15,9052,9070,10.4743,bmm,bmm,8.86,18.22009029345373,15.412008439704806,small_split,6,small_split:110;small_split:111;small_split:120;small_split:121;small_split:130;small_split:140,passed,passed,not_run_gpu_stopped,not_run_gpu_stopped,False
64,6144,7168,selected_opus,opus,9055,9055,9055,17.3209,bmm,bmm,12.716,36.21343189682291,26.585800968771846,hybrid_small,3,hybrid_small:9055@direct_b_ahead1;hybrid_small:9055@direct_b_ahead2;hybrid_small:9055@direct_b_ahead3,passed,passed,not_run_gpu_stopped,not_run_gpu_stopped,False
64,7168,384,selected_opus,opus,9047,9047,9047,4.0182,bmm,bmm,3.917,2.583609905539963,2.5185406400876076,hybrid_small,3,hybrid_small:9047@direct_b_ahead1;hybrid_small:9047@direct_b_ahead2;hybrid_small:9047@direct_b_ahead3,passed,passed,not_run_gpu_stopped,not_run_gpu_stopped,False
64,7168,768,selected_opus,opus,9054,9054,9054,4.959,bmm,bmm,4.621,7.31443410517203,6.815890300463789,small_split,6,small_split:110;small_split:111;small_split:120;small_split:121;small_split:130;small_split:140,passed,passed,not_run_gpu_stopped,not_run_gpu_stopped,False
64,7168,1024,selected_opus,opus,9054,9054,9054,6.2355,bmm,bmm,5.122,21.73955486138228,17.857429235827116,small_split,6,small_split:110;small_split:111;small_split:120;small_split:121;small_split:130;small_split:140,passed,passed,not_run_gpu_stopped,not_run_gpu_stopped,False
64,7168,3072,selected_opus,opus,9055,9055,9055,10.0081,bmm,bmm,8.588,16.535863996273893,14.189506499735227,hybrid_small,3,hybrid_small:9055@direct_b_ahead1;hybrid_small:9055@direct_b_ahead2;hybrid_small:9055@direct_b_ahead3,passed,passed,not_run_gpu_stopped,not_run_gpu_stopped,False
64,7168,7168,selected_opus,opus,9055,9055,9055,15.5319,bmm,bmm,15.372,1.0402029664324797,1.0294941378710898,hybrid_small,3,hybrid_small:9055@direct_b_ahead1;hybrid_small:9055@direct_b_ahead2;hybrid_small:9055@direct_b_ahead3,passed,passed,not_run_gpu_stopped,not_run_gpu_stopped,False
64,7168,16384,selected_opus,opus,9063,9063,9063,31.0902,bmm,bmm,25.996,19.596091706416384,16.385227499340626,small_split,6,small_split:210;small_split:211;small_split:220;small_split:221;small_split:230;small_split:231,passed,passed,not_run_gpu_stopped,not_run_gpu_stopped,False
64,16384,1536,selected_opus,opus,9044,9044,9056,8.8668,bmm,bmm,7.806,13.589546502690242,11.963729868723771,hybrid_small,3,hybrid_small:9056@direct_b_ahead1;hybrid_small:9056@direct_b_ahead2;hybrid_small:9056@direct_b_ahead3,passed,passed,not_run_gpu_stopped,not_run_gpu_stopped,False
64,65536,1536,selected_opus,opus,9022,9022,9022,22.1314,bmm,bmm,18.825,17.56387782204516,14.939859204569073,main_variants,5,main_variants:92000;main_variants:92001;main_variants:92002;main_variants:92005;main_variants:92006,passed,passed,not_run_gpu_stopped,not_run_gpu_stopped,False
80,768,7168,selected_opus,opus,9041,9041,9050,7.8464,bmm,bmm,7.456,5.236051502145922,4.975530179445342,small_split,6,small_split:110;small_split:111;small_split:120;small_split:121;small_split:130;small_split:140,passed,passed,not_run_gpu_stopped,not_run_gpu_stopped,False
80,2048,7168,additional_non_opus_selected,asm,14,9055,9055,15.0334,bmm,bmm,9.774,53.81010845099246,34.984767251586476,hybrid_small,3,hybrid_small:9055@direct_b_ahead1;hybrid_small:9055@direct_b_ahead2;hybrid_small:9055@direct_b_ahead3,passed,passed,not_run_gpu_stopped,not_run_gpu_stopped,False
80,6144,7168,selected_opus,opus,9063,9063,9063,18.2141,bmm,bmm,15.869,14.777868800806605,12.875190099977484,small_split,6,small_split:210;small_split:211;small_split:220;small_split:221;small_split:230;small_split:231,passed,passed,not_run_gpu_stopped,not_run_gpu_stopped,False
80,7168,768,selected_opus,opus,9047,9047,9047,6.0263,bmm,bmm,5.042,19.52201507338358,16.333405240363074,hybrid_small,3,hybrid_small:9047@direct_b_ahead1;hybrid_small:9047@direct_b_ahead2;hybrid_small:9047@direct_b_ahead3,passed,passed,not_run_gpu_stopped,not_run_gpu_stopped,False
80,7168,3072,selected_opus,opus,9044,9044,9056,11.0111,bmm,bmm,9.743,13.01549830647646,11.516560561615098,hybrid_small,3,hybrid_small:9056@direct_b_ahead1;hybrid_small:9056@direct_b_ahead2;hybrid_small:9056@direct_b_ahead3,passed,passed,not_run_gpu_stopped,not_run_gpu_stopped,False
80,7168,7168,selected_opus,opus,9044,9044,9056,19.5294,bmm,bmm,17.062,14.46137615754306,12.634284719448619,hybrid_small,3,hybrid_small:9056@direct_b_ahead1;hybrid_small:9056@direct_b_ahead2;hybrid_small:9056@direct_b_ahead3,passed,passed,not_run_gpu_stopped,not_run_gpu_stopped,False
80,7168,16384,selected_opus,opus,9063,9063,9063,32.7117,bmm,bmm,31.982,2.2815958976924566,2.2307003304628092,small_split,6,small_split:210;small_split:211;small_split:220;small_split:221;small_split:230;small_split:231,passed,passed,not_run_gpu_stopped,not_run_gpu_stopped,False
80,16384,1536,selected_opus,opus,9046,9046,9046,9.5035,bmm,bmm,8.591,10.621580724013512,9.60172568001264,hybrid_small,3,hybrid_small:9046@direct_b_ahead1;hybrid_small:9046@direct_b_ahead2;hybrid_small:9046@direct_b_ahead3,passed,passed,not_run_gpu_stopped,not_run_gpu_stopped,False
80,65536,1536,selected_opus,opus,9022,9022,9022,22.7743,bmm,bmm,20.2,12.74405940594059,11.303530734204791,main_variants,5,main_variants:92000;main_variants:92001;main_variants:92002;main_variants:92005;main_variants:92006,passed,passed,not_run_gpu_stopped,not_run_gpu_stopped,False
96,768,7168,additional_non_opus_selected,asm,15,9052,9070,9.1656,bmm,bmm,7.881,16.29996193376475,14.015449070437281,small_split,6,small_split:110;small_split:111;small_split:120;small_split:121;small_split:130;small_split:140,passed,passed,not_run_gpu_stopped,not_run_gpu_stopped,False
96,2048,7168,additional_non_opus_selected,asm,15,9055,9055,15.3015,bmm,bmm,9.86,55.1876267748479,35.56187301898507,hybrid_small,3,hybrid_small:9055@direct_b_ahead1;hybrid_small:9055@direct_b_ahead2;hybrid_small:9055@direct_b_ahead3,passed,passed,not_run_gpu_stopped,not_run_gpu_stopped,False
96,6144,7168,selected_opus,opus,9044,9044,9056,18.9512,bmm,bmm,15.95,18.816300940438868,15.836464181687704,hybrid_small,3,hybrid_small:9056@direct_b_ahead1;hybrid_small:9056@direct_b_ahead2;hybrid_small:9056@direct_b_ahead3,passed,passed,not_run_gpu_stopped,not_run_gpu_stopped,False
96,7168,768,selected_opus,opus,9047,9047,9047,6.2046,bmm,bmm,5.08,22.137795275590545,18.125261902459467,hybrid_small,3,hybrid_small:9047@direct_b_ahead1;hybrid_small:9047@direct_b_ahead2;hybrid_small:9047@direct_b_ahead3,passed,passed,not_run_gpu_stopped,not_run_gpu_stopped,False
96,7168,3072,selected_opus,opus,9044,9044,9056,11.0986,bmm,bmm,9.727,14.100956101572937,12.358315463211566,hybrid_small,3,hybrid_small:9056@direct_b_ahead1;hybrid_small:9056@direct_b_ahead2;hybrid_small:9056@direct_b_ahead3,passed,passed,not_run_gpu_stopped,not_run_gpu_stopped,False
96,7168,7168,selected_opus,opus,9044,9044,9056,19.2018,bmm,bmm,17.875,7.422657342657346,6.909768875834555,hybrid_small,3,hybrid_small:9056@direct_b_ahead1;hybrid_small:9056@direct_b_ahead2;hybrid_small:9056@direct_b_ahead3,passed,passed,not_run_gpu_stopped,not_run_gpu_stopped,False
96,16384,1536,selected_opus,opus,9046,9046,9046,10.1082,bmm,bmm,8.881,13.818263709041778,12.140638293662565,hybrid_small,3,hybrid_small:9046@direct_b_ahead1;hybrid_small:9046@direct_b_ahead2;hybrid_small:9046@direct_b_ahead3,passed,passed,not_run_gpu_stopped,not_run_gpu_stopped,False
96,65536,1536,selected_opus,opus,9022,9022,9022,23.1834,bmm,bmm,21.193,9.39178030481762,8.58545338474942,main_variants,5,main_variants:92000;main_variants:92001;main_variants:92002;main_variants:92005;main_variants:92006,passed,passed,not_run_gpu_stopped,not_run_gpu_stopped,False
112,768,7168,selected_opus,opus,9052,9052,9070,9.786,bmm,bmm,7.017,39.46130825138947,28.295524218270995,small_split,6,small_split:110;small_split:111;small_split:120;small_split:121;small_split:130;small_split:140,passed,passed,not_run_gpu_stopped,not_run_gpu_stopped,False
112,2048,7168,additional_non_opus_selected,asm,30,9055,9055,14.5455,bmm,bmm,10.019,45.17915959676615,31.11959025128047,hybrid_small,3,hybrid_small:9055@direct_b_ahead1;hybrid_small:9055@direct_b_ahead2;hybrid_small:9055@direct_b_ahead3,passed,passed,not_run_gpu_stopped,not_run_gpu_stopped,False
112,6144,7168,selected_opus,opus,9044,9044,9056,18.9281,bmm,bmm,18.063,4.789348391740034,4.5704534528029805,hybrid_small,3,hybrid_small:9056@direct_b_ahead1;hybrid_small:9056@direct_b_ahead2;hybrid_small:9056@direct_b_ahead3,passed,passed,not_run_gpu_stopped,not_run_gpu_stopped,False
112,7168,384,selected_opus,opus,9047,9047,9047,4.4424,bmm,bmm,4.234,4.922059518186117,4.691157932649026,hybrid_small,3,hybrid_small:9047@direct_b_ahead1;hybrid_small:9047@direct_b_ahead2;hybrid_small:9047@direct_b_ahead3,passed,passed,not_run_gpu_stopped,not_run_gpu_stopped,False
112,7168,768,selected_opus,opus,9047,9047,9047,6.0639,bmm,bmm,5.157,17.585805700988956,14.955721565329249,hybrid_small,3,hybrid_small:9047@direct_b_ahead1;hybrid_small:9047@direct_b_ahead2;hybrid_small:9047@direct_b_ahead3,passed,passed,not_run_gpu_stopped,not_run_gpu_stopped,False
112,7168,3072,selected_opus,opus,9044,9044,9056,10.7581,bmm,bmm,10.312,4.326027928626863,4.146642994580841,hybrid_small,3,hybrid_small:9056@direct_b_ahead1;hybrid_small:9056@direct_b_ahead2;hybrid_small:9056@direct_b_ahead3,passed,passed,not_run_gpu_stopped,not_run_gpu_stopped,False
112,7168,7168,selected_opus,opus,9044,9044,9056,19.54,bmm,bmm,19.533,0.03583678902370213,0.03582395086999535,hybrid_small,3,hybrid_small:9056@direct_b_ahead1;hybrid_small:9056@direct_b_ahead2;hybrid_small:9056@direct_b_ahead3,passed,passed,not_run_gpu_stopped,not_run_gpu_stopped,False
112,7168,16384,selected_opus,opus,9063,9063,9068,35.4383,bmm,bmm,35.307,0.3718809301271664,0.3705030997536496,small_split,6,small_split:210;small_split:211;small_split:220;small_split:221;small_split:230;small_split:231,passed,passed,not_run_gpu_stopped,not_run_gpu_stopped,False
112,16384,1536,selected_opus,opus,9046,9046,9046,10.3741,bmm,bmm,9.752,6.379204265791638,5.99666477091988,hybrid_small,3,hybrid_small:9046@direct_b_ahead1;hybrid_small:9046@direct_b_ahead2;hybrid_small:9046@direct_b_ahead3,passed,passed,not_run_gpu_stopped,not_run_gpu_stopped,False
112,65536,1536,selected_opus,opus,9022,9022,9022,23.7543,bmm,bmm,22.859,3.916619274683919,3.7690018228278666,main_variants,5,main_variants:92000;main_variants:92001;main_variants:92002;main_variants:92005;main_variants:92006,passed,passed,not_run_gpu_stopped,not_run_gpu_stopped,False
128,768,7168,additional_non_opus_selected,asm,7,9052,9070,9.8471,bmm,bmm,7.292,35.039769610532076,25.947740959267197,small_split,6,small_split:110;small_split:111;small_split:120;small_split:121;small_split:130;small_split:140,passed,passed,not_run_gpu_stopped,not_run_gpu_stopped,False
128,2048,7168,additional_non_opus_selected,asm,11,9055,9055,15.2935,bmm,bmm,10.157,50.5710347543566,33.586164056625364,hybrid_small,3,hybrid_small:9055@direct_b_ahead1;hybrid_small:9055@direct_b_ahead2;hybrid_small:9055@direct_b_ahead3,passed,passed,not_run_gpu_stopped,not_run_gpu_stopped,False
128,6144,7168,selected_opus,opus,9044,9044,9056,19.7896,bmm,bmm,19.374,2.1451429751212947,2.1000929781299305,hybrid_small,3,hybrid_small:9056@direct_b_ahead1;hybrid_small:9056@direct_b_ahead2;hybrid_small:9056@direct_b_ahead3,passed,passed,not_run_gpu_stopped,not_run_gpu_stopped,False
128,7168,384,selected_opus,opus,9047,9047,9047,4.4067,bmm,bmm,4.299,2.505233775296567,2.444005718564901,hybrid_small,3,hybrid_small:9047@direct_b_ahead1;hybrid_small:9047@direct_b_ahead2;hybrid_small:9047@direct_b_ahead3,passed,passed,not_run_gpu_stopped,not_run_gpu_stopped,False
128,7168,768,selected_opus,opus,9047,9047,9047,6.0692,bmm,bmm,5.232,16.001529051987774,13.794239768008964,hybrid_small,3,hybrid_small:9047@direct_b_ahead1;hybrid_small:9047@direct_b_ahead2;hybrid_small:9047@direct_b_ahead3,passed,passed,not_run_gpu_stopped,not_run_gpu_stopped,False
128,7168,1024,selected_opus,opus,9047,9047,9047,7.3575,bmm,bmm,5.967,23.303167420814486,18.899082568807344,hybrid_small,3,hybrid_small:9047@direct_b_ahead1;hybrid_small:9047@direct_b_ahead2;hybrid_small:9047@direct_b_ahead3,passed,passed,not_run_gpu_stopped,not_run_gpu_stopped,False
128,7168,3072,selected_opus,opus,9044,9044,9056,11.4621,bmm,bmm,10.575,8.3886524822695,7.739419478106113,hybrid_small,3,hybrid_small:9056@direct_b_ahead1;hybrid_small:9056@direct_b_ahead2;hybrid_small:9056@direct_b_ahead3,passed,passed,not_run_gpu_stopped,not_run_gpu_stopped,False
128,7168,16384,selected_opus,opus,9063,9063,9067,36.9481,bmm,bmm,33.389,10.659498637275732,9.632701004923106,small_split,6,small_split:210;small_split:211;small_split:220;small_split:221;small_split:230;small_split:231,passed,passed,not_run_gpu_stopped,not_run_gpu_stopped,False
128,16384,1536,selected_opus,opus,9046,9046,9046,10.4118,bmm,bmm,9.99,4.222222222222216,4.051172707889117,hybrid_small,3,hybrid_small:9046@direct_b_ahead1;hybrid_small:9046@direct_b_ahead2;hybrid_small:9046@direct_b_ahead3,passed,passed,not_run_gpu_stopped,not_run_gpu_stopped,False
128,65536,1536,selected_opus,opus,9022,9022,9022,24.315,bmm,bmm,23.648,2.8205345060893228,2.7431626567962275,main_variants,5,main_variants:92000;main_variants:92001;main_variants:92002;main_variants:92005;main_variants:92006,passed,passed,not_run_gpu_stopped,not_run_gpu_stopped,False
144,768,7168,additional_non_opus_selected,asm,7,9052,9070,9.8871,bmm,bmm,8.056,22.72964250248264,18.520091836837913,small_split,6,small_split:110;small_split:111;small_split:120;small_split:121;small_split:130;small_split:140,passed,passed,not_run_gpu_stopped,not_run_gpu_stopped,False
144,2048,7168,additional_non_opus_selected,asm,11,9055,9055,14.7711,bmm,bmm,11.533,28.076823029567333,21.92186093114258,hybrid_small,3,hybrid_small:9055@direct_b_ahead1;hybrid_small:9055@direct_b_ahead2;hybrid_small:9055@direct_b_ahead3,passed,passed,not_run_gpu_stopped,not_run_gpu_stopped,False
144,6144,7168,selected_opus,opus,9044,9044,9044,22.2453,bmm,bmm,22.085,0.7258320126782847,0.7206016551810968,hybrid_small,3,hybrid_small:9044@direct_b_ahead1;hybrid_small:9044@direct_b_ahead2;hybrid_small:9044@direct_b_ahead3,passed,passed,not_run_gpu_stopped,not_run_gpu_stopped,False
144,7168,768,selected_opus,opus,9047,9047,9047,6.6023,bmm,bmm,5.599,17.919271298446148,15.196219499265396,hybrid_small,3,hybrid_small:9047@direct_b_ahead1;hybrid_small:9047@direct_b_ahead2;hybrid_small:9047@direct_b_ahead3,passed,passed,not_run_gpu_stopped,not_run_gpu_stopped,False
144,7168,3072,selected_opus,opus,9045,9045,9045,12.5909,bmm,bmm,11.242,11.998754669987544,10.713292933785501,hybrid_small,3,hybrid_small:9045@direct_b_ahead1;hybrid_small:9045@direct_b_ahead2;hybrid_small:9045@direct_b_ahead3,passed,passed,not_run_gpu_stopped,not_run_gpu_stopped,False
144,7168,7168,selected_opus,opus,9044,9044,9044,23.7141,bmm,bmm,23.385,1.4073123797305742,1.3877819525092483,hybrid_small,3,hybrid_small:9044@direct_b_ahead1;hybrid_small:9044@direct_b_ahead2;hybrid_small:9044@direct_b_ahead3,passed,passed,not_run_gpu_stopped,not_run_gpu_stopped,False
144,16384,1536,selected_opus,opus,9060,9060,9060,12.0381,bmm,bmm,11.581,3.9469821258958593,3.7971108397504616,small_split,6,small_split:210;small_split:211;small_split:220;small_split:221;small_split:230;small_split:231,passed,passed,not_run_gpu_stopped,not_run_gpu_stopped,False
160,768,7168,additional_non_opus_selected,asm,15,9052,9070,9.5712,bmm,bmm,8.115,17.944547134935295,15.214393179538611,small_split,6,small_split:110;small_split:111;small_split:120;small_split:121;small_split:130;small_split:140,passed,passed,not_run_gpu_stopped,not_run_gpu_stopped,False
160,2048,7168,additional_non_opus_selected,asm,20,9055,9055,15.6367,bmm,bmm,11.582,35.008634087376954,25.930663119456142,hybrid_small,3,hybrid_small:9055@direct_b_ahead1;hybrid_small:9055@direct_b_ahead2;hybrid_small:9055@direct_b_ahead3,passed,passed,not_run_gpu_stopped,not_run_gpu_stopped,False
160,6144,7168,selected_opus,opus,9044,9044,9044,22.2955,bmm,bmm,21.913,1.745539177657096,1.7155928326343939,hybrid_small,3,hybrid_small:9044@direct_b_ahead1;hybrid_small:9044@direct_b_ahead2;hybrid_small:9044@direct_b_ahead3,passed,passed,not_run_gpu_stopped,not_run_gpu_stopped,False
160,7168,384,selected_opus,opus,9047,9047,9047,4.9191,bmm,bmm,4.55,8.11208791208793,7.503405094427851,hybrid_small,3,hybrid_small:9047@direct_b_ahead1;hybrid_small:9047@direct_b_ahead2;hybrid_small:9047@direct_b_ahead3,passed,passed,not_run_gpu_stopped,not_run_gpu_stopped,False
160,7168,768,selected_opus,opus,9047,9047,9047,7.1174,bmm,bmm,5.63,26.41918294849024,20.89808075982803,hybrid_small,3,hybrid_small:9047@direct_b_ahead1;hybrid_small:9047@direct_b_ahead2;hybrid_small:9047@direct_b_ahead3,passed,passed,not_run_gpu_stopped,not_run_gpu_stopped,False
160,7168,3072,selected_opus,opus,9045,9045,9045,13.1054,bmm,bmm,11.482,14.138651802821812,12.387260213347172,hybrid_small,3,hybrid_small:9045@direct_b_ahead1;hybrid_small:9045@direct_b_ahead2;hybrid_small:9045@direct_b_ahead3,passed,passed,not_run_gpu_stopped,not_run_gpu_stopped,False
160,7168,7168,selected_opus,opus,9044,9044,9044,23.2826,bmm,bmm,22.804,2.098754604455366,2.0556123457002196,hybrid_small,3,hybrid_small:9044@direct_b_ahead1;hybrid_small:9044@direct_b_ahead2;hybrid_small:9044@direct_b_ahead3,passed,passed,not_run_gpu_stopped,not_run_gpu_stopped,False
160,16384,1536,selected_opus,opus,9060,9060,9060,11.6231,bmm,bmm,11.515,0.9387755102040929,0.9300444803881924,small_split,6,small_split:210;small_split:211;small_split:220;small_split:221;small_split:230;small_split:231,passed,passed,not_run_gpu_stopped,not_run_gpu_stopped,False
176,768,7168,additional_non_opus_selected,asm,15,9055,9055,13.7464,bmm,bmm,8.341,64.80517923510372,39.32229529185823,hybrid_small,3,hybrid_small:9055@direct_b_ahead1;hybrid_small:9055@direct_b_ahead2;hybrid_small:9055@direct_b_ahead3,passed,passed,not_run_gpu_stopped,not_run_gpu_stopped,False
176,2048,7168,additional_non_opus_selected,asm,11,9055,9055,14.8159,bmm,bmm,11.848,25.049797434166088,20.03185766642592,hybrid_small,3,hybrid_small:9055@direct_b_ahead1;hybrid_small:9055@direct_b_ahead2;hybrid_small:9055@direct_b_ahead3,passed,passed,not_run_gpu_stopped,not_run_gpu_stopped,False
176,6144,7168,selected_opus,opus,9044,9044,9044,22.3218,bmm,bmm,21.998,1.4719519956359672,1.450599862018287,hybrid_small,3,hybrid_small:9044@direct_b_ahead1;hybrid_small:9044@direct_b_ahead2;hybrid_small:9044@direct_b_ahead3,passed,passed,not_run_gpu_stopped,not_run_gpu_stopped,False
176,7168,768,selected_opus,opus,9047,9047,9047,6.9411,bmm,bmm,5.781,20.067462376751433,16.713489216406618,hybrid_small,3,hybrid_small:9047@direct_b_ahead1;hybrid_small:9047@direct_b_ahead2;hybrid_small:9047@direct_b_ahead3,passed,passed,not_run_gpu_stopped,not_run_gpu_stopped,False
176,7168,3072,selected_opus,opus,9044,9044,9044,13.3051,bmm,bmm,11.307,17.671354028477925,15.017549661408026,hybrid_small,3,hybrid_small:9044@direct_b_ahead1;hybrid_small:9044@direct_b_ahead2;hybrid_small:9044@direct_b_ahead3,passed,passed,not_run_gpu_stopped,not_run_gpu_stopped,False
176,16384,1536,selected_opus,opus,9021,9021,9021,12.1621,bmm,bmm,11.51,5.665508253692453,5.361738515552417,main_variants,5,main_variants:92000;main_variants:92001;main_variants:92002;main_variants:92005;main_variants:92006,passed,passed,not_run_gpu_stopped,not_run_gpu_stopped,False
192,768,7168,additional_non_opus_selected,asm,15,9055,9055,14.2916,bmm,bmm,8.61,65.9883855981417,39.754821013742344,hybrid_small,3,hybrid_small:9055@direct_b_ahead1;hybrid_small:9055@direct_b_ahead2;hybrid_small:9055@direct_b_ahead3,passed,passed,not_run_gpu_stopped,not_run_gpu_stopped,False
192,2048,7168,additional_non_opus_selected,asm,28,9055,9055,15.7256,bmm,bmm,12.119,29.75988117831505,22.9345780129216,hybrid_small,3,hybrid_small:9055@direct_b_ahead1;hybrid_small:9055@direct_b_ahead2;hybrid_small:9055@direct_b_ahead3,passed,passed,not_run_gpu_stopped,not_run_gpu_stopped,False
192,7168,384,selected_opus,opus,9047,9047,9047,5.1766,bmm,bmm,4.793,8.003338201543908,7.410269288722315,hybrid_small,3,hybrid_small:9047@direct_b_ahead1;hybrid_small:9047@direct_b_ahead2;hybrid_small:9047@direct_b_ahead3,passed,passed,not_run_gpu_stopped,not_run_gpu_stopped,False
192,7168,768,selected_opus,opus,9044,9044,9044,7.0983,bmm,bmm,5.954,19.21901242861943,16.12076130904583,hybrid_small,3,hybrid_small:9044@direct_b_ahead1;hybrid_small:9044@direct_b_ahead2;hybrid_small:9044@direct_b_ahead3,passed,passed,not_run_gpu_stopped,not_run_gpu_stopped,False
192,7168,3072,selected_opus,opus,9044,9044,9044,13.0238,bmm,bmm,11.783,10.53042518883136,9.527173328828765,hybrid_small,3,hybrid_small:9044@direct_b_ahead1;hybrid_small:9044@direct_b_ahead2;hybrid_small:9044@direct_b_ahead3,passed,passed,not_run_gpu_stopped,not_run_gpu_stopped,False
192,16384,1536,selected_opus,opus,9021,9021,9021,12.4681,bmm,bmm,11.58,7.669257340241797,7.122977839446265,main_variants,5,main_variants:92000;main_variants:92001;main_variants:92002;main_variants:92005;main_variants:92006,passed,passed,not_run_gpu_stopped,not_run_gpu_stopped,False
208,768,7168,additional_non_opus_selected,asm,15,9055,9055,13.7832,bmm,bmm,9.003,53.09563478840387,34.68135121016891,hybrid_small,3,hybrid_small:9055@direct_b_ahead1;hybrid_small:9055@direct_b_ahead2;hybrid_small:9055@direct_b_ahead3,passed,passed,not_run_gpu_stopped,not_run_gpu_stopped,False
208,2048,7168,selected_opus,opus,9043,9043,9043,14.8343,bmm,bmm,12.575,17.96660039761433,15.230243422338773,hybrid_small,3,hybrid_small:9043@direct_b_ahead1;hybrid_small:9043@direct_b_ahead2;hybrid_small:9043@direct_b_ahead3,passed,passed,not_run_gpu_stopped,not_run_gpu_stopped,False
208,6144,7168,selected_opus,opus,9046,9046,9046,25.0223,bmm,bmm,24.492,2.1651967989547716,2.1193095758583413,hybrid_small,3,hybrid_small:9046@direct_b_ahead1;hybrid_small:9046@direct_b_ahead2;hybrid_small:9046@direct_b_ahead3,passed,passed,not_run_gpu_stopped,not_run_gpu_stopped,False
208,7168,384,selected_opus,opus,9047,9047,9047,5.2578,bmm,bmm,4.905,7.192660550458707,6.7100308113659635,hybrid_small,3,hybrid_small:9047@direct_b_ahead1;hybrid_small:9047@direct_b_ahead2;hybrid_small:9047@direct_b_ahead3,passed,passed,not_run_gpu_stopped,not_run_gpu_stopped,False
208,7168,768,selected_opus,opus,9046,9046,9046,7.6263,bmm,bmm,6.277,21.495937549784916,17.692721240968744,hybrid_small,3,hybrid_small:9046@direct_b_ahead1;hybrid_small:9046@direct_b_ahead2;hybrid_small:9046@direct_b_ahead3,passed,passed,not_run_gpu_stopped,not_run_gpu_stopped,False
208,16384,1536,selected_opus,opus,9021,9021,9021,12.7052,bmm,bmm,12.528,1.414431673052352,1.394704530428481,main_variants,5,main_variants:92000;main_variants:92001;main_variants:92002;main_variants:92005;main_variants:92006,passed,passed,not_run_gpu_stopped,not_run_gpu_stopped,False
208,65536,1536,selected_opus,opus,9020,9020,9020,39.7335,bmm,bmm,33.024,20.317042151162788,16.886254671750535,main_variants,5,main_variants:92000;main_variants:92001;main_variants:92002;main_variants:92005;main_variants:92006,passed,passed,not_run_gpu_stopped,not_run_gpu_stopped,False
224,768,7168,additional_non_opus_selected,asm,15,9042,9071,14.184,bmm,bmm,8.923,58.959991034405455,37.09108855047941,small_split,6,small_split:110;small_split:111;small_split:120;small_split:121;small_split:130;small_split:140,passed,passed,not_run_gpu_stopped,not_run_gpu_stopped,False
224,2048,7168,selected_opus,opus,9055,9055,9055,15.4816,bmm,bmm,13.139,17.829362965218067,15.131510954940063,hybrid_small,3,hybrid_small:9055@direct_b_ahead1;hybrid_small:9055@direct_b_ahead2;hybrid_small:9055@direct_b_ahead3,passed,passed,not_run_gpu_stopped,not_run_gpu_stopped,False
224,6144,7168,selected_opus,opus,9046,9046,9046,25.2227,bmm,bmm,24.767,1.8399483183268117,1.8067058641620504,hybrid_small,3,hybrid_small:9046@direct_b_ahead1;hybrid_small:9046@direct_b_ahead2;hybrid_small:9046@direct_b_ahead3,passed,passed,not_run_gpu_stopped,not_run_gpu_stopped,False
224,7168,768,additional_non_opus_selected,ck,9,9049,9049,7.4546,bmm,bmm,6.298,18.364560177834232,15.51525232742199,hybrid_small,3,hybrid_small:9049@direct_b_ahead1;hybrid_small:9049@direct_b_ahead2;hybrid_small:9049@direct_b_ahead3,passed,passed,not_run_gpu_stopped,not_run_gpu_stopped,False
224,65536,1536,selected_opus,opus,9020,9020,9020,40.4127,bmm,bmm,33.452,20.808023436565826,17.224040957421806,main_variants,5,main_variants:92000;main_variants:92001;main_variants:92002;main_variants:92005;main_variants:92006,passed,passed,not_run_gpu_stopped,not_run_gpu_stopped,False
240,768,7168,additional_non_opus_selected,asm,15,9042,9071,13.8911,bmm,bmm,9.13,52.14786418400874,34.27446350540993,small_split,6,small_split:110;small_split:111;small_split:120;small_split:121;small_split:130;small_split:140,passed,passed,not_run_gpu_stopped,not_run_gpu_stopped,False
240,2048,7168,selected_opus,opus,9055,9055,9055,15.3918,bmm,bmm,13.118,17.33343497484372,14.772801101885413,hybrid_small,3,hybrid_small:9055@direct_b_ahead1;hybrid_small:9055@direct_b_ahead2;hybrid_small:9055@direct_b_ahead3,passed,passed,not_run_gpu_stopped,not_run_gpu_stopped,False
240,6144,7168,selected_opus,opus,9046,9046,9046,25.7406,bmm,bmm,24.975,3.0654654654654667,2.9742896435980493,hybrid_small,3,hybrid_small:9046@direct_b_ahead1;hybrid_small:9046@direct_b_ahead2;hybrid_small:9046@direct_b_ahead3,passed,passed,not_run_gpu_stopped,not_run_gpu_stopped,False
240,7168,384,selected_opus,opus,9047,9047,9047,5.6879,bmm,bmm,5.087,11.812463141340679,10.564531725241311,hybrid_small,3,hybrid_small:9047@direct_b_ahead1;hybrid_small:9047@direct_b_ahead2;hybrid_small:9047@direct_b_ahead3,passed,passed,not_run_gpu_stopped,not_run_gpu_stopped,False
240,7168,768,selected_opus,opus,9049,9049,9049,7.6482,bmm,bmm,6.468,18.246753246753244,15.431081823174086,hybrid_small,3,hybrid_small:9049@direct_b_ahead1;hybrid_small:9049@direct_b_ahead2;hybrid_small:9049@direct_b_ahead3,passed,passed,not_run_gpu_stopped,not_run_gpu_stopped,False
240,7168,3072,selected_opus,opus,9046,9046,9046,14.1875,bmm,bmm,13.665,3.8236370289059796,3.6828193832599165,hybrid_small,3,hybrid_small:9046@direct_b_ahead1;hybrid_small:9046@direct_b_ahead2;hybrid_small:9046@direct_b_ahead3,passed,passed,not_run_gpu_stopped,not_run_gpu_stopped,False
240,7168,16384,selected_opus,opus,9046,9046,9046,54.3858,bmm,bmm,53.521,1.6158143532445157,1.5901209506893332,hybrid_small,3,hybrid_small:9046@direct_b_ahead1;hybrid_small:9046@direct_b_ahead2;hybrid_small:9046@direct_b_ahead3,passed,passed,not_run_gpu_stopped,not_run_gpu_stopped,False
240,16384,1536,selected_opus,opus,9021,9021,9021,12.8977,bmm,bmm,12.59,2.4440031771246984,2.385696674600901,main_variants,5,main_variants:92000;main_variants:92001;main_variants:92002;main_variants:92005;main_variants:92006,passed,passed,not_run_gpu_stopped,not_run_gpu_stopped,False
240,65536,1536,selected_opus,opus,9020,9020,9020,41.3735,bmm,bmm,36.225,14.212560386473427,12.443955672108952,main_variants,5,main_variants:92000;main_variants:92001;main_variants:92002;main_variants:92005;main_variants:92006,passed,passed,not_run_gpu_stopped,not_run_gpu_stopped,False
256,768,7168,additional_non_opus_selected,asm,13,9042,9071,14.19,bmm,bmm,9.235,53.65457498646453,34.91895701198027,small_split,6,small_split:110;small_split:111;small_split:120;small_split:121;small_split:130;small_split:140,passed,passed,not_run_gpu_stopped,not_run_gpu_stopped,False
256,2048,7168,selected_opus,opus,9055,9055,9055,15.6759,bmm,bmm,12.894,21.575151233131695,17.74634949189521,hybrid_small,3,hybrid_small:9055@direct_b_ahead1;hybrid_small:9055@direct_b_ahead2;hybrid_small:9055@direct_b_ahead3,passed,passed,not_run_gpu_stopped,not_run_gpu_stopped,False
256,6144,7168,selected_opus,opus,9046,9046,9046,26.3308,bmm,bmm,25.755,2.2356823917685897,2.1867926534704596,hybrid_small,3,hybrid_small:9046@direct_b_ahead1;hybrid_small:9046@direct_b_ahead2;hybrid_small:9046@direct_b_ahead3,passed,passed,not_run_gpu_stopped,not_run_gpu_stopped,False
256,7168,384,selected_opus,opus,9046,9046,9046,5.7199,bmm,bmm,5.212,9.744819646968539,8.879525865836824,hybrid_small,3,hybrid_small:9046@direct_b_ahead1;hybrid_small:9046@direct_b_ahead2;hybrid_small:9046@direct_b_ahead3,passed,passed,not_run_gpu_stopped,not_run_gpu_stopped,False
256,7168,768,additional_non_opus_selected,ck,15,9044,9044,7.9215,bmm,bmm,6.668,18.79874025194961,15.824023227924,hybrid_small,3,hybrid_small:9044@direct_b_ahead1;hybrid_small:9044@direct_b_ahead2;hybrid_small:9044@direct_b_ahead3,passed,passed,not_run_gpu_stopped,not_run_gpu_stopped,False
256,7168,1024,selected_opus,opus,9044,9044,9044,8.4586,bmm,bmm,7.474,13.173668718223187,11.640224150568656,hybrid_small,3,hybrid_small:9044@direct_b_ahead1;hybrid_small:9044@direct_b_ahead2;hybrid_small:9044@direct_b_ahead3,passed,passed,not_run_gpu_stopped,not_run_gpu_stopped,False
256,7168,16384,selected_opus,opus,9046,9046,9046,55.3245,mxpsh,25763,53.6884,3.047399438239906,2.9572793247114704,hybrid_small,3,hybrid_small:9046@direct_b_ahead1;hybrid_small:9046@direct_b_ahead2;hybrid_small:9046@direct_b_ahead3,passed,passed,not_run_gpu_stopped,not_run_gpu_stopped,False
288,768,7168,additional_non_opus_selected,asm,23,9055,9055,14.3624,bmm,bmm,10.21,40.669931439764916,28.911602517685054,hybrid_small,3,hybrid_small:9055@direct_b_ahead1;hybrid_small:9055@direct_b_ahead2;hybrid_small:9055@direct_b_ahead3,passed,passed,not_run_gpu_stopped,not_run_gpu_stopped,False
288,2048,7168,selected_opus,opus,9063,9063,9063,17.974,bmm,bmm,15.995,12.37261644263834,11.010348280850124,small_split,6,small_split:210;small_split:211;small_split:220;small_split:221;small_split:230;small_split:231,passed,passed,not_run_gpu_stopped,not_run_gpu_stopped,False
288,7168,768,selected_opus,opus,9049,9049,9049,8.1206,bmm,bmm,7.709,5.339213905824369,5.068590990813481,hybrid_small,3,hybrid_small:9049@direct_b_ahead1;hybrid_small:9049@direct_b_ahead2;hybrid_small:9049@direct_b_ahead3,passed,passed,not_run_gpu_stopped,not_run_gpu_stopped,False
288,7168,3072,additional_non_opus_selected,asm,21,9060,9060,17.8088,bmm,bmm,16.637,7.043337140109407,6.579893086563948,small_split,6,small_split:210;small_split:211;small_split:220;small_split:221;small_split:230;small_split:231,passed,passed,not_run_gpu_stopped,not_run_gpu_stopped,False
320,768,7168,additional_non_opus_selected,asm,39,9055,9055,14.2889,bmm,bmm,10.634,34.36994545796501,25.578595973097997,hybrid_small,3,hybrid_small:9055@direct_b_ahead1;hybrid_small:9055@direct_b_ahead2;hybrid_small:9055@direct_b_ahead3,passed,passed,not_run_gpu_stopped,not_run_gpu_stopped,False
320,2048,7168,selected_opus,opus,9063,9063,9063,17.901,bmm,bmm,16.571,8.026069639732047,7.429752527791733,small_split,6,small_split:210;small_split:211;small_split:220;small_split:221;small_split:230;small_split:231,passed,passed,not_run_gpu_stopped,not_run_gpu_stopped,False
320,7168,384,selected_opus,opus,9047,9047,9047,6.2807,bmm,bmm,5.81,8.101549053356294,7.494387568264694,hybrid_small,3,hybrid_small:9047@direct_b_ahead1;hybrid_small:9047@direct_b_ahead2;hybrid_small:9047@direct_b_ahead3,passed,passed,not_run_gpu_stopped,not_run_gpu_stopped,False
320,7168,768,selected_opus,opus,9021,9021,9021,8.7932,bmm,bmm,7.788,12.907036466358512,11.431560751489789,main_variants,4,main_variants:92000;main_variants:92001;main_variants:92002;main_variants:92004,passed,passed,not_run_gpu_stopped,not_run_gpu_stopped,False
320,7168,3072,additional_non_opus_selected,asm,21,9061,9061,17.9582,bmm,bmm,17.14,4.77362893815636,4.5561359156262915,small_split,6,small_split:210;small_split:211;small_split:220;small_split:221;small_split:230;small_split:231,passed,passed,not_run_gpu_stopped,not_run_gpu_stopped,False
352,768,7168,additional_non_opus_selected,asm,31,9043,9043,14.7093,bmm,bmm,11.732,25.37759972724174,20.240936006472097,hybrid_small,3,hybrid_small:9043@direct_b_ahead1;hybrid_small:9043@direct_b_ahead2;hybrid_small:9043@direct_b_ahead3,passed,passed,not_run_gpu_stopped,not_run_gpu_stopped,False
352,2048,7168,selected_opus,opus,9063,9063,9065,17.1181,bmm,bmm,16.209,5.6086124992288156,5.3107529457124265,small_split,6,small_split:210;small_split:211;small_split:220;small_split:221;small_split:230;small_split:231,passed,passed,not_run_gpu_stopped,not_run_gpu_stopped,False
352,6144,7168,additional_non_opus_selected,asm,24,9061,9061,32.9493,bmm,bmm,32.448,1.5449334319526553,1.5214283763236303,small_split,6,small_split:210;small_split:211;small_split:220;small_split:221;small_split:230;small_split:231,passed,passed,not_run_gpu_stopped,not_run_gpu_stopped,False
352,7168,384,selected_opus,opus,9047,9047,9047,6.2519,bmm,bmm,6.016,3.9212101063829774,3.773252931108939,hybrid_small,3,hybrid_small:9047@direct_b_ahead1;hybrid_small:9047@direct_b_ahead2;hybrid_small:9047@direct_b_ahead3,passed,passed,not_run_gpu_stopped,not_run_gpu_stopped,False
352,7168,768,selected_opus,opus,9021,9021,9021,8.4947,bmm,bmm,7.817,8.669566329794032,7.977915641517653,main_variants,4,main_variants:92000;main_variants:92001;main_variants:92002;main_variants:92004,passed,passed,not_run_gpu_stopped,not_run_gpu_stopped,False
352,7168,3072,selected_opus,opus,9061,9061,9061,18.0432,bmm,bmm,17.216,4.804832713754625,4.584552629245353,small_split,6,small_split:210;small_split:211;small_split:220;small_split:221;small_split:230;small_split:231,passed,passed,not_run_gpu_stopped,not_run_gpu_stopped,False
352,16384,1536,selected_opus,opus,9022,9022,9022,19.1592,bmm,bmm,16.555,15.730594986408942,13.592425571005052,main_variants,5,main_variants:92000;main_variants:92001;main_variants:92002;main_variants:92005;main_variants:92006,passed,passed,not_run_gpu_stopped,not_run_gpu_stopped,False
384,768,7168,additional_non_opus_selected,asm,21,9055,9055,14.4583,bmm,bmm,12.021,20.27535146826387,16.857445204484613,hybrid_small,3,hybrid_small:9055@direct_b_ahead1;hybrid_small:9055@direct_b_ahead2;hybrid_small:9055@direct_b_ahead3,passed,passed,not_run_gpu_stopped,not_run_gpu_stopped,False
384,2048,7168,selected_opus,opus,9063,9063,9065,17.0696,bmm,bmm,16.455,3.7350349437861086,3.600553029947995,small_split,6,small_split:210;small_split:211;small_split:220;small_split:221;small_split:230;small_split:231,passed,passed,not_run_gpu_stopped,not_run_gpu_stopped,False
384,7168,768,selected_opus,opus,9021,9021,9021,8.4302,bmm,bmm,7.93,6.307692307692303,5.933429811866853,main_variants,4,main_variants:92000;main_variants:92001;main_variants:92002;main_variants:92004,passed,passed,not_run_gpu_stopped,not_run_gpu_stopped,False
384,7168,3072,selected_opus,opus,9021,9021,9021,18.0952,bmm,bmm,17.54,3.16533637400227,3.0682169857199626,main_variants,5,main_variants:92000;main_variants:92001;main_variants:92002;main_variants:92007;main_variants:92010,passed,passed,not_run_gpu_stopped,not_run_gpu_stopped,False
384,16384,1536,selected_opus,opus,9022,9022,9022,19.2925,bmm,bmm,16.734,15.289231504720924,13.261630167163396,main_variants,5,main_variants:92000;main_variants:92001;main_variants:92002;main_variants:92005;main_variants:92006,passed,passed,not_run_gpu_stopped,not_run_gpu_stopped,False
416,768,7168,selected_opus,opus,9055,9055,9055,13.9739,bmm,bmm,12.478,11.988299406956248,10.70495709859095,hybrid_small,3,hybrid_small:9055@direct_b_ahead1;hybrid_small:9055@direct_b_ahead2;hybrid_small:9055@direct_b_ahead3,passed,passed,not_run_gpu_stopped,not_run_gpu_stopped,False
416,2048,7168,selected_opus,opus,9044,9044,9056,19.7184,bmm,bmm,17.609,11.979101595774866,10.69762252515416,hybrid_small,3,hybrid_small:9056@direct_b_ahead1;hybrid_small:9056@direct_b_ahead2;hybrid_small:9056@direct_b_ahead3,passed,passed,not_run_gpu_stopped,not_run_gpu_stopped,False
416,7168,384,selected_opus,opus,9021,9021,9021,6.9855,bmm,bmm,6.785,2.9550478997789176,2.8702311931858793,main_variants,4,main_variants:92000;main_variants:92001;main_variants:92002;main_variants:92003,passed,passed,not_run_gpu_stopped,not_run_gpu_stopped,False
416,16384,1536,selected_opus,opus,9022,9022,9022,19.4811,bmm,bmm,18.978,2.6509642744230177,2.5825030414093675,main_variants,5,main_variants:92000;main_variants:92001;main_variants:92002;main_variants:92005;main_variants:92006,passed,passed,not_run_gpu_stopped,not_run_gpu_stopped,False
448,768,7168,additional_non_opus_selected,asm,11,9055,9055,14.3166,bmm,bmm,12.593,13.68696895100452,12.039171311624264,hybrid_small,3,hybrid_small:9055@direct_b_ahead1;hybrid_small:9055@direct_b_ahead2;hybrid_small:9055@direct_b_ahead3,passed,passed,not_run_gpu_stopped,not_run_gpu_stopped,False
448,2048,7168,selected_opus,opus,9044,9044,9056,20.4128,bmm,bmm,17.517,16.531369526745454,14.186196896065217,hybrid_small,3,hybrid_small:9056@direct_b_ahead1;hybrid_small:9056@direct_b_ahead2;hybrid_small:9056@direct_b_ahead3,passed,passed,not_run_gpu_stopped,not_run_gpu_stopped,False
448,7168,768,selected_opus,opus,9021,9021,9021,9.0607,bmm,bmm,8.586,5.528767761472175,5.239109561071443,main_variants,4,main_variants:92000;main_variants:92001;main_variants:92002;main_variants:92004,passed,passed,not_run_gpu_stopped,not_run_gpu_stopped,False
448,16384,1536,selected_opus,opus,9022,9022,9022,19.663,bmm,bmm,19.2,2.4114583333333384,2.354676295580538,main_variants,5,main_variants:92000;main_variants:92001;main_variants:92002;main_variants:92005;main_variants:92006,passed,passed,not_run_gpu_stopped,not_run_gpu_stopped,False
480,768,7168,additional_non_opus_selected,asm,39,9055,9055,14.9712,bmm,bmm,12.381,20.920765689362717,17.301218339211278,hybrid_small,3,hybrid_small:9055@direct_b_ahead1;hybrid_small:9055@direct_b_ahead2;hybrid_small:9055@direct_b_ahead3,passed,passed,not_run_gpu_stopped,not_run_gpu_stopped,False
480,2048,7168,selected_opus,opus,9044,9044,9056,18.8886,bmm,bmm,17.75,6.414647887323954,6.027974545493054,hybrid_small,3,hybrid_small:9056@direct_b_ahead1;hybrid_small:9056@direct_b_ahead2;hybrid_small:9056@direct_b_ahead3,passed,passed,not_run_gpu_stopped,not_run_gpu_stopped,False
480,7168,768,selected_opus,opus,9021,9021,9021,9.0154,bmm,bmm,8.831,2.088098743064215,2.0453890010426634,main_variants,4,main_variants:92000;main_variants:92001;main_variants:92002;main_variants:92004,passed,passed,not_run_gpu_stopped,not_run_gpu_stopped,False
480,7168,3072,selected_opus,opus,9021,9021,9021,19.9459,bmm,bmm,18.948,5.2665188938146645,5.00303320481904,main_variants,5,main_variants:92000;main_variants:92001;main_variants:92002;main_variants:92007;main_variants:92010,passed,passed,not_run_gpu_stopped,not_run_gpu_stopped,False
480,16384,1536,selected_opus,opus,9020,9020,9020,20.5672,bmm,bmm,19.585,5.015062547868254,4.775564977245317,main_variants,5,main_variants:92000;main_variants:92001;main_variants:92002;main_variants:92005;main_variants:92006,passed,passed,not_run_gpu_stopped,not_run_gpu_stopped,False
512,768,7168,additional_non_opus_selected,asm,19,9055,9055,14.6375,bmm,bmm,12.513,16.978342523775257,14.514090520922284,hybrid_small,3,hybrid_small:9055@direct_b_ahead1;hybrid_small:9055@direct_b_ahead2;hybrid_small:9055@direct_b_ahead3,passed,passed,not_run_gpu_stopped,not_run_gpu_stopped,False
512,2048,7168,selected_opus,opus,9044,9044,9056,19.8272,bmm,bmm,18.388,7.826843593648025,7.258715300193675,hybrid_small,3,hybrid_small:9056@direct_b_ahead1;hybrid_small:9056@direct_b_ahead2;hybrid_small:9056@direct_b_ahead3,passed,passed,not_run_gpu_stopped,not_run_gpu_stopped,False
512,16384,1536,selected_opus,opus,9022,9022,9022,20.4572,bmm,bmm,20.038,2.092025152210808,2.049156287272935,main_variants,5,main_variants:92000;main_variants:92001;main_variants:92002;main_variants:92005;main_variants:92006,passed,passed,not_run_gpu_stopped,not_run_gpu_stopped,False
544,768,7168,selected_opus,opus,9055,9055,9055,14.7599,bmm,bmm,13.975,5.616457960644006,5.317786705871996,hybrid_small,3,hybrid_small:9055@direct_b_ahead1;hybrid_small:9055@direct_b_ahead2;hybrid_small:9055@direct_b_ahead3,passed,passed,not_run_gpu_stopped,not_run_gpu_stopped,False
544,2048,7168,selected_opus,opus,9062,9062,9064,23.3104,bmm,bmm,22.382,4.147976052184799,3.9827716384103207,small_split,6,small_split:210;small_split:211;small_split:220;small_split:221;small_split:230;small_split:231,passed,passed,not_run_gpu_stopped,not_run_gpu_stopped,False
544,7168,384,selected_opus,opus,9022,9022,9022,8.1231,bmm,bmm,7.283,11.535081697102845,10.342110770518653,main_variants,4,main_variants:92000;main_variants:92001;main_variants:92002;main_variants:92003,passed,passed,not_run_gpu_stopped,not_run_gpu_stopped,False
544,7168,768,selected_opus,opus,9022,9022,9022,10.3608,bmm,bmm,10.186,1.716080895346539,1.687128407072802,main_variants,4,main_variants:92000;main_variants:92001;main_variants:92002;main_variants:92004,passed,passed,not_run_gpu_stopped,not_run_gpu_stopped,False
576,2048,7168,selected_opus,opus,9062,9062,9064,23.629,bmm,bmm,22.588,4.608641756684961,4.405603284100046,small_split,6,small_split:210;small_split:211;small_split:220;small_split:221;small_split:230;small_split:231,passed,passed,not_run_gpu_stopped,not_run_gpu_stopped,False
576,7168,384,additional_non_opus_selected,ck,14,9022,9022,8.3046,bmm,bmm,7.369,12.696430994707564,11.266045324278117,main_variants,4,main_variants:92000;main_variants:92001;main_variants:92002;main_variants:92003,passed,passed,not_run_gpu_stopped,not_run_gpu_stopped,False
576,7168,768,selected_opus,opus,9022,9022,9022,10.7335,bmm,bmm,10.214,5.086156256119034,4.839986956724262,main_variants,4,main_variants:92000;main_variants:92001;main_variants:92002;main_variants:92004,passed,passed,not_run_gpu_stopped,not_run_gpu_stopped,False
608,768,7168,selected_opus,opus,9055,9055,9055,14.3353,bmm,bmm,13.032,10.000767341927563,9.091543253367561,hybrid_small,3,hybrid_small:9055@direct_b_ahead1;hybrid_small:9055@direct_b_ahead2;hybrid_small:9055@direct_b_ahead3,passed,passed,not_run_gpu_stopped,not_run_gpu_stopped,False
608,7168,384,selected_opus,opus,9022,9022,9022,8.0247,bmm,bmm,7.734,3.7587276958882754,3.6225653295450244,main_variants,4,main_variants:92000;main_variants:92001;main_variants:92002;main_variants:92003,passed,passed,not_run_gpu_stopped,not_run_gpu_stopped,False
608,7168,768,selected_opus,opus,9022,9022,9022,10.8579,bmm,bmm,10.827,0.28539761706845024,0.28458541706960494,main_variants,4,main_variants:92000;main_variants:92001;main_variants:92002;main_variants:92004,passed,passed,not_run_gpu_stopped,not_run_gpu_stopped,False
640,768,7168,selected_opus,opus,9055,9055,9055,15.1087,bmm,bmm,13.267,13.881812014773498,12.189665556930784,hybrid_small,3,hybrid_small:9055@direct_b_ahead1;hybrid_small:9055@direct_b_ahead2;hybrid_small:9055@direct_b_ahead3,passed,passed,not_run_gpu_stopped,not_run_gpu_stopped,False
640,7168,384,selected_opus,opus,9022,9022,9022,8.3855,bmm,bmm,7.842,6.930629941341504,6.481426271540169,main_variants,4,main_variants:92000;main_variants:92001;main_variants:92002;main_variants:92003,passed,passed,not_run_gpu_stopped,not_run_gpu_stopped,False
672,7168,384,selected_opus,opus,9022,9022,9022,9.0893,bmm,bmm,7.938,14.503653313177134,12.666541977930091,main_variants,4,main_variants:92000;main_variants:92001;main_variants:92002;main_variants:92003,passed,passed,not_run_gpu_stopped,not_run_gpu_stopped,False
672,7168,768,selected_opus,opus,9022,9022,9022,12.2439,bmm,bmm,10.845,12.899031811894869,11.425281160414569,main_variants,4,main_variants:92000;main_variants:92001;main_variants:92002;main_variants:92004,passed,passed,not_run_gpu_stopped,not_run_gpu_stopped,False
672,7168,3072,selected_opus,opus,9022,9022,9022,28.5163,bmm,bmm,24.807,14.952634337082294,13.007648257312487,main_variants,5,main_variants:92000;main_variants:92001;main_variants:92002;main_variants:92007;main_variants:92010,passed,passed,not_run_gpu_stopped,not_run_gpu_stopped,False
672,7168,7168,selected_opus,opus,9022,9022,9022,58.168,bmm,bmm,56.194,3.5128305513044022,3.3936184843900374,main_variants,5,main_variants:92000;main_variants:92001;main_variants:92002;main_variants:92008;main_variants:92009,passed,passed,not_run_gpu_stopped,not_run_gpu_stopped,False
672,7168,16384,selected_opus,opus,9022,9022,9022,120.4623,bmm,bmm,113.486,6.147278078353269,5.7912724561958395,main_variants,3,main_variants:92000;main_variants:92001;main_variants:92002,passed,passed,not_run_gpu_stopped,not_run_gpu_stopped,False
704,768,7168,selected_opus,opus,9063,9063,9063,17.1246,bmm,bmm,15.567,10.005781460782437,9.095686906555489,small_split,6,small_split:210;small_split:211;small_split:220;small_split:221;small_split:230;small_split:231,passed,passed,not_run_gpu_stopped,not_run_gpu_stopped,False
704,7168,384,selected_opus,opus,9022,9022,9022,9.1296,bmm,bmm,8.228,10.957705396208063,9.875569575885034,main_variants,4,main_variants:92000;main_variants:92001;main_variants:92002;main_variants:92003,passed,passed,not_run_gpu_stopped,not_run_gpu_stopped,False
704,7168,768,selected_opus,opus,9022,9022,9022,12.4343,bmm,bmm,10.982,13.224367146239313,11.679788970830696,main_variants,4,main_variants:92000;main_variants:92001;main_variants:92002;main_variants:92004,passed,passed,not_run_gpu_stopped,not_run_gpu_stopped,False
704,7168,3072,selected_opus,opus,9022,9022,9022,28.6065,bmm,bmm,25.306,13.04236149529756,11.537587611207245,main_variants,5,main_variants:92000;main_variants:92001;main_variants:92002;main_variants:92007;main_variants:92010,passed,passed,not_run_gpu_stopped,not_run_gpu_stopped,False
736,768,7168,selected_opus,opus,9063,9063,9063,17.27,bmm,bmm,15.188,13.70819067685014,12.055587724377526,small_split,6,small_split:210;small_split:211;small_split:220;small_split:221;small_split:230;small_split:231,passed,passed,not_run_gpu_stopped,not_run_gpu_stopped,False
736,7168,384,selected_opus,opus,9022,9022,9022,8.8693,bmm,bmm,8.255,7.441550575408851,6.926138477670163,main_variants,4,main_variants:92000;main_variants:92001;main_variants:92002;main_variants:92003,passed,passed,not_run_gpu_stopped,not_run_gpu_stopped,False
736,7168,768,selected_opus,opus,9022,9022,9022,12.6151,bmm,bmm,11.078,13.875248239754479,12.184604164850066,main_variants,4,main_variants:92000;main_variants:92001;main_variants:92002;main_variants:92004,passed,passed,not_run_gpu_stopped,not_run_gpu_stopped,False
736,7168,3072,selected_opus,opus,9022,9022,9022,28.5729,bmm,bmm,25.014,14.22763252578556,12.455508541310124,main_variants,5,main_variants:92000;main_variants:92001;main_variants:92002;main_variants:92007;main_variants:92010,passed,passed,not_run_gpu_stopped,not_run_gpu_stopped,False
768,768,7168,selected_opus,opus,9063,9063,9063,17.3073,bmm,bmm,15.102,14.60270162892332,12.74202215250213,small_split,6,small_split:210;small_split:211;small_split:220;small_split:221;small_split:230;small_split:231,passed,passed,not_run_gpu_stopped,not_run_gpu_stopped,False
768,7168,384,selected_opus,opus,9022,9022,9022,8.9376,bmm,bmm,8.278,7.968108238704996,7.380057286072317,main_variants,4,main_variants:92000;main_variants:92001;main_variants:92002;main_variants:92003,passed,passed,not_run_gpu_stopped,not_run_gpu_stopped,False
768,7168,768,selected_opus,opus,9022,9022,9022,12.5112,bmm,bmm,11.173,11.97708762194576,10.696016369333083,main_variants,4,main_variants:92000;main_variants:92001;main_variants:92002;main_variants:92004,passed,passed,not_run_gpu_stopped,not_run_gpu_stopped,False
768,7168,3072,selected_opus,opus,9022,9022,9022,28.5412,bmm,bmm,25.873,10.312681173424032,9.348590809075997,main_variants,5,main_variants:92000;main_variants:92001;main_variants:92002;main_variants:92007;main_variants:92010,passed,passed,not_run_gpu_stopped,not_run_gpu_stopped,False
800,768,7168,selected_opus,opus,9063,9063,9063,17.5902,bmm,bmm,15.218,15.588119332369565,13.48591829541449,small_split,6,small_split:210;small_split:211;small_split:220;small_split:221;small_split:230;small_split:231,passed,passed,not_run_gpu_stopped,not_run_gpu_stopped,False
800,2048,7168,selected_opus,opus,9046,9046,9046,26.2636,bmm,bmm,25.669,2.316412793642142,2.2639699051158257,hybrid_small,3,hybrid_small:9046@direct_b_ahead1;hybrid_small:9046@direct_b_ahead2;hybrid_small:9046@direct_b_ahead3,passed,passed,not_run_gpu_stopped,not_run_gpu_stopped,False
800,7168,384,selected_opus,opus,9022,9022,9022,9.3315,bmm,bmm,8.391,11.20843761172685,10.078765471789097,main_variants,4,main_variants:92000;main_variants:92001;main_variants:92002;main_variants:92003,passed,passed,not_run_gpu_stopped,not_run_gpu_stopped,False
800,7168,768,selected_opus,opus,9022,9022,9022,12.7739,bmm,bmm,11.433,11.728330272019583,10.497185667650443,main_variants,4,main_variants:92000;main_variants:92001;main_variants:92002;main_variants:92004,passed,passed,not_run_gpu_stopped,not_run_gpu_stopped,False
832,768,7168,selected_opus,opus,9063,9063,9065,18.0438,bmm,bmm,14.536,24.131810676940013,19.44047262771701,small_split,6,small_split:210;small_split:211;small_split:220;small_split:221;small_split:230;small_split:231,passed,passed,not_run_gpu_stopped,not_run_gpu_stopped,False
832,6144,7168,selected_opus,opus,9022,9022,9022,59.139,bmm,bmm,55.912,5.771569609386185,5.456636060805908,main_variants,5,main_variants:92000;main_variants:92001;main_variants:92002;main_variants:92008;main_variants:92009,passed,passed,not_run_gpu_stopped,not_run_gpu_stopped,False
832,7168,384,selected_opus,opus,9022,9022,9022,9.5526,bmm,bmm,8.461,12.90154828034511,11.427255406904923,main_variants,4,main_variants:92000;main_variants:92001;main_variants:92002;main_variants:92003,passed,passed,not_run_gpu_stopped,not_run_gpu_stopped,False
832,7168,768,selected_opus,opus,9022,9022,9022,12.9815,bmm,bmm,11.456,13.31616620111733,11.751338443169136,main_variants,4,main_variants:92000;main_variants:92001;main_variants:92002;main_variants:92004,passed,passed,not_run_gpu_stopped,not_run_gpu_stopped,False
832,7168,3072,selected_opus,opus,9022,9022,9022,31.4269,bmm,bmm,30.488,3.0795722907373424,2.9875679752059514,main_variants,5,main_variants:92000;main_variants:92001;main_variants:92002;main_variants:92007;main_variants:92010,passed,passed,not_run_gpu_stopped,not_run_gpu_stopped,False
832,7168,7168,selected_opus,opus,9022,9022,9022,65.9889,bmm,bmm,64.008,3.0947694038245377,3.001868496065252,main_variants,5,main_variants:92000;main_variants:92001;main_variants:92002;main_variants:92008;main_variants:92009,passed,passed,not_run_gpu_stopped,not_run_gpu_stopped,False
832,7168,16384,selected_opus,opus,9061,9061,9061,133.3696,bmm,bmm,130.683,2.055814451764948,2.0144020826335263,small_split,6,small_split:210;small_split:211;small_split:220;small_split:221;small_split:230;small_split:231,passed,passed,not_run_gpu_stopped,not_run_gpu_stopped,False
864,768,7168,selected_opus,opus,9063,9063,9065,17.9838,bmm,bmm,15.225,18.12019704433496,15.34047309244987,small_split,6,small_split:210;small_split:211;small_split:220;small_split:221;small_split:230;small_split:231,passed,passed,not_run_gpu_stopped,not_run_gpu_stopped,False
864,2048,7168,selected_opus,opus,9046,9046,9046,25.6518,bmm,bmm,25.416,0.9277620396600517,0.9192337379833049,hybrid_small,3,hybrid_small:9046@direct_b_ahead1;hybrid_small:9046@direct_b_ahead2;hybrid_small:9046@direct_b_ahead3,passed,passed,not_run_gpu_stopped,not_run_gpu_stopped,False
864,6144,7168,selected_opus,opus,9022,9022,9022,57.9021,bmm,bmm,56.675,2.165152183502417,2.1192668314275354,main_variants,5,main_variants:92000;main_variants:92001;main_variants:92002;main_variants:92008;main_variants:92009,passed,passed,not_run_gpu_stopped,not_run_gpu_stopped,False
864,7168,384,selected_opus,opus,9022,9022,9022,9.6008,bmm,bmm,8.488,13.11027332704995,11.590700774935424,main_variants,4,main_variants:92000;main_variants:92001;main_variants:92002;main_variants:92003,passed,passed,not_run_gpu_stopped,not_run_gpu_stopped,False
864,7168,768,selected_opus,opus,9022,9022,9022,13.1151,bmm,bmm,11.318,15.878247040113092,13.702526095874223,main_variants,4,main_variants:92000;main_variants:92001;main_variants:92002;main_variants:92004,passed,passed,not_run_gpu_stopped,not_run_gpu_stopped,False
864,7168,3072,selected_opus,opus,9022,9022,9022,31.9738,bmm,bmm,30.948,3.3145922192064026,3.2082517561253243,main_variants,5,main_variants:92000;main_variants:92001;main_variants:92002;main_variants:92007;main_variants:92010,passed,passed,not_run_gpu_stopped,not_run_gpu_stopped,False
864,7168,7168,selected_opus,opus,9022,9022,9022,66.38,bmm,bmm,64.95,2.2016936104695795,2.1542633323289984,main_variants,5,main_variants:92000;main_variants:92001;main_variants:92002;main_variants:92008;main_variants:92009,passed,passed,not_run_gpu_stopped,not_run_gpu_stopped,False
864,7168,16384,selected_opus,opus,9061,9061,9061,131.8112,bmm,bmm,131.565,0.1871318359746299,0.1867823068146035,small_split,6,small_split:210;small_split:211;small_split:220;small_split:221;small_split:230;small_split:231,passed,passed,not_run_gpu_stopped,not_run_gpu_stopped,False
896,768,7168,selected_opus,opus,9063,9063,9065,17.9965,bmm,bmm,14.704,22.391866158868346,18.295224071347207,small_split,6,small_split:210;small_split:211;small_split:220;small_split:221;small_split:230;small_split:231,passed,passed,not_run_gpu_stopped,not_run_gpu_stopped,False
896,6144,7168,selected_opus,opus,9022,9022,9022,59.019,bmm,bmm,58.818,0.341732122819538,0.34056829156712265,main_variants,5,main_variants:92000;main_variants:92001;main_variants:92002;main_variants:92008;main_variants:92009,passed,passed,not_run_gpu_stopped,not_run_gpu_stopped,False
896,7168,384,selected_opus,opus,9022,9022,9022,9.5137,bmm,bmm,9.318,2.1002361021678517,2.057033541103881,main_variants,4,main_variants:92000;main_variants:92001;main_variants:92002;main_variants:92003,passed,passed,not_run_gpu_stopped,not_run_gpu_stopped,False
896,7168,768,selected_opus,opus,9022,9022,9022,13.151,bmm,bmm,12.292,6.988285063455901,6.531822675081744,main_variants,4,main_variants:92000;main_variants:92001;main_variants:92002;main_variants:92004,passed,passed,not_run_gpu_stopped,not_run_gpu_stopped,False
896,7168,3072,selected_opus,opus,9022,9022,9022,31.8949,bmm,bmm,30.663,4.0175455761015,3.8623729812603202,main_variants,5,main_variants:92000;main_variants:92001;main_variants:92002;main_variants:92007;main_variants:92010,passed,passed,not_run_gpu_stopped,not_run_gpu_stopped,False
896,7168,7168,selected_opus,opus,9022,9022,9022,66.3213,bmm,bmm,66.057,0.4001089967754945,0.3985145043899796,main_variants,5,main_variants:92000;main_variants:92001;main_variants:92002;main_variants:92008;main_variants:92009,passed,passed,not_run_gpu_stopped,not_run_gpu_stopped,False
896,7168,16384,selected_opus,opus,9022,9022,9022,136.1478,bmm,bmm,131.666,3.403915969194782,3.291863695190078,main_variants,3,main_variants:92000;main_variants:92001;main_variants:92002,passed,passed,not_run_gpu_stopped,not_run_gpu_stopped,False
928,768,7168,selected_opus,opus,9063,9063,9065,18.4214,bmm,bmm,14.718,25.16238619377631,20.103792328487515,small_split,6,small_split:210;small_split:211;small_split:220;small_split:221;small_split:230;small_split:231,passed,passed,not_run_gpu_stopped,not_run_gpu_stopped,False
928,2048,7168,selected_opus,opus,9046,9046,9046,26.1428,bmm,bmm,26.115,0.10645223051886088,0.10633903024925839,hybrid_small,3,hybrid_small:9046@direct_b_ahead1;hybrid_small:9046@direct_b_ahead2;hybrid_small:9046@direct_b_ahead3,passed,passed,not_run_gpu_stopped,not_run_gpu_stopped,False
928,6144,7168,selected_opus,opus,9022,9022,9022,58.7499,bmm,bmm,58.53,0.37570476678625564,0.3742985094442597,main_variants,5,main_variants:92000;main_variants:92001;main_variants:92002;main_variants:92008;main_variants:92009,passed,passed,not_run_gpu_stopped,not_run_gpu_stopped,False
928,7168,384,selected_opus,opus,9022,9022,9022,9.5277,bmm,bmm,9.483,0.47136981967730307,0.46915834881450236,main_variants,4,main_variants:92000;main_variants:92001;main_variants:92002;main_variants:92003,passed,passed,not_run_gpu_stopped,not_run_gpu_stopped,False
928,7168,768,selected_opus,opus,9022,9022,9022,13.1367,bmm,bmm,13.135,0.012942519984759926,0.012940845113307287,main_variants,4,main_variants:92000;main_variants:92001;main_variants:92002;main_variants:92004,passed,passed,not_run_gpu_stopped,not_run_gpu_stopped,False
928,7168,3072,selected_opus,opus,9022,9022,9022,31.9611,bmm,bmm,31.716,0.7727960650775634,0.7668697260106772,main_variants,5,main_variants:92000;main_variants:92001;main_variants:92002;main_variants:92007;main_variants:92010,passed,passed,not_run_gpu_stopped,not_run_gpu_stopped,False
960,768,7168,selected_opus,opus,9063,9063,9065,18.5517,bmm,bmm,15.143,22.510070659710756,18.37405736401515,small_split,6,small_split:210;small_split:211;small_split:220;small_split:221;small_split:230;small_split:231,passed,passed,not_run_gpu_stopped,not_run_gpu_stopped,False
960,6144,7168,selected_opus,opus,9022,9022,9022,58.8822,bmm,bmm,58.74,0.2420837589376834,0.24149912876896273,main_variants,5,main_variants:92000;main_variants:92001;main_variants:92002;main_variants:92008;main_variants:92009,passed,passed,not_run_gpu_stopped,not_run_gpu_stopped,False
960,7168,768,selected_opus,opus,9022,9022,9022,13.1966,bmm,bmm,13.098,0.7527866849900589,0.7471621478259527,main_variants,4,main_variants:92000;main_variants:92001;main_variants:92002;main_variants:92004,passed,passed,not_run_gpu_stopped,not_run_gpu_stopped,False
960,7168,3072,selected_opus,opus,9022,9022,9022,32.1593,bmm,bmm,31.274,2.8307859563855065,2.7528584266448664,main_variants,5,main_variants:92000;main_variants:92001;main_variants:92002;main_variants:92007;main_variants:92010,passed,passed,not_run_gpu_stopped,not_run_gpu_stopped,False
992,768,7168,selected_opus,opus,9044,9044,9056,20.0208,bmm,bmm,14.735,35.87241262300647,26.401542395908262,hybrid_small,3,hybrid_small:9056@direct_b_ahead1;hybrid_small:9056@direct_b_ahead2;hybrid_small:9056@direct_b_ahead3,passed,passed,not_run_gpu_stopped,not_run_gpu_stopped,False
992,6144,7168,selected_opus,opus,9022,9022,9022,66.143,bmm,bmm,63.391,4.341310280639221,4.160682158353868,main_variants,5,main_variants:92000;main_variants:92001;main_variants:92002;main_variants:92008;main_variants:92009,passed,passed,not_run_gpu_stopped,not_run_gpu_stopped,False
992,7168,384,selected_opus,opus,9022,9022,9022,9.68,bmm,bmm,9.534,1.5313614432556966,1.5082644628099051,main_variants,4,main_variants:92000;main_variants:92001;main_variants:92002;main_variants:92003,passed,passed,not_run_gpu_stopped,not_run_gpu_stopped,False
992,7168,3072,selected_opus,opus,9022,9022,9022,32.3837,bmm,bmm,31.44,3.001590330788795,2.9141203753740186,main_variants,5,main_variants:92000;main_variants:92001;main_variants:92002;main_variants:92007;main_variants:92010,passed,passed,not_run_gpu_stopped,not_run_gpu_stopped,False
992,16384,1536,selected_opus,opus,9022,9022,9022,37.0603,mxpsh,25824,32.6172,13.621954061047559,11.988839809715524,main_variants,5,main_variants:92000;main_variants:92001;main_variants:92002;main_variants:92005;main_variants:92006,passed,passed,not_run_gpu_stopped,not_run_gpu_stopped,False
1024,768,7168,selected_opus,opus,9024,9024,9024,19.0463,bmm,bmm,16.175,17.751468315301388,15.075368969301117,main_variants,7,main_variants:92000;main_variants:92001;main_variants:92002;main_variants:92008;main_variants:92009;main_variants:92011;main_variants:92012,passed,passed,not_run_gpu_stopped,not_run_gpu_stopped,False
1024,6144,7168,selected_opus,opus,9022,9022,9022,66.9223,mxpsh,25760,59.2567,12.936258684671941,11.454477804857277,main_variants,5,main_variants:92000;main_variants:92001;main_variants:92002;main_variants:92008;main_variants:92009,passed,passed,not_run_gpu_stopped,not_run_gpu_stopped,False
1024,7168,768,selected_opus,opus,9022,9022,9022,13.3263,bmm,bmm,13.143,1.3946587537091881,1.3754755633596627,main_variants,4,main_variants:92000;main_variants:92001;main_variants:92002;main_variants:92004,passed,passed,not_run_gpu_stopped,not_run_gpu_stopped,False
1024,7168,3072,selected_opus,opus,9022,9022,9022,32.6974,mxpsh,25696,29.0408,12.59125092972646,11.183152177237332,main_variants,5,main_variants:92000;main_variants:92001;main_variants:92002;main_variants:92007;main_variants:92010,passed,passed,not_run_gpu_stopped,not_run_gpu_stopped,False
1024,7168,7168,selected_opus,opus,9022,9022,9022,67.4004,mxpsh,25696,62.7587,7.396106037887984,6.886754381279648,main_variants,5,main_variants:92000;main_variants:92001;main_variants:92002;main_variants:92008;main_variants:92009,passed,passed,not_run_gpu_stopped,not_run_gpu_stopped,False
1024,7168,16384,selected_opus,opus,9022,9022,9022,138.9372,mxpsh,25440,131.2176,5.8830522734754975,5.556179338578859,main_variants,3,main_variants:92000;main_variants:92001;main_variants:92002,passed,passed,not_run_gpu_stopped,not_run_gpu_stopped,False
1088,768,7168,selected_opus,opus,9024,9024,9024,19.7816,bmm,bmm,17.558,12.664312564073366,11.240748978849036,main_variants,7,main_variants:92000;main_variants:92001;main_variants:92002;main_variants:92008;main_variants:92009;main_variants:92011;main_variants:92012,passed,passed,not_run_gpu_stopped,not_run_gpu_stopped,False
1088,2048,7168,additional_non_opus_selected,asm,24,9060,9060,33.0824,bmm,bmm,31.1,6.37427652733118,5.992310110511934,small_split,6,small_split:210;small_split:211;small_split:220;small_split:221;small_split:230;small_split:231,passed,passed,not_run_gpu_stopped,not_run_gpu_stopped,False
1088,6144,7168,selected_opus,opus,9022,9022,9022,66.5257,bmm,bmm,64.294,3.471085948922137,3.35464339345547,main_variants,5,main_variants:92000;main_variants:92001;main_variants:92002;main_variants:92008;main_variants:92009,passed,passed,not_run_gpu_stopped,not_run_gpu_stopped,False
1088,7168,768,selected_opus,opus,9022,9022,9022,13.5901,bmm,bmm,13.435,1.1544473390398213,1.141271955320411,main_variants,4,main_variants:92000;main_variants:92001;main_variants:92002;main_variants:92004,passed,passed,not_run_gpu_stopped,not_run_gpu_stopped,False
1152,768,7168,selected_opus,opus,9024,9024,9024,19.3096,bmm,bmm,17.52,10.214611872146119,9.267928905829226,main_variants,7,main_variants:92000;main_variants:92001;main_variants:92002;main_variants:92008;main_variants:92009;main_variants:92011;main_variants:92012,passed,passed,not_run_gpu_stopped,not_run_gpu_stopped,False
1152,2048,7168,selected_opus,opus,9060,9060,9060,33.0123,bmm,bmm,32.211,2.487659495203509,2.427277105806036,small_split,6,small_split:210;small_split:211;small_split:220;small_split:221;small_split:230;small_split:231,passed,passed,not_run_gpu_stopped,not_run_gpu_stopped,False
1152,6144,7168,selected_opus,opus,9022,9022,9022,67.8983,bmm,bmm,66.804,1.63807556433746,1.6116751082133174,main_variants,5,main_variants:92000;main_variants:92001;main_variants:92002;main_variants:92008;main_variants:92009,passed,passed,not_run_gpu_stopped,not_run_gpu_stopped,False
1216,768,7168,selected_opus,opus,9024,9024,9024,19.6824,bmm,bmm,17.626,11.666855781232277,10.44791285615575,main_variants,7,main_variants:92000;main_variants:92001;main_variants:92002;main_variants:92008;main_variants:92009;main_variants:92011;main_variants:92012,passed,passed,not_run_gpu_stopped,not_run_gpu_stopped,False
1216,2048,7168,selected_opus,opus,9060,9060,9060,33.3224,bmm,bmm,31.688,5.157788437263333,4.904808777278957,small_split,6,small_split:210;small_split:211;small_split:220;small_split:221;small_split:230;small_split:231,passed,passed,not_run_gpu_stopped,not_run_gpu_stopped,False
1216,6144,7168,selected_opus,opus,9022,9022,9022,67.8285,bmm,bmm,67.539,0.42864122951185024,0.42681173842854525,main_variants,5,main_variants:92000;main_variants:92001;main_variants:92002;main_variants:92008;main_variants:92009,passed,passed,not_run_gpu_stopped,not_run_gpu_stopped,False
1280,768,7168,selected_opus,opus,9024,9024,9024,19.1496,bmm,bmm,17.681,8.306091284429606,7.669089693779496,main_variants,7,main_variants:92000;main_variants:92001;main_variants:92002;main_variants:92008;main_variants:92009;main_variants:92011;main_variants:92012,passed,passed,not_run_gpu_stopped,not_run_gpu_stopped,False
1280,2048,7168,selected_opus,opus,9060,9060,9060,33.2143,bmm,bmm,32.432,2.4121238283177027,2.355310814920075,small_split,6,small_split:210;small_split:211;small_split:220;small_split:221;small_split:230;small_split:231,passed,passed,not_run_gpu_stopped,not_run_gpu_stopped,False
1280,6144,7168,selected_opus,opus,9022,9022,9022,67.9876,bmm,bmm,67.793,0.2870502854276813,0.28622866522718393,main_variants,5,main_variants:92000;main_variants:92001;main_variants:92002;main_variants:92008;main_variants:92009,passed,passed,not_run_gpu_stopped,not_run_gpu_stopped,False
1344,768,7168,selected_opus,opus,9024,9024,9024,19.6488,bmm,bmm,17.932,9.573946018291334,8.737429257766394,main_variants,7,main_variants:92000;main_variants:92001;main_variants:92002;main_variants:92008;main_variants:92009;main_variants:92011;main_variants:92012,passed,passed,not_run_gpu_stopped,not_run_gpu_stopped,False
1344,2048,7168,selected_opus,opus,9061,9061,9061,34.1393,bmm,bmm,33.076,3.214717620026608,3.1145922734209464,small_split,6,small_split:210;small_split:211;small_split:220;small_split:221;small_split:230;small_split:231,passed,passed,not_run_gpu_stopped,not_run_gpu_stopped,False
1408,768,7168,selected_opus,opus,9062,9062,9064,24.1992,bmm,bmm,19.125,26.531764705882367,20.96846176733116,small_split,6,small_split:210;small_split:211;small_split:220;small_split:221;small_split:230;small_split:231,passed,passed,not_run_gpu_stopped,not_run_gpu_stopped,False
1408,2048,7168,selected_opus,opus,9061,9061,9061,34.4344,bmm,bmm,33.43,3.004486987735566,2.9168505912691822,small_split,6,small_split:210;small_split:211;small_split:220;small_split:221;small_split:230;small_split:231,passed,passed,not_run_gpu_stopped,not_run_gpu_stopped,False
1472,768,7168,selected_opus,opus,9045,9045,9045,24.7416,bmm,bmm,20.676,19.663377829367377,16.432243670579105,hybrid_small,3,hybrid_small:9045@direct_b_ahead1;hybrid_small:9045@direct_b_ahead2;hybrid_small:9045@direct_b_ahead3,passed,passed,not_run_gpu_stopped,not_run_gpu_stopped,False
1472,2048,7168,selected_opus,opus,9061,9061,9061,34.7723,bmm,bmm,33.945,2.4371777875975775,2.3791926332166757,small_split,6,small_split:210;small_split:211;small_split:220;small_split:221;small_split:230;small_split:231,passed,passed,not_run_gpu_stopped,not_run_gpu_stopped,False
1536,768,7168,selected_opus,opus,9062,9062,9064,24.2832,bmm,bmm,20.27,19.798717316230885,16.526652171048305,small_split,6,small_split:210;small_split:211;small_split:220;small_split:221;small_split:230;small_split:231,passed,passed,not_run_gpu_stopped,not_run_gpu_stopped,False
1536,2048,7168,selected_opus,opus,9061,9061,9061,34.7993,bmm,bmm,34.159,1.8744693931321166,1.8399795398183372,small_split,6,small_split:210;small_split:211;small_split:220;small_split:221;small_split:230;small_split:231,passed,passed,not_run_gpu_stopped,not_run_gpu_stopped,False
1600,768,7168,selected_opus,opus,9062,9062,9064,24.5076,bmm,bmm,22.128,10.75379609544469,9.70964109092689,small_split,6,small_split:210;small_split:211;small_split:220;small_split:221;small_split:230;small_split:231,passed,passed,not_run_gpu_stopped,not_run_gpu_stopped,False
1664,768,7168,selected_opus,opus,9045,9045,9045,25.0376,bmm,bmm,22.189,12.83789264951103,11.377288558008757,hybrid_small,3,hybrid_small:9045@direct_b_ahead1;hybrid_small:9045@direct_b_ahead2;hybrid_small:9045@direct_b_ahead3,passed,passed,not_run_gpu_stopped,not_run_gpu_stopped,False
1728,768,7168,selected_opus,opus,9062,9062,9064,24.7213,bmm,bmm,22.091,11.906658820334059,10.639812631212752,small_split,6,small_split:210;small_split:211;small_split:220;small_split:221;small_split:230;small_split:231,passed,passed,not_run_gpu_stopped,not_run_gpu_stopped,False
1792,768,7168,selected_opus,opus,9062,9062,9064,24.6393,bmm,bmm,21.995,12.0222777904069,10.732041900541,small_split,6,small_split:210;small_split:211;small_split:220;small_split:221;small_split:230;small_split:231,passed,passed,not_run_gpu_stopped,not_run_gpu_stopped,False
1856,768,7168,selected_opus,opus,9045,9045,9045,24.801,bmm,bmm,22.447,10.486924756092119,9.491552759969357,hybrid_small,3,hybrid_small:9045@direct_b_ahead1;hybrid_small:9045@direct_b_ahead2;hybrid_small:9045@direct_b_ahead3,passed,passed,not_run_gpu_stopped,not_run_gpu_stopped,False
1920,768,7168,selected_opus,opus,9045,9045,9045,24.4977,bmm,bmm,22.631,8.248420308426496,7.619899010927544,hybrid_small,3,hybrid_small:9045@direct_b_ahead1;hybrid_small:9045@direct_b_ahead2;hybrid_small:9045@direct_b_ahead3,passed,passed,not_run_gpu_stopped,not_run_gpu_stopped,False
1984,768,7168,selected_opus,opus,9045,9045,9045,24.7522,bmm,bmm,22.304,10.976506456241042,9.890837986118406,hybrid_small,3,hybrid_small:9045@direct_b_ahead1;hybrid_small:9045@direct_b_ahead2;hybrid_small:9045@direct_b_ahead3,passed,passed,not_run_gpu_stopped,not_run_gpu_stopped,False
2048,768,7168,selected_opus,opus,9046,9046,9046,26.9466,bmm,bmm,24.594,9.565747743352038,8.730600521030475,hybrid_small,3,hybrid_small:9046@direct_b_ahead1;hybrid_small:9046@direct_b_ahead2;hybrid_small:9046@direct_b_ahead3,passed,passed,not_run_gpu_stopped,not_run_gpu_stopped,False
4096,768,7168,selected_opus,opus,9021,9021,9021,39.4348,bmm,bmm,37.842,4.209079858358455,4.0390720886120945,main_variants,5,main_variants:92000;main_variants:92001;main_variants:92002;main_variants:92008;main_variants:92009,passed,passed,not_run_gpu_stopped,not_run_gpu_stopped,False
4096,2048,7168,selected_opus,opus,9022,9022,9022,73.5048,mxpsh,25632,65.6712,11.928516610020834,10.657263199138022,main_variants,5,main_variants:92000;main_variants:92001;main_variants:92002;main_variants:92008;main_variants:92009,passed,passed,not_run_gpu_stopped,not_run_gpu_stopped,False
4096,6144,7168,selected_opus,opus,9022,9022,9022,168.2603,mxpsh,25888,159.681,5.372774469097763,5.0988260451217515,main_variants,5,main_variants:92000;main_variants:92001;main_variants:92002;main_variants:92008;main_variants:92009,passed,passed,not_run_gpu_stopped,not_run_gpu_stopped,False
4096,7168,384,selected_opus,opus,9000,9000,9000,23.2367,mxpsh,21728,23.0085,0.9918073755351253,0.9820671609996112,main_variants,1,main_variants:92100,passed,passed,not_run_gpu_stopped,not_run_gpu_stopped,False
8192,7168,3072,selected_opus,opus,9000,9000,9000,165.7886,mxpsh,25824,149.5362,10.868538855474451,9.803086581345156,main_variants,1,main_variants:92102,passed,passed,not_run_gpu_stopped,not_run_gpu_stopped,False
8192,7168,7168,selected_opus,opus,9000,9000,9000,347.862,mxpsh,25824,309.9695,12.22458983867769,10.8929690509455,main_variants,1,main_variants:92103,passed,passed,not_run_gpu_stopped,not_run_gpu_stopped,False
8192,7168,16384,selected_opus,opus,9001,9001,9001,734.029,mxpsh,25792,728.3908,0.7740624950232755,0.7681167910259634,main_variants,1,main_variants:92114,passed,passed,not_run_gpu_stopped,not_run_gpu_stopped,False
8192,65536,1536,selected_opus,opus,9001,9001,9001,755.9294,mxpsh,25824,747.1354,1.1770289561972236,1.1633361528206154,main_variants,1,main_variants:92111,passed,passed,not_run_gpu_stopped,not_run_gpu_stopped,False
10240,16384,1536,selected_opus,opus,9001,9001,9001,240.1984,mxpsh,25888,238.8214,0.5765814956281146,0.57327609176413,main_variants,1,main_variants:92111,passed,passed,not_run_gpu_stopped,not_run_gpu_stopped,False
14336,16384,1536,selected_opus,opus,9001,9001,9001,332.6951,mxpsh,25888,326.2113,1.9876074188723836,1.948871504269234,main_variants,1,main_variants:92111,passed,passed,not_run_gpu_stopped,not_run_gpu_stopped,False
16384,768,7168,selected_opus,opus,9011,9011,9011,98.2814,bmm,bmm,94.263,4.262966381294886,4.088667845594385,main_variants,1,main_variants:92120,passed,passed,not_run_gpu_stopped,not_run_gpu_stopped,False
16384,6144,7168,selected_opus,opus,9001,9001,9001,527.2241,mxpsh,25888,523.8512,0.6438660444034738,0.6397469311437143,main_variants,1,main_variants:92113,passed,passed,not_run_gpu_stopped,not_run_gpu_stopped,False
16384,7168,3072,selected_opus,opus,9001,9001,9001,294.6444,mxpsh,25824,282.7584,4.203588646703338,4.034015240065658,main_variants,1,main_variants:92112,passed,passed,not_run_gpu_stopped,not_run_gpu_stopped,False
16384,7168,7168,selected_opus,opus,9000,9000,9000,616.1728,mxpsh,25888,604.3562,1.9552376562034235,1.9177412569980512,main_variants,1,main_variants:92103,passed,passed,not_run_gpu_stopped,not_run_gpu_stopped,False
16384,65536,1536,selected_opus,opus,9030,9030,9030,1954.8257,mxpsh,25824,1452.1279,34.618011264710226,25.715735167590648,large9030,2,large9030:directb;large9030:panel16,passed,passed,not_run_gpu_stopped,not_run_gpu_stopped,False
20480,65536,1536,selected_opus,opus,9030,9030,9030,2427.7086,bmm,bmm,2130.145,13.969171112764611,12.256973509917957,large9030,2,large9030:directb;large9030:panel16,passed,passed,not_run_gpu_stopped,not_run_gpu_stopped,False
24576,65536,1536,selected_opus,opus,9030,9030,9030,2912.5766,bmm,bmm,2566.578,13.48093063994158,11.879467822408518,large9030,2,large9030:directb;large9030:panel16,passed,passed,not_run_gpu_stopped,not_run_gpu_stopped,False
28672,16384,1536,selected_opus,opus,9001,9001,9001,660.9878,mxpsh,25888,655.6558,0.8132315766900877,0.806671469579312,main_variants,1,main_variants:92111,passed,passed,not_run_gpu_stopped,not_run_gpu_stopped,False
28672,65536,1536,selected_opus,opus,9030,9030,9030,3409.287,bmm,bmm,2974.371,14.622116743338331,12.756802228735797,large9030,2,large9030:directb;large9030:panel16,passed,passed,not_run_gpu_stopped,not_run_gpu_stopped,False
32768,768,7168,selected_opus,opus,9020,9020,9020,183.464,bmm,bmm,176.486,3.953854696689829,3.803470980682866,main_variants,5,main_variants:92000;main_variants:92001;main_variants:92002;main_variants:92008;main_variants:92009,passed,passed,not_run_gpu_stopped,not_run_gpu_stopped,False
32768,7168,3072,selected_opus,opus,9000,9000,9000,555.9916,mxpsh,25888,547.1599,1.6140985477919534,1.5884592501037686,main_variants,1,main_variants:92102,passed,passed,not_run_gpu_stopped,not_run_gpu_stopped,False
32768,65536,1536,selected_opus,opus,9030,9030,9030,3893.7699,mxpsh,25824,3059.4819,27.26893072974217,21.42622757446452,large9030,2,large9030:directb;large9030:panel16,passed,passed,not_run_gpu_stopped,not_run_gpu_stopped,False
40960,65536,1536,selected_opus,opus,9030,9030,9030,4845.6724,bmm,bmm,4191.566,15.605298831033565,13.498774700493588,large9030,2,large9030:directb;large9030:panel16,passed,passed,not_run_gpu_stopped,not_run_gpu_stopped,False
49152,65536,1536,selected_opus,opus,9030,9030,9030,5808.7681,bmm,bmm,4914.687,18.192025250031186,15.391922772747634,large9030,2,large9030:directb;large9030:panel16,passed,passed,not_run_gpu_stopped,not_run_gpu_stopped,False
57344,65536,1536,selected_opus,opus,9030,9030,9030,6797.9922,bmm,bmm,5805.52,17.095319626837902,14.599490125922754,large9030,2,large9030:directb;large9030:panel16,passed,passed,not_run_gpu_stopped,not_run_gpu_stopped,False
65536,16384,1536,selected_opus,opus,9030,9030,9030,1793.4697,bmm,bmm,1736.646,3.272037018482754,3.168366881247009,large9030,2,large9030:directb;large9030:panel16,passed,passed,not_run_gpu_stopped,not_run_gpu_stopped,False
65536,65536,1536,selected_opus,opus,9030,9030,9030,7725.845,bmm,bmm,6830.474,13.108475341535586,11.589295410404944,large9030,2,large9030:directb;large9030:panel16,passed,passed,not_run_gpu_stopped,not_run_gpu_stopped,False
