kid,role,family,label,compiler,pipeline_header,traits_header,primary_kernel,primary_traits,additional_traits,tile_m,tile_n,tile_k,block_size,m_alignment,n_alignment,max_m,max_k,fixed_k,split_k,workspace_dtype,sfa_pointer_alignment,c_pointer_alignment,max_tensor_bytes,large_output_only,output_dtype,internal_dispatch,legacy_parent,name,generated_impl_sha256,generated_device_tu_sha256
9000,retained_tuning,pin,default,pin_clang24,gfx950/opus_gemm_pipeline_a8w8_mxscale_bpreshuffle_4wave_gfx950.cuh,gfx950/opus_gemm_traits_a8w8_mxscale_bpreshuffle_gfx950.cuh,gemm_a8w8_mxfp8_scale_kernel,opus_gemm_mxscale_bpreshuffle_4wave_traits_gfx950,[],256,256,128,256,256,256,,,0,1,none,1,16,2147483647,False,bf16,[],,opus_gemm_gfx950_a8w8_mxscale_gemm_bpreshuffle_256x256x256x128_2x2_16x16x128_1x128x128_tiles1_nooob,e646aaf4d85678b9b0486247bb30131333431f7a1ed6809808f6e729dc597bd9,b5cfac9381a58f790bb16ed2f7023a5834cd5dbb3c2d151669560f9a86fc2dea
9001,retained_tuning,pin,default,pin_clang24,gfx950/opus_gemm_pipeline_a8w8_mxscale_bpreshuffle_4wave_gfx950.cuh,gfx950/opus_gemm_traits_a8w8_mxscale_bpreshuffle_gfx950.cuh,gemm_a8w8_mxfp8_scale_kernel,opus_gemm_mxscale_bpreshuffle_4wave_traits_scale_reset_gfx950,[],256,256,128,256,256,256,,,0,1,none,1,16,2147483647,False,bf16,[],,opus_gemm_gfx950_a8w8_mxscale_gemm_bpreshuffle_256x256x256x128_2x2_16x16x128_1x128x128_tiles1_scale_reset_nooob,bb58d412467e5bcaf787a871d0c15ff42462f8b8a789a4b179a7d2fb986be79e,7d88268a8ef2c36674fa08d8d7bc0c284328de1cd963ecbea1785501e6094de2
9010,retained_tuning,padded_pin,padm,pin_clang24,gfx950/opus_gemm_pipeline_a8w8_mxscale_bpreshuffle_4wave_256x256_padded_m_gfx950.cuh,gfx950/opus_gemm_traits_a8w8_mxscale_bpreshuffle_4wave_256x256_padded_m_gfx950.cuh,gemm_a8w8_mxfp8_scale_4wave_256x256_padded_m_kernel,opus_gemm_mxscale_bpreshuffle_4wave_256x256_padded_m_traits_gfx950,[],256,256,128,256,64,256,,,0,1,none,1,16,2147483647,False,bf16,[],,opus_gemm_gfx950_a8w8_mxscale_gemm_bpreshuffle_256x256x256x128_2x2_16x16x128_1x128x128_tiles1,7b7510cdf1e0454983e996dab8d5beb3813df9f2cfcb26ae851826a2efa6b5b1,6a4725453712d16ca0b476e794d077a4336ba587069e49dc7dcd00a4ca48ebfa
9011,retained_tuning,padded_pin,padm_unroll4,pin_clang24,gfx950/opus_gemm_pipeline_a8w8_mxscale_bpreshuffle_4wave_256x256_padded_m_gfx950.cuh,gfx950/opus_gemm_traits_a8w8_mxscale_bpreshuffle_4wave_256x256_padded_m_gfx950.cuh,gemm_a8w8_mxfp8_scale_4wave_256x256_padded_m_kernel,opus_gemm_mxscale_bpreshuffle_4wave_256x256_padded_m_traits_unroll4_gfx950,[],256,256,128,256,64,256,,,0,1,none,1,16,2147483647,False,bf16,[],,opus_gemm_gfx950_a8w8_mxscale_gemm_bpreshuffle_256x256x256x128_2x2_16x16x128_1x128x128_tiles1_unroll4,b1447b3cac74d29234befdfc13c224ee6c07bee2224ee5ddad1040480654991f,5327e218c50d7a9a841acab5eab3d4a5f9f22c1718dd227e075ede952f8032f8
9020,retained_tuning,main,main,baseline_clang23,gfx950/opus_gemm_pipeline_a8w8_mxscale_bpreshuffle_8wave_192x256_gfx950.cuh,gfx950/opus_gemm_traits_a8w8_mxscale_bpreshuffle_8wave_192x256_gfx950.cuh,gemm_a8w8_mxfp8_scale_8wave_192x256_kernel,opus_gemm_mxscale_bpreshuffle_8wave_192x256_traits_gfx950,"[""opus_gemm_mxscale_bpreshuffle_8wave_traits_gfx950<128, 128, 64>"", ""opus_gemm_mxscale_bpreshuffle_8wave_traits_gfx950<192, 256, 8, 384>"", ""opus_gemm_mxscale_bpreshuffle_8wave_traits_gfx950<192, 256, 8, 768>"", ""opus_gemm_mxscale_bpreshuffle_8wave_traits_gfx950<192, 256, 32, 1536>"", ""opus_gemm_mxscale_bpreshuffle_8wave_traits_gfx950<192, 256, 32, 3072>"", ""opus_gemm_mxscale_bpreshuffle_8wave_traits_gfx950<192, 256, 64, 7168>""]",192,256,128,512,16,256,,16384,0,1,none,16,16,2147483647,False,bf16,[],,opus_gemm_gfx950_a8w8_mxscale_gemm_bpreshuffle_512x192x256x128_4x2_16x16x128_1x128x128_tiles1_main,f71537d4c03c35bba94068b8670febc852f895f358c2c2252c6380b9c0d740ae,1b5e758c2d4354eda92a41dcf17e411dbb6d531c57bb0d8765e89b8efad7c3a2
9021,retained_tuning,small_main,small,baseline_clang23,gfx950/opus_gemm_pipeline_a8w8_mxscale_bpreshuffle_4wave_128x128_gfx950.cuh,gfx950/opus_gemm_traits_a8w8_mxscale_bpreshuffle_4wave_128x128_gfx950.cuh,gemm_a8w8_mxfp8_scale_4wave_128x128_kernel,opus_gemm_mxscale_bpreshuffle_4wave_128x128_traits_gfx950,[],128,128,128,256,1,128,,16384,0,1,none,16,16,2147483647,False,bf16,[],,opus_gemm_gfx950_a8w8_mxscale_gemm_bpreshuffle_256x128x128x128_2x2_16x16x128_1x128x128_tiles1_small,3d32de1511910ea054c158fedd7d4c9b0567f8df5c54bb25cad55ff9a872a7c2,02ea7017688b3b7723d87bfdd367f55faea43a9d39d8ae8e4c1a264da3cb3021
9022,retained_tuning,small_main,small,baseline_clang23,gfx950/opus_gemm_pipeline_a8w8_mxscale_bpreshuffle_4wave_160x128_gfx950.cuh,gfx950/opus_gemm_traits_a8w8_mxscale_bpreshuffle_4wave_160x128_gfx950.cuh,gemm_a8w8_mxfp8_scale_4wave_160x128_kernel,opus_gemm_mxscale_bpreshuffle_4wave_160x128_traits_gfx950,[],160,128,128,256,16,128,,16384,0,1,none,16,16,2147483647,False,bf16,[],,opus_gemm_gfx950_a8w8_mxscale_gemm_bpreshuffle_256x160x128x128_2x2_16x16x128_1x128x128_tiles1_small,824a15c67fec6d03aa994738e704169a4cafcf1c3d663308a49dfbc0b8bad66c,e391ba859c23e9d9e082953a62104f89e69f6494833314ce4158641dd5aa2af7
9023,retained_tuning,narrow,narrow,baseline_clang23,gfx950/opus_gemm_pipeline_a8w8_mxscale_bpreshuffle_4wave_64x128_gfx950.cuh,gfx950/opus_gemm_traits_a8w8_mxscale_bpreshuffle_4wave_64x128_gfx950.cuh,gemm_a8w8_mxfp8_scale_4wave_64x128_kernel,opus_gemm_mxscale_bpreshuffle_4wave_64x128_traits_gfx950,"[""opus_gemm_mxscale_bpreshuffle_4wave_64x128_traits_base_gfx950<4, 64, 7168>""]",64,128,128,256,1,128,,16384,0,1,none,16,16,2147483647,False,bf16,[],,opus_gemm_gfx950_a8w8_mxscale_gemm_bpreshuffle_256x64x128x128_2x2_16x16x128_1x128x128_tiles1_narrow,b3381cd6784053e5dec9736afbac3b1abeb18c7afa2c6b72a5b8e6304e54789a,b36cfb546758b83b6af3c8905d36edbb6b80c31eb4b9726d4e592f7310e06fcd
9024,retained_tuning,narrow,narrow,baseline_clang23,gfx950/opus_gemm_pipeline_a8w8_mxscale_bpreshuffle_4wave_64x64_gfx950.cuh,gfx950/opus_gemm_traits_a8w8_mxscale_bpreshuffle_4wave_64x64_gfx950.cuh,gemm_a8w8_mxfp8_scale_4wave_64x64_kernel,opus_gemm_mxscale_bpreshuffle_4wave_64x64_traits_gfx950,"[""opus_gemm_mxscale_bpreshuffle_4wave_64x64_traits_base_gfx950<64, 7168, 4>""]",64,64,128,256,1,128,,16384,0,1,none,16,16,2147483647,False,bf16,[],,opus_gemm_gfx950_a8w8_mxscale_gemm_bpreshuffle_256x64x64x128_2x2_16x16x128_1x128x128_tiles1_narrow,5f636e804ef56f6dc227f825ea932d1566896a699d0cc7aeee8249c325a99eb5,818e2f3ff60ab14da6d70252f6595886c332965997b2be52cf5631e11622b946
9030,retained_tuning,large_output,large_output,baseline_clang23,gfx950/opus_gemm_pipeline_a8w8_mxscale_bpreshuffle_8wave_192x256_large_output_gfx950.cuh,gfx950/opus_gemm_traits_a8w8_mxscale_bpreshuffle_8wave_192x256_large_output_gfx950.cuh,gemm_a8w8_mxfp8_scale_8wave_192x256_large_output_kernel,opus_gemm_mxscale_bpreshuffle_8wave_192x256_large_output_traits_gfx950,[],192,256,128,512,64,256,,16384,0,1,none,16,16,9223372036854775807,True,bf16,[],,opus_gemm_gfx950_a8w8_mxscale_gemm_bpreshuffle_512x192x256x128_4x2_16x16x128_1x128x128_tiles1,fcb15932f61a024c353fd0174f59d2e467f34cf4713fbeb4756dd7ed4735696d,1f05d25b3cf2dee74199bacabf02f1608d6ba68d60a2f4163cf8ee7099b7c79a
9040,retained_tuning,register,small_register,baseline_clang23,gfx950/opus_gemm_pipeline_a8w8_mxscale_bpreshuffle_small_register_gfx950.cuh,gfx950/opus_gemm_traits_a8w8_mxscale_bpreshuffle_small_gfx950.cuh,gemm_a8w8_mxfp8_scale_small_register_kernel,opus_gemm_mxscale_bpreshuffle_small_register_16x32_traits_gfx950,[],16,32,128,64,1,128,512,16384,0,1,none,16,16,2147483647,False,bf16,[],,opus_gemm_gfx950_a8w8_mxscale_gemm_bpreshuffle_64x16x32x128_1x1_16x16x128_1x128x128_tiles1_small_register,43995b239bab8b69771a35dcff48d11f40c013644af8d5596b7db6f49e28dc27,3638b17c107d51014d668bb164280a81be289d4ca4775deda9ba440db6ade487
9041,retained_tuning,register,small_register,baseline_clang23,gfx950/opus_gemm_pipeline_a8w8_mxscale_bpreshuffle_small_register_gfx950.cuh,gfx950/opus_gemm_traits_a8w8_mxscale_bpreshuffle_small_gfx950.cuh,gemm_a8w8_mxfp8_scale_small_register_kernel,opus_gemm_mxscale_bpreshuffle_small_register_16x16_traits_gfx950,"[""opus_gemm_mxscale_bpreshuffle_small_register_prefetch_16x16_traits_gfx950""]",16,16,128,512,1,128,512,16384,0,1,none,16,16,2147483647,False,bf16,"[[""k >= 8192 || (k >= 4096 && ((m + 15) / 16) * (n / 16) < 256)"", 9050]]",,opus_gemm_gfx950_a8w8_mxscale_gemm_bpreshuffle_512x16x16x128_1x1_16x16x128_1x128x128_tiles1_small_register,e70d12307f3b0240631a8f73c63f39dd6d948117f062aed2fb7fa2a08645e7f2,5df18a9cc85d16b4736ff46bcfff9c822dd324a91d8f8449c7eb6fdd012a86d3
9042,retained_tuning,register,small_register,baseline_clang23,gfx950/opus_gemm_pipeline_a8w8_mxscale_bpreshuffle_small_register_gfx950.cuh,gfx950/opus_gemm_traits_a8w8_mxscale_bpreshuffle_small_gfx950.cuh,gemm_a8w8_mxfp8_scale_small_register_kernel,opus_gemm_mxscale_bpreshuffle_small_register_32x32_traits_gfx950,"[""opus_gemm_small_register_traits_gfx950<32, 48, 1, 1, 3, 4, 4, 0, 7168, true, false>"", ""opus_gemm_small_register_traits_gfx950<16, 48, 1, 1, 4, 4, 4, 3, 7168, true, false>""]",32,32,128,256,1,128,512,16384,0,1,none,16,16,2147483647,False,bf16,"[[""k == 7168 && ((m + 15) / 16) * ((n + 47) / 48) <= 256"", 9071], [""k == 7168"", 9073]]",,opus_gemm_gfx950_a8w8_mxscale_gemm_bpreshuffle_256x32x32x128_1x1_16x16x128_1x128x128_tiles1_small_register,4ae3570eb742f270e2111ffd552ce3095dc486df3ca909ffeafd3fa306fc3da8,454fd85df6f6cfa5932d64a74972b3d3f5cb3109ea885ca36552e5b1fa4f7d77
9043,retained_tuning,small_lds,small_lds,baseline_clang23,gfx950/opus_gemm_pipeline_a8w8_mxscale_bpreshuffle_small_lds_gfx950.cuh,gfx950/opus_gemm_traits_a8w8_mxscale_bpreshuffle_small_gfx950.cuh,gemm_a8w8_mxfp8_scale_small_lds_kernel,opus_gemm_mxscale_bpreshuffle_small_lds_32x64_traits_gfx950,[],32,64,128,256,1,128,2048,16384,0,1,none,16,16,2147483647,False,bf16,[],,opus_gemm_gfx950_a8w8_mxscale_gemm_bpreshuffle_256x32x64x128_1x4_16x16x128_1x128x128_tiles1_small_lds,75b5916ea44164ca95ac50bafb7daf09bfe46f30426dbc94f1ea22d225b668d5,39310b170dfbc9b11751476f568afbec0d31b0b2a8535a82725b34f851670e23
9044,retained_tuning,small_lds,small_lds,baseline_clang23,gfx950/opus_gemm_pipeline_a8w8_mxscale_bpreshuffle_small_lds_gfx950.cuh,gfx950/opus_gemm_traits_a8w8_mxscale_bpreshuffle_small_gfx950.cuh,gemm_a8w8_mxfp8_scale_small_lds_kernel,opus_gemm_mxscale_bpreshuffle_small_lds_64x64_traits_gfx950,"[""opus_gemm_mxscale_bpreshuffle_small_lds_deep_64x64_traits_gfx950""]",64,64,128,256,1,128,2048,16384,0,1,none,16,16,2147483647,False,bf16,"[[""k >= 1536 && ((m + 63) / 64) * (n / 64) <= 256"", 9056]]",,opus_gemm_gfx950_a8w8_mxscale_gemm_bpreshuffle_256x64x64x128_2x2_16x16x128_1x128x128_tiles1_small_lds,26dd4cb2a31a0ac640060c3baa0a5700378acc7f2fa1fba4277fc77a12617b24,9760946417bb6c888f89d4e8b4ca873d547de8d75a4909cc17213e1d2055661c
9045,retained_tuning,small_lds,small_lds,baseline_clang23,gfx950/opus_gemm_pipeline_a8w8_mxscale_bpreshuffle_small_lds_gfx950.cuh,gfx950/opus_gemm_traits_a8w8_mxscale_bpreshuffle_small_gfx950.cuh,gemm_a8w8_mxfp8_scale_small_lds_kernel,opus_gemm_mxscale_bpreshuffle_small_lds_96x64_traits_gfx950,[],96,64,128,256,1,128,2048,16384,0,1,none,16,16,2147483647,False,bf16,[],,opus_gemm_gfx950_a8w8_mxscale_gemm_bpreshuffle_256x96x64x128_2x2_16x16x128_1x128x128_tiles1_small_lds,11f12a08d88da76e22264c088c66ad22c4a30a645596566e3469bf92f8aeb41d,a27c56bb816230a770ff676cbfffa14f8717f3022825a277989c6dda5e13a2fa
9046,retained_tuning,small_lds,small_lds,baseline_clang23,gfx950/opus_gemm_pipeline_a8w8_mxscale_bpreshuffle_small_lds_gfx950.cuh,gfx950/opus_gemm_traits_a8w8_mxscale_bpreshuffle_small_gfx950.cuh,gemm_a8w8_mxfp8_scale_small_lds_kernel,opus_gemm_mxscale_bpreshuffle_small_lds_64x128_traits_gfx950,[],64,128,128,512,1,128,2048,16384,0,1,none,16,16,2147483647,False,bf16,[],,opus_gemm_gfx950_a8w8_mxscale_gemm_bpreshuffle_512x64x128x128_4x2_16x16x128_1x128x128_tiles1_small_lds,283a787ebbe6232235f37046c7346e548cb5db12924b32ff0567afc418bb3911,7b21c89056ac9b139a42317c7719a877f75a521dd7306b9e3ba9fd50615d4587
9047,retained_tuning,small_lds,small_regscale,baseline_clang23,gfx950/opus_gemm_pipeline_a8w8_mxscale_bpreshuffle_small_lds_gfx950.cuh,gfx950/opus_gemm_traits_a8w8_mxscale_bpreshuffle_small_gfx950.cuh,gemm_a8w8_mxfp8_scale_small_lds_kernel,opus_gemm_mxscale_bpreshuffle_small_regscale_32x64_traits_gfx950,[],32,64,128,256,1,128,512,16384,0,1,none,16,16,2147483647,False,bf16,[],,opus_gemm_gfx950_a8w8_mxscale_gemm_bpreshuffle_256x32x64x128_2x2_16x16x128_1x128x128_tiles1_small_regscale,2a5114cf6022dec8cce59663874d6b49a2d594c7e4e00c14292521636facd4f7,c7f3dd183584607e290539c4ffb440c6cb08fd56c4e594c874528b7fd500e1e4
9049,retained_tuning,small_lds,small_regscale_xor,baseline_clang23,gfx950/opus_gemm_pipeline_a8w8_mxscale_bpreshuffle_small_lds_gfx950.cuh,gfx950/opus_gemm_traits_a8w8_mxscale_bpreshuffle_small_gfx950.cuh,gemm_a8w8_mxfp8_scale_small_lds_kernel,opus_gemm_mxscale_bpreshuffle_small_regscale_xor_32x128_traits_gfx950,[],32,128,128,256,1,128,512,16384,0,1,none,16,16,2147483647,False,bf16,[],,opus_gemm_gfx950_a8w8_mxscale_gemm_bpreshuffle_256x32x128x128_2x2_16x16x128_1x128x128_tiles1_small_regscale_xor,ee10b52cbd41245dd2a112c005db51efea4198f771c71a4bbf025ca38d6e8c9a,5e29814c8a0cd502dce506ef858f01f1af792d639b3caaaca4c800c088de17f4
9051,retained_tuning,register,small_register_prefetch,baseline_clang23,gfx950/opus_gemm_pipeline_a8w8_mxscale_bpreshuffle_small_register_gfx950.cuh,gfx950/opus_gemm_traits_a8w8_mxscale_bpreshuffle_small_gfx950.cuh,gemm_a8w8_mxfp8_scale_small_register_kernel,opus_gemm_mxscale_bpreshuffle_small_register_prefetch_16x32_traits_gfx950,[],16,32,128,256,1,128,512,16384,0,1,none,16,16,2147483647,False,bf16,[],,opus_gemm_gfx950_a8w8_mxscale_gemm_bpreshuffle_256x16x32x128_1x1_16x16x128_1x128x128_tiles1_small_register_prefetch,18898c417dc7966ba82182879073e3b16eae9046533c41b073ab8e04646d7e5d,39074c8f043af487e86b0696da34338de1a5b6eb57fff59af0f77781c0a657a2
9052,retained_tuning,register,small_register_wavek,baseline_clang23,gfx950/opus_gemm_pipeline_a8w8_mxscale_bpreshuffle_small_register_gfx950.cuh,gfx950/opus_gemm_traits_a8w8_mxscale_bpreshuffle_small_gfx950.cuh,gemm_a8w8_mxfp8_scale_small_register_kernel,opus_gemm_mxscale_bpreshuffle_small_register_wavek_16x32_traits_gfx950,"[""opus_gemm_small_register_traits_gfx950<16, 32, 1, 1, 3, 8, 4, 3, 7168, false, true>""]",16,32,128,512,1,128,512,16384,0,1,none,16,16,2147483647,False,bf16,"[[""k == 7168"", 9070]]",,opus_gemm_gfx950_a8w8_mxscale_gemm_bpreshuffle_512x16x32x128_1x1_16x16x128_1x128x128_tiles1_small_register_wavek,860e929bebf476cfd6ba41ad1df019a3c49945caf534ce3d19d052b877d5b48c,84985ca3c2a6fcaaae84734e9006fb475a69ac81cfde82828f43ee6b6fac1105
9053,retained_tuning,register,small_register_wavek,baseline_clang23,gfx950/opus_gemm_pipeline_a8w8_mxscale_bpreshuffle_small_register_gfx950.cuh,gfx950/opus_gemm_traits_a8w8_mxscale_bpreshuffle_small_gfx950.cuh,gemm_a8w8_mxfp8_scale_small_register_kernel,opus_gemm_mxscale_bpreshuffle_small_register_wavek_32x32_traits_gfx950,"[""opus_gemm_small_register_traits_gfx950<32, 32, 1, 1, 4, 4, 4, 3, 7168, false, true>""]",32,32,128,512,1,128,512,16384,0,1,none,16,16,2147483647,False,bf16,"[[""k == 7168"", 9072]]",,opus_gemm_gfx950_a8w8_mxscale_gemm_bpreshuffle_512x32x32x128_1x1_16x16x128_1x128x128_tiles1_small_register_wavek,92bf9c989a482c7e67ad780d634da06506e6b166c93c689d6ff1b63189d7efd8,30c07cbe0df3c89918ee4b33ad56cc35ca615df2f09f5aa63213a9e6516350c5
9054,retained_tuning,register,small_register_wavek,baseline_clang23,gfx950/opus_gemm_pipeline_a8w8_mxscale_bpreshuffle_small_register_gfx950.cuh,gfx950/opus_gemm_traits_a8w8_mxscale_bpreshuffle_small_gfx950.cuh,gemm_a8w8_mxfp8_scale_small_register_kernel,opus_gemm_mxscale_bpreshuffle_small_register_wavek_32x64_traits_gfx950,[],32,64,128,256,1,128,512,16384,0,1,none,16,16,2147483647,False,bf16,[],,opus_gemm_gfx950_a8w8_mxscale_gemm_bpreshuffle_256x32x64x128_1x1_16x16x128_1x128x128_tiles1_small_register_wavek,0d7dc7df7ebd603233af896b9d024842fa3e3ed269ef169e924316cbe2eb2396,7467fd1313c7f92ed4d7fe60dccf8176c5f6170d790ad8c4309e53870a781ad9
9055,retained_tuning,small_lds,small_lds_deep,baseline_clang23,gfx950/opus_gemm_pipeline_a8w8_mxscale_bpreshuffle_small_lds_gfx950.cuh,gfx950/opus_gemm_traits_a8w8_mxscale_bpreshuffle_small_gfx950.cuh,gemm_a8w8_mxfp8_scale_small_lds_kernel,opus_gemm_mxscale_bpreshuffle_small_lds_deep_32x64_traits_gfx950,[],32,64,128,256,1,128,2048,16384,0,1,none,16,16,2147483647,False,bf16,[],,opus_gemm_gfx950_a8w8_mxscale_gemm_bpreshuffle_256x32x64x128_1x4_16x16x128_1x128x128_tiles1_small_lds_deep,588c4e503ea454f8996a8eef765f8efd0d3873b81d79d2024d3a10ec2c20345f,c705507a69e0933f2dacc5689ed32f25aa89182d26b5fc0ba8838119b40c1397
9060,retained_tuning,fine_lds,fine_lds_s4_c1_sk1_v4b128,baseline_clang23,gfx950/opus_gemm_pipeline_a8w8_mxscale_bpreshuffle_fine_lds_gfx950.cuh,gfx950/opus_gemm_traits_a8w8_mxscale_bpreshuffle_fine_gfx950.cuh,gemm_a8w8_mxfp8_scale_small_lds_kernel,"opus_gemm_mxscale_bpreshuffle_fine_traits_gfx950<80, 1, 4, 4, 1, 1, 4, 128, 0, 0>","[""opus_gemm_mxscale_bpreshuffle_fine_traits_gfx950<80, 1, 4, 4, 1, 1, 4, 128, 0, 3072>"", ""opus_gemm_mxscale_bpreshuffle_fine_traits_gfx950<80, 1, 4, 4, 1, 1, 4, 128, 0, 7168>""]",80,128,128,256,1,128,2048,16384,0,1,none,16,16,2147483647,False,bf16,[],,opus_gemm_gfx950_a8w8_mxscale_gemm_bpreshuffle_256x80x128x128_1x4_16x16x128_1x128x128_tiles1_fine_lds_s4_c1_sk1_v4b128,dd217e564c486905b93efc7a1ae35a9294618f4534e0f121605fb5f71e80f5de,f0e40687d8874a9f1139dd3bcf5a42d32adfce86915be5152d1329c7f8ee8582
9061,retained_tuning,fine_lds,fine_lds_s4_c1_sk1_v4b128,baseline_clang23,gfx950/opus_gemm_pipeline_a8w8_mxscale_bpreshuffle_fine_lds_gfx950.cuh,gfx950/opus_gemm_traits_a8w8_mxscale_bpreshuffle_fine_gfx950.cuh,gemm_a8w8_mxfp8_scale_small_lds_kernel,"opus_gemm_mxscale_bpreshuffle_fine_traits_gfx950<96, 2, 4, 4, 1, 1, 4, 128, 0, 0>",[],96,128,128,512,1,128,2048,16384,0,1,none,16,16,2147483647,False,bf16,[],,opus_gemm_gfx950_a8w8_mxscale_gemm_bpreshuffle_512x96x128x128_2x4_16x16x128_1x128x128_tiles1_fine_lds_s4_c1_sk1_v4b128,5ca74b70aacfe5a679005a807979d5d2b852d876d43b44689d188f44951b29a8,8e000dc60513d5976da55afd13c8527542f338c675f395681b3de382849489fc
9062,retained_tuning,fine_lds,fine_lds_s4_c1_sk2_v4b128,baseline_clang23,gfx950/opus_gemm_pipeline_a8w8_mxscale_bpreshuffle_fine_lds_gfx950.cuh,gfx950/opus_gemm_traits_a8w8_mxscale_bpreshuffle_fine_gfx950.cuh,gemm_a8w8_mxfp8_scale_small_lds_kernel,"opus_gemm_mxscale_bpreshuffle_fine_traits_gfx950<80, 1, 4, 4, 1, 2, 4, 128, 0, 0>","[""opus_gemm_mxscale_bpreshuffle_fine_traits_gfx950<80, 1, 4, 4, 1, 2, 4, 128, 0, 16384>"", ""opus_gemm_mxscale_bpreshuffle_fine_traits_gfx950<96, 2, 4, 4, 1, 2, 16, 128, 2, 0>""]",80,128,128,256,1,128,2048,16384,0,2,fp32_t,16,16,2147483647,False,bf16,"[[""(m + 95) / 96 < (m + 79) / 80"", 9064]]",,opus_gemm_gfx950_a8w8_mxscale_gemm_bpreshuffle_256x80x128x128_1x4_16x16x128_1x128x128_tiles1_fine_lds_s4_c1_sk2_v4b128,8ba1770719506d14497b1c272fb089dd7c102f5821d5a11fe9df65b8b839de7b,b0b5005fd8451922375e8ed4d406fe9721b0b5f00750e26a7f3ea0d5d81f3f2a
9063,retained_tuning,fine_lds,fine_lds_s4_c1_sk4_v16b128,baseline_clang23,gfx950/opus_gemm_pipeline_a8w8_mxscale_bpreshuffle_fine_lds_gfx950.cuh,gfx950/opus_gemm_traits_a8w8_mxscale_bpreshuffle_fine_gfx950.cuh,gemm_a8w8_mxfp8_scale_small_lds_kernel,"opus_gemm_mxscale_bpreshuffle_fine_traits_gfx950<80, 1, 4, 4, 1, 4, 16, 128, 2, 0>","[""opus_gemm_mxscale_bpreshuffle_fine_traits_gfx950<80, 1, 4, 4, 1, 4, 4, 128, 0, 16384>"", ""opus_gemm_mxscale_bpreshuffle_fine_traits_gfx950<96, 2, 4, 4, 1, 4, 16, 128, 2, 0>"", ""opus_gemm_mxscale_bpreshuffle_fine_traits_gfx950<128, 2, 2, 4, 1, 4, 4, 128, 0, 0>"", ""opus_gemm_mxscale_bpreshuffle_fine_traits_gfx950<112, 1, 4, 4, 1, 4, 4, 128, 0, 0>"", ""opus_gemm_mxscale_bpreshuffle_fine_traits_gfx950<96, 2, 2, 4, 1, 4, 16, 64, 0, 0>"", ""opus_gemm_mxscale_bpreshuffle_fine_traits_gfx950<48, 1, 4, 4, 1, 4, 4, 128, 0, 0>"", ""opus_gemm_mxscale_bpreshuffle_fine_traits_gfx950<48, 1, 4, 6, 2, 4, 4, 128, 0, 7168>""]",80,128,128,256,1,128,2048,16384,0,4,fp32_t,16,16,2147483647,False,bf16,"[[""k >= 8192 && m <= 48"", 9069], [""k >= 8192 && m > 80 && m <= 96"", 9066], [""k >= 8192 && m > 96 && m <= 112"", 9068], [""k >= 8192 && m > 112 && m <= 128"", 9067], [""!(k >= 8192 && m <= 128) && ((m + 79) / 80) * (n / 128) * 4 > 256"", 9065]]",,opus_gemm_gfx950_a8w8_mxscale_gemm_bpreshuffle_256x80x128x128_1x4_16x16x128_1x128x128_tiles1_fine_lds_s4_c1_sk4_v16b128,c865622f91354a4dc53296335058340c8f28ce26d95494ed846ba4e705e1e411,1eca85952588749c18c849e3dbbffc63efb4c873dfc45a5966aecf7934db3c75
92000,new_tuning,geometry,geometry_s2_p32_k0,baseline_clang23,gfx950/opus_gemm_pipeline_a8w8_mxscale_bpreshuffle_geometry_gfx950.cuh,gfx950/opus_gemm_traits_a8w8_mxscale_bpreshuffle_main_variants_gfx950.cuh,opus_gemm_mxscale_bpreshuffle_geometry_kernel,"opus_gemm_mxscale_bpreshuffle_geometry_traits<64,2,32>",[],64,128,128,256,16,128,,16384,0,1,none,16,16,2147483647,False,bf16,[],,opus_gemm_gfx950_a8w8_mxscale_gemm_bpreshuffle_256x64x128x128_2x2_16x16x128_1x128x128_tiles1_geometry_s2_p32_k0,89fc8b31a620f234d8fbb6755a7ea3f1e9c4ebd3f76b4ca32570d66655fd3347,aeb6a2795ee62da918993d94f50496fbba2bdd36f8dc436cd26f132e47795df5
92001,new_tuning,geometry,geometry_s2_p32_k0,baseline_clang23,gfx950/opus_gemm_pipeline_a8w8_mxscale_bpreshuffle_geometry_gfx950.cuh,gfx950/opus_gemm_traits_a8w8_mxscale_bpreshuffle_main_variants_gfx950.cuh,opus_gemm_mxscale_bpreshuffle_geometry_kernel,"opus_gemm_mxscale_bpreshuffle_geometry_traits<96,2,32>",[],96,128,128,256,16,128,,16384,0,1,none,16,16,2147483647,False,bf16,[],,opus_gemm_gfx950_a8w8_mxscale_gemm_bpreshuffle_256x96x128x128_2x2_16x16x128_1x128x128_tiles1_geometry_s2_p32_k0,9c9efeba4db51ce0e94a0aae31850df4471d3ad0821d151e4f40506a988c75c9,302432d95fff5c1d170eab4f88919c43b363ad773a6a2d691f4737486db572e7
92002,new_tuning,geometry,geometry_s2_p32_k0,baseline_clang23,gfx950/opus_gemm_pipeline_a8w8_mxscale_bpreshuffle_geometry_gfx950.cuh,gfx950/opus_gemm_traits_a8w8_mxscale_bpreshuffle_main_variants_gfx950.cuh,opus_gemm_mxscale_bpreshuffle_geometry_kernel,"opus_gemm_mxscale_bpreshuffle_geometry_traits<128,2,32>",[],128,128,128,256,16,128,,16384,0,1,none,16,16,2147483647,False,bf16,[],,opus_gemm_gfx950_a8w8_mxscale_gemm_bpreshuffle_256x128x128x128_2x2_16x16x128_1x128x128_tiles1_geometry_s2_p32_k0,f5a6d744e9dd53deec318c0c592c6abe0669bc14e93a7627c148522d4bd01212,3e7f407b90e74bab5f3dc1facbd3ffd6bc6efa59a5e0364fa913a3024070a609
92003,new_tuning,geometry,geometry_s2_p8_k384,baseline_clang23,gfx950/opus_gemm_pipeline_a8w8_mxscale_bpreshuffle_geometry_gfx950.cuh,gfx950/opus_gemm_traits_a8w8_mxscale_bpreshuffle_main_variants_gfx950.cuh,opus_gemm_mxscale_bpreshuffle_geometry_kernel,"opus_gemm_mxscale_bpreshuffle_geometry_traits<96,2,8,384>",[],96,128,128,256,16,128,,16384,384,1,none,16,16,2147483647,False,bf16,[],,opus_gemm_gfx950_a8w8_mxscale_gemm_bpreshuffle_256x96x128x128_2x2_16x16x128_1x128x128_tiles1_geometry_s2_p8_k384,6ca5c20955dfb19ea67dc70661a5c7b1e245696adf3a460c5b140239e6e82df9,a315857f1b9645a42bec8245bc7afea276a0d7399d8c370f69db4937b9bf6ea4
92004,new_tuning,geometry,geometry_s2_p8_k768,baseline_clang23,gfx950/opus_gemm_pipeline_a8w8_mxscale_bpreshuffle_geometry_gfx950.cuh,gfx950/opus_gemm_traits_a8w8_mxscale_bpreshuffle_main_variants_gfx950.cuh,opus_gemm_mxscale_bpreshuffle_geometry_kernel,"opus_gemm_mxscale_bpreshuffle_geometry_traits<96,2,8,768>",[],96,128,128,256,16,128,,16384,768,1,none,16,16,2147483647,False,bf16,[],,opus_gemm_gfx950_a8w8_mxscale_gemm_bpreshuffle_256x96x128x128_2x2_16x16x128_1x128x128_tiles1_geometry_s2_p8_k768,378a3a70757501d6063aa97278ab8eab67864eedcbf7ff5f8e414ba7ea4b1569,de86b3804ccd1c661d160400ee40fd6554bddd54b5faa7a31c99582def353cbd
92005,new_tuning,geometry,geometry_s2_p16_k1536,baseline_clang23,gfx950/opus_gemm_pipeline_a8w8_mxscale_bpreshuffle_geometry_gfx950.cuh,gfx950/opus_gemm_traits_a8w8_mxscale_bpreshuffle_main_variants_gfx950.cuh,opus_gemm_mxscale_bpreshuffle_geometry_kernel,"opus_gemm_mxscale_bpreshuffle_geometry_traits<128,2,16,1536>",[],128,128,128,256,16,128,,16384,1536,1,none,16,16,2147483647,False,bf16,[],,opus_gemm_gfx950_a8w8_mxscale_gemm_bpreshuffle_256x128x128x128_2x2_16x16x128_1x128x128_tiles1_geometry_s2_p16_k1536,22998a5e3b61b1ba18215e837f88285292b2a948cb122b7e30f545f1e5b883ec,3d38d5a32e2f0deaefaea9079738ab135843d82bf6b05d27295a5bfbdf981545
92006,new_tuning,geometry,geometry_s2_p16_k1536,baseline_clang23,gfx950/opus_gemm_pipeline_a8w8_mxscale_bpreshuffle_geometry_gfx950.cuh,gfx950/opus_gemm_traits_a8w8_mxscale_bpreshuffle_main_variants_gfx950.cuh,opus_gemm_mxscale_bpreshuffle_geometry_kernel,"opus_gemm_mxscale_bpreshuffle_geometry_traits<160,2,16,1536>",[],160,128,128,256,16,128,,16384,1536,1,none,16,16,2147483647,False,bf16,[],,opus_gemm_gfx950_a8w8_mxscale_gemm_bpreshuffle_256x160x128x128_2x2_16x16x128_1x128x128_tiles1_geometry_s2_p16_k1536,3cf23edeee39582288f33545825c9428257e241c5d5f5bbb77bc77d824fa5171,d89003b1c79acc337943e7efa348ee7b42a901c39fe847450db55b04e0b0c6c2
92007,new_tuning,geometry,geometry_s2_p32_k3072,baseline_clang23,gfx950/opus_gemm_pipeline_a8w8_mxscale_bpreshuffle_geometry_gfx950.cuh,gfx950/opus_gemm_traits_a8w8_mxscale_bpreshuffle_main_variants_gfx950.cuh,opus_gemm_mxscale_bpreshuffle_geometry_kernel,"opus_gemm_mxscale_bpreshuffle_geometry_traits<96,2,32,3072>",[],96,128,128,256,16,128,,16384,3072,1,none,16,16,2147483647,False,bf16,[],,opus_gemm_gfx950_a8w8_mxscale_gemm_bpreshuffle_256x96x128x128_2x2_16x16x128_1x128x128_tiles1_geometry_s2_p32_k3072,d9a7b58f25dc5c844caa4c2200b5e93ef50b2cdbd0d1a2e43b35c9cce3d05703,35244d1c15dd3085683251c9eec93aa4c6c0831d0802535974b0b8910ff72411
92008,new_tuning,geometry,geometry_s2_p32_k7168,baseline_clang23,gfx950/opus_gemm_pipeline_a8w8_mxscale_bpreshuffle_geometry_gfx950.cuh,gfx950/opus_gemm_traits_a8w8_mxscale_bpreshuffle_main_variants_gfx950.cuh,opus_gemm_mxscale_bpreshuffle_geometry_kernel,"opus_gemm_mxscale_bpreshuffle_geometry_traits<96,2,32,7168>",[],96,128,128,256,16,128,,16384,7168,1,none,16,16,2147483647,False,bf16,[],,opus_gemm_gfx950_a8w8_mxscale_gemm_bpreshuffle_256x96x128x128_2x2_16x16x128_1x128x128_tiles1_geometry_s2_p32_k7168,6d7e935d095a1b16b5f2f3c1fcbe16f0f4785126823a5e6e45c2f827727a0892,0ac9b99618b30d6b5eaaf91960ab372fa871a7034752ab184e06fa0775715f7d
92009,new_tuning,geometry,geometry_s2_p32_k7168,baseline_clang23,gfx950/opus_gemm_pipeline_a8w8_mxscale_bpreshuffle_geometry_gfx950.cuh,gfx950/opus_gemm_traits_a8w8_mxscale_bpreshuffle_main_variants_gfx950.cuh,opus_gemm_mxscale_bpreshuffle_geometry_kernel,"opus_gemm_mxscale_bpreshuffle_geometry_traits<128,2,32,7168>",[],128,128,128,256,16,128,,16384,7168,1,none,16,16,2147483647,False,bf16,[],,opus_gemm_gfx950_a8w8_mxscale_gemm_bpreshuffle_256x128x128x128_2x2_16x16x128_1x128x128_tiles1_geometry_s2_p32_k7168,0943def4ad669cca6ade07f02ce958a9a09c098dfe2502b76a9584d6bf1736b0,8e4251860b92eda13fe7ddfaa802f205c4e9856a56b672d3a45d30825ab6e586
92010,new_tuning,geometry,geometry_s2_p32_k3072,baseline_clang23,gfx950/opus_gemm_pipeline_a8w8_mxscale_bpreshuffle_geometry_gfx950.cuh,gfx950/opus_gemm_traits_a8w8_mxscale_bpreshuffle_main_variants_gfx950.cuh,opus_gemm_mxscale_bpreshuffle_geometry_kernel,"opus_gemm_mxscale_bpreshuffle_geometry_traits<128,2,32,3072>",[],128,128,128,256,16,128,,16384,3072,1,none,16,16,2147483647,False,bf16,[],,opus_gemm_gfx950_a8w8_mxscale_gemm_bpreshuffle_256x128x128x128_2x2_16x16x128_1x128x128_tiles1_geometry_s2_p32_k3072,cb3dea83cadb341813bb1348e06f88143417cc882290f31a69874dcf1870c460,6652cbbd481d93b1fdfaeae360bad7508e0c4fc24a61859cd07666cb917b3624
92011,new_tuning,tile_order,tile_order_gm8_k7168,baseline_clang23,gfx950/opus_gemm_pipeline_a8w8_mxscale_bpreshuffle_4wave_64x64_gfx950.cuh,gfx950/opus_gemm_traits_a8w8_mxscale_bpreshuffle_4wave_64x64_gfx950.cuh,gemm_a8w8_mxfp8_scale_4wave_64x64_kernel,"opus_gemm_mxscale_bpreshuffle_4wave_64x64_traits_base_gfx950<64,7168,8>",[],64,64,128,256,16,128,,16384,7168,1,none,16,16,2147483647,False,bf16,[],,opus_gemm_gfx950_a8w8_mxscale_gemm_bpreshuffle_256x64x64x128_2x2_16x16x128_1x128x128_tiles1_tile_order_gm8_k7168,73fb36e20191eb14cd75fe4a173d2cb896721697c6141e0658d15a133864321d,6efe5cf98ff0ef9acb47ad5c1eb3cf1f84ef677f29685315963ce9d510b6e32b
92012,new_tuning,tile_order,tile_order_gm16_k7168,baseline_clang23,gfx950/opus_gemm_pipeline_a8w8_mxscale_bpreshuffle_4wave_64x64_gfx950.cuh,gfx950/opus_gemm_traits_a8w8_mxscale_bpreshuffle_4wave_64x64_gfx950.cuh,gemm_a8w8_mxfp8_scale_4wave_64x64_kernel,"opus_gemm_mxscale_bpreshuffle_4wave_64x64_traits_base_gfx950<64,7168,16>",[],64,64,128,256,16,128,,16384,7168,1,none,16,16,2147483647,False,bf16,[],,opus_gemm_gfx950_a8w8_mxscale_gemm_bpreshuffle_256x64x64x128_2x2_16x16x128_1x128x128_tiles1_tile_order_gm16_k7168,a58b1bbc7e205abe4d6c11bfd24aced490ee0396dbf88b04f5ebfd10f1c562ae,c5b94d89797c50aefac8ae72721eb194c516d11c364e5848ef04f42b25a5211a
92020,new_tuning,shortk,shortk160_p8_k384,baseline_clang23,gfx950/opus_gemm_pipeline_a8w8_mxscale_bpreshuffle_shortk_gfx950.cuh,gfx950/opus_gemm_traits_a8w8_mxscale_bpreshuffle_shortk_gfx950.cuh,opus_gemm_mxscale_bpreshuffle_shortk_kernel,opus_gemm_mxscale_bpreshuffle_shortk_traits<384>,[],160,128,128,256,16,128,,16384,384,1,none,16,16,2147483647,False,bf16,[],,opus_gemm_gfx950_a8w8_mxscale_gemm_bpreshuffle_256x160x128x128_2x2_16x16x128_1x128x128_tiles1_shortk160_p8_k384,5cb7c0b9052fcf48bc0ebbc892bf6cfd48e37cb648b4ff550a5a69a277462c07,33ecfb549a3ff0f1d0d205be563e2e810380094d5cd607a7030a9f22e03ae2dd
92021,new_tuning,shortk,shortk160_p8_k768,baseline_clang23,gfx950/opus_gemm_pipeline_a8w8_mxscale_bpreshuffle_shortk_gfx950.cuh,gfx950/opus_gemm_traits_a8w8_mxscale_bpreshuffle_shortk_gfx950.cuh,opus_gemm_mxscale_bpreshuffle_shortk_kernel,opus_gemm_mxscale_bpreshuffle_shortk_traits<768>,[],160,128,128,256,16,128,,16384,768,1,none,16,16,2147483647,False,bf16,[],,opus_gemm_gfx950_a8w8_mxscale_gemm_bpreshuffle_256x160x128x128_2x2_16x16x128_1x128x128_tiles1_shortk160_p8_k768,5120d1ced48073d4f97b29c3a5d666926e0cf1c47ef8ce376c60d1881641e56b,46b5545c97b383702eac2d758a807bbe5db833ead4e3479039993df31e916920
92100,new_tuning,pin_fixed,pin_fixed_p16_reset0_k384,pin_clang24,gfx950/opus_gemm_pipeline_a8w8_mxscale_bpreshuffle_pin_fixed_gfx950.cuh,gfx950/opus_gemm_traits_a8w8_mxscale_bpreshuffle_main_variants_gfx950.cuh,opus_gemm_mxscale_bpreshuffle_pin_fixed_kernel,"opus_gemm_mxscale_bpreshuffle_pin_fixed_traits<384,16,false>",[],256,256,128,256,256,256,,16384,384,1,none,16,16,2147483647,False,bf16,[],,opus_gemm_gfx950_a8w8_mxscale_gemm_bpreshuffle_256x256x256x128_2x2_16x16x128_1x128x128_tiles1_pin_fixed_p16_reset0_k384_nooob,0b2d446eaad023f83ecf950ffc3f94857d45eefa657240f4f9194afa097b4371,fe323b2906129264649b9728937af92a5c6067fcb5cbf36142c09b861bd3dc12
92101,new_tuning,pin_fixed,pin_fixed_p16_reset0_k1536,pin_clang24,gfx950/opus_gemm_pipeline_a8w8_mxscale_bpreshuffle_pin_fixed_gfx950.cuh,gfx950/opus_gemm_traits_a8w8_mxscale_bpreshuffle_main_variants_gfx950.cuh,opus_gemm_mxscale_bpreshuffle_pin_fixed_kernel,"opus_gemm_mxscale_bpreshuffle_pin_fixed_traits<1536,16,false>",[],256,256,128,256,256,256,,16384,1536,1,none,16,16,2147483647,False,bf16,[],,opus_gemm_gfx950_a8w8_mxscale_gemm_bpreshuffle_256x256x256x128_2x2_16x16x128_1x128x128_tiles1_pin_fixed_p16_reset0_k1536_nooob,c525f26dc6f2bc6b861cc8e90d6498ddaf4882794f2654e5f0ac7b2db59ae29d,c3818165c3666d1c84996050db76c3a99f9b0eea933bbfbb18e012e4e887fddf
92102,new_tuning,pin_fixed,pin_fixed_p32_reset0_k3072,pin_clang24,gfx950/opus_gemm_pipeline_a8w8_mxscale_bpreshuffle_pin_fixed_gfx950.cuh,gfx950/opus_gemm_traits_a8w8_mxscale_bpreshuffle_main_variants_gfx950.cuh,opus_gemm_mxscale_bpreshuffle_pin_fixed_kernel,"opus_gemm_mxscale_bpreshuffle_pin_fixed_traits<3072,32,false>",[],256,256,128,256,256,256,,16384,3072,1,none,16,16,2147483647,False,bf16,[],,opus_gemm_gfx950_a8w8_mxscale_gemm_bpreshuffle_256x256x256x128_2x2_16x16x128_1x128x128_tiles1_pin_fixed_p32_reset0_k3072_nooob,b4c48109e490c52946478ee79a67088a572eb6b68037a9ed68434bd8588dbe52,722932478b3119c3777ff0126871b0756eb8ef969044f00b4adf66dec105274b
92103,new_tuning,pin_fixed,pin_fixed_p64_reset0_k7168,pin_clang24,gfx950/opus_gemm_pipeline_a8w8_mxscale_bpreshuffle_pin_fixed_gfx950.cuh,gfx950/opus_gemm_traits_a8w8_mxscale_bpreshuffle_main_variants_gfx950.cuh,opus_gemm_mxscale_bpreshuffle_pin_fixed_kernel,"opus_gemm_mxscale_bpreshuffle_pin_fixed_traits<7168,64,false>",[],256,256,128,256,256,256,,16384,7168,1,none,16,16,2147483647,False,bf16,[],,opus_gemm_gfx950_a8w8_mxscale_gemm_bpreshuffle_256x256x256x128_2x2_16x16x128_1x128x128_tiles1_pin_fixed_p64_reset0_k7168_nooob,1c6229c20e607db878c581bca119dd6d854d82471d957dfa9cfd80b5d3af5c6d,7cc01c800ab2494b6e5cd79f3030083d0e5275cb8d5fe0a3ee3d8886a2de447c
92104,new_tuning,pin_fixed,pin_fixed_p64_reset0_k16384,pin_clang24,gfx950/opus_gemm_pipeline_a8w8_mxscale_bpreshuffle_pin_fixed_gfx950.cuh,gfx950/opus_gemm_traits_a8w8_mxscale_bpreshuffle_main_variants_gfx950.cuh,opus_gemm_mxscale_bpreshuffle_pin_fixed_kernel,"opus_gemm_mxscale_bpreshuffle_pin_fixed_traits<16384,64,false>",[],256,256,128,256,256,256,,16384,16384,1,none,16,16,2147483647,False,bf16,[],,opus_gemm_gfx950_a8w8_mxscale_gemm_bpreshuffle_256x256x256x128_2x2_16x16x128_1x128x128_tiles1_pin_fixed_p64_reset0_k16384_nooob,3fd1445ab9a7648862deccee4b3c0b6bcf4c6f3b625964a8634413a5fdac139f,1f439f21b2116c74d585fab13965e4bd7fb36ba656508510fefab6aaab6f08a3
92110,new_tuning,pin_fixed,pin_fixed_p16_reset1_k384,pin_clang24,gfx950/opus_gemm_pipeline_a8w8_mxscale_bpreshuffle_pin_fixed_gfx950.cuh,gfx950/opus_gemm_traits_a8w8_mxscale_bpreshuffle_main_variants_gfx950.cuh,opus_gemm_mxscale_bpreshuffle_pin_fixed_kernel,"opus_gemm_mxscale_bpreshuffle_pin_fixed_traits<384,16,true>",[],256,256,128,256,256,256,,16384,384,1,none,16,16,2147483647,False,bf16,[],,opus_gemm_gfx950_a8w8_mxscale_gemm_bpreshuffle_256x256x256x128_2x2_16x16x128_1x128x128_tiles1_pin_fixed_p16_reset1_k384_nooob,2e11a71dd893c9f2d6dedd099a9281deb7da9cc17addc6fae2efd0af117ed8b8,53cd792a795a30671baa9c6c43390c82e562ee780617b6045d59e527856ea814
92111,new_tuning,pin_fixed,pin_fixed_p16_reset1_k1536,pin_clang24,gfx950/opus_gemm_pipeline_a8w8_mxscale_bpreshuffle_pin_fixed_gfx950.cuh,gfx950/opus_gemm_traits_a8w8_mxscale_bpreshuffle_main_variants_gfx950.cuh,opus_gemm_mxscale_bpreshuffle_pin_fixed_kernel,"opus_gemm_mxscale_bpreshuffle_pin_fixed_traits<1536,16,true>",[],256,256,128,256,256,256,,16384,1536,1,none,16,16,2147483647,False,bf16,[],,opus_gemm_gfx950_a8w8_mxscale_gemm_bpreshuffle_256x256x256x128_2x2_16x16x128_1x128x128_tiles1_pin_fixed_p16_reset1_k1536_nooob,37c6a47e79573b17e0c1a5bf28097a0409f9f7471b6d8f7f0fdd7f124c2a2519,c40f3893df8b5de66c7d0b939cbbbc1dfbc5a9929f0194b349cda72db228df81
92112,new_tuning,pin_fixed,pin_fixed_p32_reset1_k3072,pin_clang24,gfx950/opus_gemm_pipeline_a8w8_mxscale_bpreshuffle_pin_fixed_gfx950.cuh,gfx950/opus_gemm_traits_a8w8_mxscale_bpreshuffle_main_variants_gfx950.cuh,opus_gemm_mxscale_bpreshuffle_pin_fixed_kernel,"opus_gemm_mxscale_bpreshuffle_pin_fixed_traits<3072,32,true>",[],256,256,128,256,256,256,,16384,3072,1,none,16,16,2147483647,False,bf16,[],,opus_gemm_gfx950_a8w8_mxscale_gemm_bpreshuffle_256x256x256x128_2x2_16x16x128_1x128x128_tiles1_pin_fixed_p32_reset1_k3072_nooob,2044a6bf752afa7962821f15f18ea4c855697bc6e41c0d91e3fd9eed84d3c939,961cbb87f5465ca2b020f2c8d206ca7b09eff016759d0bf3bf93973d91e53ede
92113,new_tuning,pin_fixed,pin_fixed_p64_reset1_k7168,pin_clang24,gfx950/opus_gemm_pipeline_a8w8_mxscale_bpreshuffle_pin_fixed_gfx950.cuh,gfx950/opus_gemm_traits_a8w8_mxscale_bpreshuffle_main_variants_gfx950.cuh,opus_gemm_mxscale_bpreshuffle_pin_fixed_kernel,"opus_gemm_mxscale_bpreshuffle_pin_fixed_traits<7168,64,true>",[],256,256,128,256,256,256,,16384,7168,1,none,16,16,2147483647,False,bf16,[],,opus_gemm_gfx950_a8w8_mxscale_gemm_bpreshuffle_256x256x256x128_2x2_16x16x128_1x128x128_tiles1_pin_fixed_p64_reset1_k7168_nooob,2e5dc406633cc2755c49e97c72072ccf05b29370b12ded2b4b12b1a636511498,fe9ba6ded19dcc68875523e6e520817f273e4b4f653cfbada1ccffd17aebe77b
92114,new_tuning,pin_fixed,pin_fixed_p64_reset1_k16384,pin_clang24,gfx950/opus_gemm_pipeline_a8w8_mxscale_bpreshuffle_pin_fixed_gfx950.cuh,gfx950/opus_gemm_traits_a8w8_mxscale_bpreshuffle_main_variants_gfx950.cuh,opus_gemm_mxscale_bpreshuffle_pin_fixed_kernel,"opus_gemm_mxscale_bpreshuffle_pin_fixed_traits<16384,64,true>",[],256,256,128,256,256,256,,16384,16384,1,none,16,16,2147483647,False,bf16,[],,opus_gemm_gfx950_a8w8_mxscale_gemm_bpreshuffle_256x256x256x128_2x2_16x16x128_1x128x128_tiles1_pin_fixed_p64_reset1_k16384_nooob,b92e10eb5301f31ed5bd48f06b8b1acfadd61173fe9564bec495d590c7ab5881,b5c16c495cd18fcb4acb03aa2b32f4af52ccdd621ced780c1f48b6eacb5fdbb2
92120,new_tuning,pad_pin_fixed,pad_pin_fixed_k7168,pin_clang24,gfx950/opus_gemm_pipeline_a8w8_mxscale_bpreshuffle_pad_pin_fixed_gfx950.cuh,gfx950/opus_gemm_traits_a8w8_mxscale_bpreshuffle_main_variants_gfx950.cuh,opus_gemm_mxscale_bpreshuffle_pad_pin_fixed_kernel,opus_gemm_mxscale_bpreshuffle_pad_pin_fixed_traits<7168>,[],256,256,128,256,16,256,,16384,7168,1,none,16,16,2147483647,False,bf16,[],,opus_gemm_gfx950_a8w8_mxscale_gemm_bpreshuffle_256x256x256x128_2x2_16x16x128_1x128x128_tiles1_pad_pin_fixed_k7168,ecde30639403d8a766d69c5150753d22ac126bfd8b3420e6f3bf4140885e27ce,6723e5e1434cba9fef73d618caa71bcfb4f02400a0dc4b813b1552b5085e5c0f
92200,new_tuning,small_direct_b,direct_b_a9043_ahead1,baseline_clang23,gfx950/opus_gemm_pipeline_a8w8_mxscale_bpreshuffle_small_direct_b_gfx950.cuh,gfx950/opus_gemm_traits_a8w8_mxscale_bpreshuffle_small_variants_gfx950.cuh,opus_gemm_mxscale_bpreshuffle_small_direct_b_kernel,"opus_gemm_mxscale_bpreshuffle_small_direct_b_traits<9043,1>",[],32,64,128,256,1,128,2048,16384,0,1,none,1,8,2147483647,False,bf16,[],,opus_gemm_gfx950_a8w8_mxscale_gemm_bpreshuffle_256x32x64x128_1x4_16x16x128_1x128x128_tiles1_direct_b_a9043_ahead1,9b1dc22c95a620344141fc2861a560ab396a016f61606459cd92d8e7b7fcf5fc,25591f76a7f31b1103f42d56aaed56f6ce4d2f00771674307fb764878f06bddb
92201,new_tuning,small_direct_b,direct_b_a9043_ahead2,baseline_clang23,gfx950/opus_gemm_pipeline_a8w8_mxscale_bpreshuffle_small_direct_b_gfx950.cuh,gfx950/opus_gemm_traits_a8w8_mxscale_bpreshuffle_small_variants_gfx950.cuh,opus_gemm_mxscale_bpreshuffle_small_direct_b_kernel,"opus_gemm_mxscale_bpreshuffle_small_direct_b_traits<9043,2>",[],32,64,128,256,1,128,2048,16384,0,1,none,1,8,2147483647,False,bf16,[],,opus_gemm_gfx950_a8w8_mxscale_gemm_bpreshuffle_256x32x64x128_1x4_16x16x128_1x128x128_tiles1_direct_b_a9043_ahead2,c754b28086dfb6f62d55010a5dcdf3e2afd4ba5610f5c0f1ec30c2c9520638e3,f11a3a677f449732b8657e4f23ba4ca412276dce9f942f80021ea16199d89fe4
92202,new_tuning,small_direct_b,direct_b_a9043_ahead3,baseline_clang23,gfx950/opus_gemm_pipeline_a8w8_mxscale_bpreshuffle_small_direct_b_gfx950.cuh,gfx950/opus_gemm_traits_a8w8_mxscale_bpreshuffle_small_variants_gfx950.cuh,opus_gemm_mxscale_bpreshuffle_small_direct_b_kernel,"opus_gemm_mxscale_bpreshuffle_small_direct_b_traits<9043,3>",[],32,64,128,256,1,128,2048,16384,0,1,none,1,8,2147483647,False,bf16,[],,opus_gemm_gfx950_a8w8_mxscale_gemm_bpreshuffle_256x32x64x128_1x4_16x16x128_1x128x128_tiles1_direct_b_a9043_ahead3,8bd5d05f15729a5d3b21bdbe25fe0126bf4633e5220ab9a5c353f9b121e1cd52,f804505ca2fb05651b1b5dbef3b976db34309ea23cecc71e00ad46ca75bcde2c
92203,new_tuning,small_direct_b,direct_b_a9044_ahead1,baseline_clang23,gfx950/opus_gemm_pipeline_a8w8_mxscale_bpreshuffle_small_direct_b_gfx950.cuh,gfx950/opus_gemm_traits_a8w8_mxscale_bpreshuffle_small_variants_gfx950.cuh,opus_gemm_mxscale_bpreshuffle_small_direct_b_kernel,"opus_gemm_mxscale_bpreshuffle_small_direct_b_traits<9044,1>",[],64,64,128,256,1,128,2048,16384,0,1,none,1,8,2147483647,False,bf16,[],,opus_gemm_gfx950_a8w8_mxscale_gemm_bpreshuffle_256x64x64x128_2x2_16x16x128_1x128x128_tiles1_direct_b_a9044_ahead1,9a850cdf59017752d107f0f0bb4cb2d2001831ce3718390d00f92d6dbdfa0934,5d0a947b21083ddc242fc23590e05534c674d2caf6a2f16b417bd1162df9ab3f
92204,new_tuning,small_direct_b,direct_b_a9044_ahead2,baseline_clang23,gfx950/opus_gemm_pipeline_a8w8_mxscale_bpreshuffle_small_direct_b_gfx950.cuh,gfx950/opus_gemm_traits_a8w8_mxscale_bpreshuffle_small_variants_gfx950.cuh,opus_gemm_mxscale_bpreshuffle_small_direct_b_kernel,"opus_gemm_mxscale_bpreshuffle_small_direct_b_traits<9044,2>",[],64,64,128,256,1,128,2048,16384,0,1,none,1,8,2147483647,False,bf16,[],,opus_gemm_gfx950_a8w8_mxscale_gemm_bpreshuffle_256x64x64x128_2x2_16x16x128_1x128x128_tiles1_direct_b_a9044_ahead2,41dd0d71483b7bf930df5d0b2b2e692e51e6d8826eba9c24f526c31b7d93a9e8,a39f9c1ca9a2ffb4aa2f1c866338c1b88f0a2b0a6fbad924a7a4419d288b8378
92205,new_tuning,small_direct_b,direct_b_a9044_ahead3,baseline_clang23,gfx950/opus_gemm_pipeline_a8w8_mxscale_bpreshuffle_small_direct_b_gfx950.cuh,gfx950/opus_gemm_traits_a8w8_mxscale_bpreshuffle_small_variants_gfx950.cuh,opus_gemm_mxscale_bpreshuffle_small_direct_b_kernel,"opus_gemm_mxscale_bpreshuffle_small_direct_b_traits<9044,3>",[],64,64,128,256,1,128,2048,16384,0,1,none,1,8,2147483647,False,bf16,[],,opus_gemm_gfx950_a8w8_mxscale_gemm_bpreshuffle_256x64x64x128_2x2_16x16x128_1x128x128_tiles1_direct_b_a9044_ahead3,9710e5cda9b302b1205bdfbb972ee2df277a38b19c8a1b94c4426d2a6cddddb8,c3732a85931ea7681568d2a5f5fe76720b8b082d9cf7f475a689f2cd94dd0916
92206,new_tuning,small_direct_b,direct_b_a9045_ahead1,baseline_clang23,gfx950/opus_gemm_pipeline_a8w8_mxscale_bpreshuffle_small_direct_b_gfx950.cuh,gfx950/opus_gemm_traits_a8w8_mxscale_bpreshuffle_small_variants_gfx950.cuh,opus_gemm_mxscale_bpreshuffle_small_direct_b_kernel,"opus_gemm_mxscale_bpreshuffle_small_direct_b_traits<9045,1>",[],96,64,128,256,1,128,2048,16384,0,1,none,1,8,2147483647,False,bf16,[],,opus_gemm_gfx950_a8w8_mxscale_gemm_bpreshuffle_256x96x64x128_2x2_16x16x128_1x128x128_tiles1_direct_b_a9045_ahead1,6ed19dbc7e28a36caff342b991d6820eed542108314346c66ba615d57594d0b7,3e38ed4e77f74d95d034d91e70924c23d90b8eb5e8c854f90c32f901466bf9f9
92207,new_tuning,small_direct_b,direct_b_a9045_ahead2,baseline_clang23,gfx950/opus_gemm_pipeline_a8w8_mxscale_bpreshuffle_small_direct_b_gfx950.cuh,gfx950/opus_gemm_traits_a8w8_mxscale_bpreshuffle_small_variants_gfx950.cuh,opus_gemm_mxscale_bpreshuffle_small_direct_b_kernel,"opus_gemm_mxscale_bpreshuffle_small_direct_b_traits<9045,2>",[],96,64,128,256,1,128,2048,16384,0,1,none,1,8,2147483647,False,bf16,[],,opus_gemm_gfx950_a8w8_mxscale_gemm_bpreshuffle_256x96x64x128_2x2_16x16x128_1x128x128_tiles1_direct_b_a9045_ahead2,9279635a2634546504c6b7258398fda7de492d689a83439150bf1f25ed4d8a9f,3bc3449dd0d47f146c6d7edb4c154749c565785bd24ec1a294e122a2be1f4fee
92208,new_tuning,small_direct_b,direct_b_a9045_ahead3,baseline_clang23,gfx950/opus_gemm_pipeline_a8w8_mxscale_bpreshuffle_small_direct_b_gfx950.cuh,gfx950/opus_gemm_traits_a8w8_mxscale_bpreshuffle_small_variants_gfx950.cuh,opus_gemm_mxscale_bpreshuffle_small_direct_b_kernel,"opus_gemm_mxscale_bpreshuffle_small_direct_b_traits<9045,3>",[],96,64,128,256,1,128,2048,16384,0,1,none,1,8,2147483647,False,bf16,[],,opus_gemm_gfx950_a8w8_mxscale_gemm_bpreshuffle_256x96x64x128_2x2_16x16x128_1x128x128_tiles1_direct_b_a9045_ahead3,47af418e935baefd5eda339f30e9e3ebb0dbcbea91733f4c7620874b80ac1ae1,609f0a325b88b924eeb988c376c86b137abbb4cf5265267769c64c15615e3137
92209,new_tuning,small_direct_b,direct_b_a9046_ahead1,baseline_clang23,gfx950/opus_gemm_pipeline_a8w8_mxscale_bpreshuffle_small_direct_b_gfx950.cuh,gfx950/opus_gemm_traits_a8w8_mxscale_bpreshuffle_small_variants_gfx950.cuh,opus_gemm_mxscale_bpreshuffle_small_direct_b_kernel,"opus_gemm_mxscale_bpreshuffle_small_direct_b_traits<9046,1>",[],64,128,128,512,1,128,2048,16384,0,1,none,1,8,2147483647,False,bf16,[],,opus_gemm_gfx950_a8w8_mxscale_gemm_bpreshuffle_512x64x128x128_4x2_16x16x128_1x128x128_tiles1_direct_b_a9046_ahead1,0ef9ded2f82ba59463b3b7ebef4c378bdc665daf8984e91629195400a18ecbbc,08e1b49fa508079962a99918b76bd566e452713768c52225c875f0ddfd28bd22
92210,new_tuning,small_direct_b,direct_b_a9046_ahead2,baseline_clang23,gfx950/opus_gemm_pipeline_a8w8_mxscale_bpreshuffle_small_direct_b_gfx950.cuh,gfx950/opus_gemm_traits_a8w8_mxscale_bpreshuffle_small_variants_gfx950.cuh,opus_gemm_mxscale_bpreshuffle_small_direct_b_kernel,"opus_gemm_mxscale_bpreshuffle_small_direct_b_traits<9046,2>",[],64,128,128,512,1,128,2048,16384,0,1,none,1,8,2147483647,False,bf16,[],,opus_gemm_gfx950_a8w8_mxscale_gemm_bpreshuffle_512x64x128x128_4x2_16x16x128_1x128x128_tiles1_direct_b_a9046_ahead2,587c88c09f8ec82ee3073191dd25ae04c238cf60db6251caca3f006e253a4d64,b8e039158f05e2f1c3121eaec131e4ca915c0d34ee45901105445ba93b69a41e
92211,new_tuning,small_direct_b,direct_b_a9046_ahead3,baseline_clang23,gfx950/opus_gemm_pipeline_a8w8_mxscale_bpreshuffle_small_direct_b_gfx950.cuh,gfx950/opus_gemm_traits_a8w8_mxscale_bpreshuffle_small_variants_gfx950.cuh,opus_gemm_mxscale_bpreshuffle_small_direct_b_kernel,"opus_gemm_mxscale_bpreshuffle_small_direct_b_traits<9046,3>",[],64,128,128,512,1,128,2048,16384,0,1,none,1,8,2147483647,False,bf16,[],,opus_gemm_gfx950_a8w8_mxscale_gemm_bpreshuffle_512x64x128x128_4x2_16x16x128_1x128x128_tiles1_direct_b_a9046_ahead3,8ce5991aa1ef8b2d69cfa5c38c4089721c5cd963aec547e7196e735aae74a284,4b736139cf828fcb826c1c605b156ba18c1ae0525b37ad77e80ff68383205189
92212,new_tuning,small_direct_b,direct_b_a9047_ahead1,baseline_clang23,gfx950/opus_gemm_pipeline_a8w8_mxscale_bpreshuffle_small_direct_b_gfx950.cuh,gfx950/opus_gemm_traits_a8w8_mxscale_bpreshuffle_small_variants_gfx950.cuh,opus_gemm_mxscale_bpreshuffle_small_direct_b_kernel,"opus_gemm_mxscale_bpreshuffle_small_direct_b_traits<9047,1>",[],32,64,128,256,1,128,512,16384,0,1,none,1,8,2147483647,False,bf16,[],,opus_gemm_gfx950_a8w8_mxscale_gemm_bpreshuffle_256x32x64x128_2x2_16x16x128_1x128x128_tiles1_direct_b_a9047_ahead1,e78518e7174938a2c4e4c7fb834fd5891e64804ee033ccf357d58b3076d3b972,07a47bd2d6dd07bc0014342456a2e17364021322d4e86c8798ddd4b0cf45793e
92213,new_tuning,small_direct_b,direct_b_a9047_ahead2,baseline_clang23,gfx950/opus_gemm_pipeline_a8w8_mxscale_bpreshuffle_small_direct_b_gfx950.cuh,gfx950/opus_gemm_traits_a8w8_mxscale_bpreshuffle_small_variants_gfx950.cuh,opus_gemm_mxscale_bpreshuffle_small_direct_b_kernel,"opus_gemm_mxscale_bpreshuffle_small_direct_b_traits<9047,2>",[],32,64,128,256,1,128,512,16384,0,1,none,1,8,2147483647,False,bf16,[],,opus_gemm_gfx950_a8w8_mxscale_gemm_bpreshuffle_256x32x64x128_2x2_16x16x128_1x128x128_tiles1_direct_b_a9047_ahead2,5d95886397b859093bd2350cfb423584665597422ace7c828d8306d9054a3dcb,9344d3ac22f44f0f788f74f1346b8a1018ed0cd79957b895f9355eb187bd6609
92214,new_tuning,small_direct_b,direct_b_a9047_ahead3,baseline_clang23,gfx950/opus_gemm_pipeline_a8w8_mxscale_bpreshuffle_small_direct_b_gfx950.cuh,gfx950/opus_gemm_traits_a8w8_mxscale_bpreshuffle_small_variants_gfx950.cuh,opus_gemm_mxscale_bpreshuffle_small_direct_b_kernel,"opus_gemm_mxscale_bpreshuffle_small_direct_b_traits<9047,3>",[],32,64,128,256,1,128,512,16384,0,1,none,1,8,2147483647,False,bf16,[],,opus_gemm_gfx950_a8w8_mxscale_gemm_bpreshuffle_256x32x64x128_2x2_16x16x128_1x128x128_tiles1_direct_b_a9047_ahead3,63a553429e722840022f618f394566f58b602c7a8a71c3a017e611ad1441e34b,2c4710ea425ca612b0a165964c3ff9b2726e68c18589d28748590bc638a040ac
92215,new_tuning,small_direct_b,direct_b_a9049_ahead1,baseline_clang23,gfx950/opus_gemm_pipeline_a8w8_mxscale_bpreshuffle_small_direct_b_gfx950.cuh,gfx950/opus_gemm_traits_a8w8_mxscale_bpreshuffle_small_variants_gfx950.cuh,opus_gemm_mxscale_bpreshuffle_small_direct_b_kernel,"opus_gemm_mxscale_bpreshuffle_small_direct_b_traits<9049,1>",[],32,128,128,256,1,128,512,16384,0,1,none,1,8,2147483647,False,bf16,[],,opus_gemm_gfx950_a8w8_mxscale_gemm_bpreshuffle_256x32x128x128_2x2_16x16x128_1x128x128_tiles1_direct_b_a9049_ahead1,010c152ca765204d5006c30e0e517a7c185b19cd67815ac73214b72089052294,d63f8df514f6e679cc5eaa86215a91f94d4617c9bcc0340986ddadbb7a2f1948
92216,new_tuning,small_direct_b,direct_b_a9049_ahead2,baseline_clang23,gfx950/opus_gemm_pipeline_a8w8_mxscale_bpreshuffle_small_direct_b_gfx950.cuh,gfx950/opus_gemm_traits_a8w8_mxscale_bpreshuffle_small_variants_gfx950.cuh,opus_gemm_mxscale_bpreshuffle_small_direct_b_kernel,"opus_gemm_mxscale_bpreshuffle_small_direct_b_traits<9049,2>",[],32,128,128,256,1,128,512,16384,0,1,none,1,8,2147483647,False,bf16,[],,opus_gemm_gfx950_a8w8_mxscale_gemm_bpreshuffle_256x32x128x128_2x2_16x16x128_1x128x128_tiles1_direct_b_a9049_ahead2,47fcc21852b2578b908a2ce72d7eba804b8e23631378ebc1526b740c1ab85bb0,0e3617cf99a3defb16cca16ec0354dbbed21a9bf1b253de9c24ce5a0b5bfa113
92217,new_tuning,small_direct_b,direct_b_a9049_ahead3,baseline_clang23,gfx950/opus_gemm_pipeline_a8w8_mxscale_bpreshuffle_small_direct_b_gfx950.cuh,gfx950/opus_gemm_traits_a8w8_mxscale_bpreshuffle_small_variants_gfx950.cuh,opus_gemm_mxscale_bpreshuffle_small_direct_b_kernel,"opus_gemm_mxscale_bpreshuffle_small_direct_b_traits<9049,3>",[],32,128,128,256,1,128,512,16384,0,1,none,1,8,2147483647,False,bf16,[],,opus_gemm_gfx950_a8w8_mxscale_gemm_bpreshuffle_256x32x128x128_2x2_16x16x128_1x128x128_tiles1_direct_b_a9049_ahead3,cda7f257bab9d603937a5957440fa7c938c1aa319e6ff325cdeae6795b5fd26a,8f2dc109a438d1ca47b3005b7885d5c79e6f307fe8fdf89cf5a7f598807f9726
92218,new_tuning,small_direct_b,direct_b_a9055_ahead1,baseline_clang23,gfx950/opus_gemm_pipeline_a8w8_mxscale_bpreshuffle_small_direct_b_gfx950.cuh,gfx950/opus_gemm_traits_a8w8_mxscale_bpreshuffle_small_variants_gfx950.cuh,opus_gemm_mxscale_bpreshuffle_small_direct_b_kernel,"opus_gemm_mxscale_bpreshuffle_small_direct_b_traits<9055,1>",[],32,64,128,256,1,128,2048,16384,0,1,none,1,8,2147483647,False,bf16,[],,opus_gemm_gfx950_a8w8_mxscale_gemm_bpreshuffle_256x32x64x128_1x4_16x16x128_1x128x128_tiles1_direct_b_a9055_ahead1,f5911acaf1c91998a5f0e43ee986315dc9d14954db67a6bb6e80dd23553f1d73,0e6dc76c5a60049d14046b0d6b25ed9896d0e200604e5d6311f25db9aac9b0ab
92219,new_tuning,small_direct_b,direct_b_a9055_ahead2,baseline_clang23,gfx950/opus_gemm_pipeline_a8w8_mxscale_bpreshuffle_small_direct_b_gfx950.cuh,gfx950/opus_gemm_traits_a8w8_mxscale_bpreshuffle_small_variants_gfx950.cuh,opus_gemm_mxscale_bpreshuffle_small_direct_b_kernel,"opus_gemm_mxscale_bpreshuffle_small_direct_b_traits<9055,2>",[],32,64,128,256,1,128,2048,16384,0,1,none,1,8,2147483647,False,bf16,[],,opus_gemm_gfx950_a8w8_mxscale_gemm_bpreshuffle_256x32x64x128_1x4_16x16x128_1x128x128_tiles1_direct_b_a9055_ahead2,e1f7923c9bc9329c28626414dedaf7523a00fcd08f0cd4e641d601029da3123e,105d3b735c418bacf6b10076d0be8b45a8e5fa69150910512616dc69517904ef
92220,new_tuning,small_direct_b,direct_b_a9055_ahead3,baseline_clang23,gfx950/opus_gemm_pipeline_a8w8_mxscale_bpreshuffle_small_direct_b_gfx950.cuh,gfx950/opus_gemm_traits_a8w8_mxscale_bpreshuffle_small_variants_gfx950.cuh,opus_gemm_mxscale_bpreshuffle_small_direct_b_kernel,"opus_gemm_mxscale_bpreshuffle_small_direct_b_traits<9055,3>",[],32,64,128,256,1,128,2048,16384,0,1,none,1,8,2147483647,False,bf16,[],,opus_gemm_gfx950_a8w8_mxscale_gemm_bpreshuffle_256x32x64x128_1x4_16x16x128_1x128x128_tiles1_direct_b_a9055_ahead3,b03b1229df9a880fdb3006712be66b54e9e71cc8557f22af50795b9b6ec6d473,0279e01bfbae933f72b066dc17ec8752487f34a8937eb60d5932204615f0f000
92221,new_tuning,small_direct_b,direct_b_a9056_ahead1,baseline_clang23,gfx950/opus_gemm_pipeline_a8w8_mxscale_bpreshuffle_small_direct_b_gfx950.cuh,gfx950/opus_gemm_traits_a8w8_mxscale_bpreshuffle_small_variants_gfx950.cuh,opus_gemm_mxscale_bpreshuffle_small_direct_b_kernel,"opus_gemm_mxscale_bpreshuffle_small_direct_b_traits<9056,1>",[],64,64,128,256,1,128,2048,16384,0,1,none,1,8,2147483647,False,bf16,[],,opus_gemm_gfx950_a8w8_mxscale_gemm_bpreshuffle_256x64x64x128_2x2_16x16x128_1x128x128_tiles1_direct_b_a9056_ahead1,a9928a8915581c58a1352e089da2cc410d6de7408b9e22b72058301ef79e4934,9b73765c598926e6cb901b700970bf3e14c8d13fc0c746877a918259e10677fc
92222,new_tuning,small_direct_b,direct_b_a9056_ahead2,baseline_clang23,gfx950/opus_gemm_pipeline_a8w8_mxscale_bpreshuffle_small_direct_b_gfx950.cuh,gfx950/opus_gemm_traits_a8w8_mxscale_bpreshuffle_small_variants_gfx950.cuh,opus_gemm_mxscale_bpreshuffle_small_direct_b_kernel,"opus_gemm_mxscale_bpreshuffle_small_direct_b_traits<9056,2>",[],64,64,128,256,1,128,2048,16384,0,1,none,1,8,2147483647,False,bf16,[],,opus_gemm_gfx950_a8w8_mxscale_gemm_bpreshuffle_256x64x64x128_2x2_16x16x128_1x128x128_tiles1_direct_b_a9056_ahead2,839ae5454d4fa27e92260f0301e528a628bd26d86010e8ef5997a9261225a4af,5f52b855b5dadefc6da2056e9651e1946d9eb4cde8f34bdbbc607dbab03d61ba
92223,new_tuning,small_direct_b,direct_b_a9056_ahead3,baseline_clang23,gfx950/opus_gemm_pipeline_a8w8_mxscale_bpreshuffle_small_direct_b_gfx950.cuh,gfx950/opus_gemm_traits_a8w8_mxscale_bpreshuffle_small_variants_gfx950.cuh,opus_gemm_mxscale_bpreshuffle_small_direct_b_kernel,"opus_gemm_mxscale_bpreshuffle_small_direct_b_traits<9056,3>",[],64,64,128,256,1,128,2048,16384,0,1,none,1,8,2147483647,False,bf16,[],,opus_gemm_gfx950_a8w8_mxscale_gemm_bpreshuffle_256x64x64x128_2x2_16x16x128_1x128x128_tiles1_direct_b_a9056_ahead3,5c8eee67c87690168430ad0f54848b66980cfdd34649fc13d9c9b4ea8b0ee94a,ea5180901c47e9f7de68369fb90cde7f380b6c8e29712e220d4ca4d48e08437a
92310,new_tuning,register_split,register_split_wk1_sk4,baseline_clang23,gfx950/opus_gemm_pipeline_a8w8_mxscale_bpreshuffle_register_split_gfx950.cuh,gfx950/opus_gemm_traits_a8w8_mxscale_bpreshuffle_small_variants_gfx950.cuh,opus_gemm_mxscale_bpreshuffle_register_split_kernel,"opus_gemm_mxscale_bpreshuffle_register_split_traits<16,16,1>",[],16,16,128,64,1,128,512,16384,0,4,fp32_t,1,16,2147483647,False,bf16,[],,opus_gemm_gfx950_a8w8_mxscale_gemm_bpreshuffle_64x16x16x128_1x1_16x16x128_1x128x128_tiles1_register_split_wk1_sk4,a9423984e0b24bbc6d33bbfb47e2b16f197d74f665b592502645cac1e9b17b5e,c7ff6bb80cab1c03d06b18f0a3cd18f89249aab5eac2c025567e11fdc80a4a3b
92311,new_tuning,register_split,register_split_wk2_sk4,baseline_clang23,gfx950/opus_gemm_pipeline_a8w8_mxscale_bpreshuffle_register_split_gfx950.cuh,gfx950/opus_gemm_traits_a8w8_mxscale_bpreshuffle_small_variants_gfx950.cuh,opus_gemm_mxscale_bpreshuffle_register_split_kernel,"opus_gemm_mxscale_bpreshuffle_register_split_traits<16,16,2>",[],16,16,128,128,1,128,512,16384,0,4,fp32_t,1,16,2147483647,False,bf16,[],,opus_gemm_gfx950_a8w8_mxscale_gemm_bpreshuffle_128x16x16x128_1x1_16x16x128_1x128x128_tiles1_register_split_wk2_sk4,7c08f682388c71142e5574ff24dd178fa8c561f9cf58907739d616bfbef34d06,33787b0f212e302e98600d17722e27b8090e4bf6d7ccac58552fc0d393e13503
92320,new_tuning,register_split,register_split_wk1_sk4,baseline_clang23,gfx950/opus_gemm_pipeline_a8w8_mxscale_bpreshuffle_register_split_gfx950.cuh,gfx950/opus_gemm_traits_a8w8_mxscale_bpreshuffle_small_variants_gfx950.cuh,opus_gemm_mxscale_bpreshuffle_register_split_kernel,"opus_gemm_mxscale_bpreshuffle_register_split_traits<16,32,1>",[],16,32,128,64,1,128,512,16384,0,4,fp32_t,1,16,2147483647,False,bf16,[],,opus_gemm_gfx950_a8w8_mxscale_gemm_bpreshuffle_64x16x32x128_1x1_16x16x128_1x128x128_tiles1_register_split_wk1_sk4,83468420ffc21d273ec193ba4f4bcfcb2b76253ba5d834850811027fd4738217,56d2330f41a5d650dcb7503e5e829641177e6c4b7b7b17cb4d361ba66a3a8306
92321,new_tuning,register_split,register_split_wk2_sk4,baseline_clang23,gfx950/opus_gemm_pipeline_a8w8_mxscale_bpreshuffle_register_split_gfx950.cuh,gfx950/opus_gemm_traits_a8w8_mxscale_bpreshuffle_small_variants_gfx950.cuh,opus_gemm_mxscale_bpreshuffle_register_split_kernel,"opus_gemm_mxscale_bpreshuffle_register_split_traits<16,32,2>",[],16,32,128,128,1,128,512,16384,0,4,fp32_t,1,16,2147483647,False,bf16,[],,opus_gemm_gfx950_a8w8_mxscale_gemm_bpreshuffle_128x16x32x128_1x1_16x16x128_1x128x128_tiles1_register_split_wk2_sk4,ffcda7e3af505584f1d5a8caf127411068c693475debd48a3630456d37bddd15,c8e1b0f698e4d3ec4fcb7e14fc8927a3abefb38c63ae7f08b18974398b315e64
92330,new_tuning,register_split,register_split_wk1_sk4,baseline_clang23,gfx950/opus_gemm_pipeline_a8w8_mxscale_bpreshuffle_register_split_gfx950.cuh,gfx950/opus_gemm_traits_a8w8_mxscale_bpreshuffle_small_variants_gfx950.cuh,opus_gemm_mxscale_bpreshuffle_register_split_kernel,"opus_gemm_mxscale_bpreshuffle_register_split_traits<32,32,1>",[],32,32,128,64,1,128,512,16384,0,4,fp32_t,1,16,2147483647,False,bf16,[],,opus_gemm_gfx950_a8w8_mxscale_gemm_bpreshuffle_64x32x32x128_1x1_16x16x128_1x128x128_tiles1_register_split_wk1_sk4,44ece4b3cdf04feefe472b701a97a9641d916a8a9a19a816baa011bc8ab2351b,3aff2bbcecda6dfe0d8bb38c3f5a3dd6e864771f09aa243d54f00fb986dde32b
92340,new_tuning,register_split,register_split_wk1_sk4,baseline_clang23,gfx950/opus_gemm_pipeline_a8w8_mxscale_bpreshuffle_register_split_gfx950.cuh,gfx950/opus_gemm_traits_a8w8_mxscale_bpreshuffle_small_variants_gfx950.cuh,opus_gemm_mxscale_bpreshuffle_register_split_kernel,"opus_gemm_mxscale_bpreshuffle_register_split_traits<32,64,1>",[],32,64,128,64,1,128,512,16384,0,4,fp32_t,1,16,2147483647,False,bf16,[],,opus_gemm_gfx950_a8w8_mxscale_gemm_bpreshuffle_64x32x64x128_1x1_16x16x128_1x128x128_tiles1_register_split_wk1_sk4,04f79bfcf27ac7f110d1c1b4837f1f9e4e6eaf27f349be01250f232b74bcce8a,a2b7a4072afb12a64c0c83d135be1c0f7fccb35d2e526a126833278f9c11ff4f
92410,new_tuning,fine_lds,narrow_fine_s4_c1_sk1,baseline_clang23,gfx950/opus_gemm_pipeline_a8w8_mxscale_bpreshuffle_small_lds_gfx950.cuh,gfx950/opus_gemm_traits_a8w8_mxscale_bpreshuffle_small_variants_gfx950.cuh,gemm_a8w8_mxfp8_scale_small_lds_kernel,"opus_gemm_mxscale_bpreshuffle_narrow_fine_traits<48,64,1,4,1>",[],48,64,128,256,1,128,2048,16384,0,1,none,16,16,2147483647,False,bf16,[],,opus_gemm_gfx950_a8w8_mxscale_gemm_bpreshuffle_256x48x64x128_1x4_16x16x128_1x128x128_tiles1_narrow_fine_s4_c1_sk1,1d300b615c347551bee14ccacda99fa2021759d4fe86b483e4274f66637d7e0f,597f612b7882e024fc0627ee0c60776043ecf4a32c8cac222b57abc2485d6ea2
92411,new_tuning,fine_lds,narrow_fine_s4_c1_sk2,baseline_clang23,gfx950/opus_gemm_pipeline_a8w8_mxscale_bpreshuffle_small_lds_gfx950.cuh,gfx950/opus_gemm_traits_a8w8_mxscale_bpreshuffle_small_variants_gfx950.cuh,gemm_a8w8_mxfp8_scale_small_lds_kernel,"opus_gemm_mxscale_bpreshuffle_narrow_fine_traits<48,64,1,4,2>",[],48,64,128,256,1,128,2048,16384,0,2,fp32_t,16,16,2147483647,False,bf16,[],,opus_gemm_gfx950_a8w8_mxscale_gemm_bpreshuffle_256x48x64x128_1x4_16x16x128_1x128x128_tiles1_narrow_fine_s4_c1_sk2,2af13b1ac83477052cb679c35e6edc9f9e7a3dfadc62b94e8c226652367d3f58,461d8243152dbfb632b65a7e8b8ac34f0548f4fd20cdea7bd0a89bdf0bf89bda
92420,new_tuning,fine_lds,narrow_fine_s4_c1_sk1,baseline_clang23,gfx950/opus_gemm_pipeline_a8w8_mxscale_bpreshuffle_small_lds_gfx950.cuh,gfx950/opus_gemm_traits_a8w8_mxscale_bpreshuffle_small_variants_gfx950.cuh,gemm_a8w8_mxfp8_scale_small_lds_kernel,"opus_gemm_mxscale_bpreshuffle_narrow_fine_traits<64,128,2,2,1>",[],64,128,128,256,1,128,2048,16384,0,1,none,16,16,2147483647,False,bf16,[],,opus_gemm_gfx950_a8w8_mxscale_gemm_bpreshuffle_256x64x128x128_2x2_16x16x128_1x128x128_tiles1_narrow_fine_s4_c1_sk1,0eed1976d19483308f785bafd6c1cb0420e58739896f19bcafd920e3d119ceea,f33ddb593824b0ff6c9a2cb10b6d242982906e31f09d7c23a573e179c569ca68
92421,new_tuning,fine_lds,narrow_fine_s4_c1_sk2,baseline_clang23,gfx950/opus_gemm_pipeline_a8w8_mxscale_bpreshuffle_small_lds_gfx950.cuh,gfx950/opus_gemm_traits_a8w8_mxscale_bpreshuffle_small_variants_gfx950.cuh,gemm_a8w8_mxfp8_scale_small_lds_kernel,"opus_gemm_mxscale_bpreshuffle_narrow_fine_traits<64,128,2,2,2>",[],64,128,128,256,1,128,2048,16384,0,2,fp32_t,16,16,2147483647,False,bf16,[],,opus_gemm_gfx950_a8w8_mxscale_gemm_bpreshuffle_256x64x128x128_2x2_16x16x128_1x128x128_tiles1_narrow_fine_s4_c1_sk2,05ea0f1ecff8187d83de6ec3674566bbb4e8e2daaf9850880c5b1905fac57550,ac5944348161840bb02e68314a89477ff1df39a50f48f891fefdb0a696d43eb5
92430,new_tuning,fine_lds,narrow_fine_s4_c1_sk1,baseline_clang23,gfx950/opus_gemm_pipeline_a8w8_mxscale_bpreshuffle_small_lds_gfx950.cuh,gfx950/opus_gemm_traits_a8w8_mxscale_bpreshuffle_small_variants_gfx950.cuh,gemm_a8w8_mxfp8_scale_small_lds_kernel,"opus_gemm_mxscale_bpreshuffle_narrow_fine_traits<96,128,2,2,1>",[],96,128,128,256,1,128,2048,16384,0,1,none,16,16,2147483647,False,bf16,[],,opus_gemm_gfx950_a8w8_mxscale_gemm_bpreshuffle_256x96x128x128_2x2_16x16x128_1x128x128_tiles1_narrow_fine_s4_c1_sk1,291d876f63cecf842e7d89466ff5bf5813276c003ff9c6e11cc9818f64d132cc,b258083cd2a62eec79a3c012874551274070433a4aaad87a5756fa7b4d995f1f
92431,new_tuning,fine_lds,narrow_fine_s4_c1_sk2,baseline_clang23,gfx950/opus_gemm_pipeline_a8w8_mxscale_bpreshuffle_small_lds_gfx950.cuh,gfx950/opus_gemm_traits_a8w8_mxscale_bpreshuffle_small_variants_gfx950.cuh,gemm_a8w8_mxfp8_scale_small_lds_kernel,"opus_gemm_mxscale_bpreshuffle_narrow_fine_traits<96,128,2,2,2>",[],96,128,128,256,1,128,2048,16384,0,2,fp32_t,16,16,2147483647,False,bf16,[],,opus_gemm_gfx950_a8w8_mxscale_gemm_bpreshuffle_256x96x128x128_2x2_16x16x128_1x128x128_tiles1_narrow_fine_s4_c1_sk2,9a36e6c6a439736ed1ff1aa788635a1e08551f5be90cb31708bb6fc5ae4e16ea,4972340a105112d981cfa272076a58ba4ea81617491b2f46763eca32deaf558d
92500,new_tuning,large_output,large_output_panel16_k1536,baseline_clang23,gfx950/opus_gemm_pipeline_a8w8_mxscale_bpreshuffle_large_output_panel16_gfx950.cuh,gfx950/opus_gemm_traits_a8w8_mxscale_bpreshuffle_large_variants_gfx950.cuh,opus_gemm_mxscale_bpreshuffle_large_output_panel16_kernel,opus_gemm_mxscale_bpreshuffle_large_output_panel16_traits,[],192,256,128,512,64,256,,16384,1536,1,none,16,16,9223372036854775807,True,bf16,[],,opus_gemm_gfx950_a8w8_mxscale_gemm_bpreshuffle_512x192x256x128_4x2_16x16x128_1x128x128_tiles1_large_output_panel16_k1536,ecf413544acbf356a74c8b492e215f3875db2f7a669ae83f7956e578e406fd47,79944acee8bcd2c4d99341489f476fd3ee4c9cdd7ec66ef5eca890da02052f72
92501,new_tuning,large_output,large_output_direct_b_k1536,baseline_clang23,gfx950/opus_gemm_pipeline_a8w8_mxscale_bpreshuffle_large_output_direct_b_gfx950.cuh,gfx950/opus_gemm_traits_a8w8_mxscale_bpreshuffle_large_variants_gfx950.cuh,opus_gemm_mxscale_bpreshuffle_large_output_direct_b_kernel,opus_gemm_mxscale_bpreshuffle_large_output_direct_b_traits,[],192,256,128,512,64,256,,16384,1536,1,none,16,16,9223372036854775807,True,bf16,[],,opus_gemm_gfx950_a8w8_mxscale_gemm_bpreshuffle_512x192x256x128_4x2_16x16x128_1x128x128_tiles1_large_output_direct_b_k1536,a64fd8274a972aaf235083e455642a4cb8c79e8e574e5c95329c42c76058b4df,eb9eff9762a127cebf527060aa576593a045268d460b708ba613c648b972fc45
