kernelId,shapes,geomean_latency_change_pct,median_latency_change_pct,clang23_slower,clang23_faster,within_5pct,clang23_slower_over5pct,clang23_faster_over5pct,within_1pct
9020,89,0.5520963504065834,0.5031754675476785,71,18,89,0,0,69
9021,45,-0.4948686881923292,-0.5614650209660565,11,34,45,0,0,37
9022,155,0.6754799925646093,0.6871789860029454,118,37,155,0,0,92
9023,4,1.1246428885568038,1.428871163798029,3,1,4,0,0,2
9024,6,-10.498124726581903,-10.490025058865033,0,6,0,0,6,0
9030,10,0.04766879658189005,0.05028779648990067,9,1,10,0,0,10
9040,12,-0.5887782636803118,-0.6441278200227663,5,7,12,0,0,4
9041,27,-2.919286989974179,-3.1953666960924054,3,24,23,0,4,4
9042,4,28.87229916992309,38.52193498271033,4,0,1,3,0,0
9043,3,-1.4137269251286333,-1.3342719118672242,0,3,3,0,0,1
9044,31,-0.8679424389558599,-0.785428795898524,5,26,31,0,0,18
9045,13,-1.2583652527915712,-1.2007559600866635,0,13,13,0,0,4
9046,33,-1.3388253367489389,-0.9906268952905473,1,32,33,0,0,17
9047,24,0.2722096454879752,0.790300402611599,14,10,23,0,1,5
9049,4,1.9049891616193637,2.0799713036582346,4,0,4,0,0,1
9051,8,1.3038398299483944,2.0812054997648155,6,2,8,0,0,2
9052,19,6.181000545631443,1.9842920528322816,16,3,10,9,0,4
9053,4,-0.9476510719371833,-0.006631526844841362,2,2,3,0,1,0
9054,5,1.9565480272639268,2.2409130521330534,4,1,5,0,0,2
9055,33,-1.4862729924528195,-1.7012866550010775,2,31,33,0,0,6
9060,12,-0.49067220049078264,-0.4593208736721366,1,11,12,0,0,11
9061,16,0.22661745224945573,0.16502630297218213,13,3,16,0,0,15
9062,12,-0.7113083948065979,-0.9123563004140745,2,10,12,0,0,7
9063,20,0.08271636450543074,-0.0319493088598688,9,11,20,0,0,19
