gfx,cu_num,M,N,K,libtype,kernelId,splitK,us,kernelName,tflops,bw,errRatio,role
gfx950,256,65536,65536,1536,opus,9030,0,7725.845,opus_gemm_gfx950_a8w8_mxscale_gemm_bpreshuffle_512x192x256x128_4x2_16x16x128_1x128x128_tiles1,1707.79,1137.9,0.0,selected_unpinned
gfx950,256,1152,7168,16384,opus,9022,0,144.2569,opus_gemm_gfx950_a8w8_mxscale_gemm_bpreshuffle_256x160x128x128_2x2_16x16x128_1x128x128_tiles1_small,1875.7,1059.43,0.0,selected_unpinned
gfx950,256,928,7168,16384,opus,9022,0,136.9804,opus_gemm_gfx950_a8w8_mxscale_gemm_bpreshuffle_256x160x128x128_2x2_16x16x128_1x128x128_tiles1_small,1591.25,1065.47,0.0,selected_unpinned
gfx950,256,672,7168,16384,opus,9022,0,120.4623,opus_gemm_gfx950_a8w8_mxscale_gemm_bpreshuffle_256x160x128x128_2x2_16x16x128_1x128x128_tiles1_small,1310.29,1146.29,0.0,selected_unpinned
gfx950,256,800,65536,1536,opus,9020,0,101.4186,opus_gemm_gfx950_a8w8_mxscale_gemm_bpreshuffle_512x192x256x128_4x2_16x16x128_1x128x128_tiles1_main,1588.08,2038.58,0.0,selected_unpinned
gfx950,256,704,65536,1536,opus,9020,0,84.2169,opus_gemm_gfx950_a8w8_mxscale_gemm_bpreshuffle_512x192x256x128_4x2_16x16x128_1x128x128_tiles1_main,1682.96,2303.81,0.0,selected_unpinned
gfx950,256,1536,7168,7168,opus,9020,0,79.6021,opus_gemm_gfx950_a8w8_mxscale_gemm_bpreshuffle_512x192x256x128_4x2_16x16x128_1x128x128_tiles1_main,1982.86,1060.4,0.0,selected_unpinned
gfx950,256,1792,6144,7168,opus,9020,0,77.9801,opus_gemm_gfx950_a8w8_mxscale_gemm_bpreshuffle_512x192x256x128_4x2_16x16x128_1x128x128_tiles1_main,2024.11,1011.87,0.0,selected_unpinned
gfx950,256,1408,6144,7168,opus,9022,0,70.0353,opus_gemm_gfx950_a8w8_mxscale_gemm_bpreshuffle_256x160x128x128_2x2_16x16x128_1x128x128_tiles1_small,1770.78,1019.97,0.0,selected_unpinned
gfx950,256,16384,7168,384,opus,9020,0,68.3078,opus_gemm_gfx950_a8w8_mxscale_gemm_bpreshuffle_512x192x256x128_4x2_16x16x128_1x128x128_tiles1_main,1320.41,3570.97,0.0,selected_unpinned
gfx950,256,992,7168,7168,opus,9022,0,67.2268,opus_gemm_gfx950_a8w8_mxscale_gemm_bpreshuffle_256x160x128x128_2x2_16x16x128_1x128x128_tiles1_small,1516.34,1081.6,0.0,selected_unpinned
gfx950,256,992,6144,7168,opus,9022,0,66.143,opus_gemm_gfx950_a8w8_mxscale_gemm_bpreshuffle_256x160x128x128_2x2_16x16x128_1x128x128_tiles1_small,1321.01,957.63,0.0,selected_unpinned
gfx950,256,768,7168,7168,opus,9022,0,59.2488,opus_gemm_gfx950_a8w8_mxscale_gemm_bpreshuffle_256x160x128x128_2x2_16x16x128_1x128x128_tiles1_small,1332.01,1145.94,0.0,selected_unpinned
gfx950,256,736,7168,7168,opus,9022,0,58.1175,opus_gemm_gfx950_a8w8_mxscale_gemm_bpreshuffle_256x160x128x128_2x2_16x16x128_1x128x128_tiles1_small,1301.36,1156.4,0.0,selected_unpinned
gfx950,256,208,7168,16384,opus,9046,0,49.7022,opus_gemm_gfx950_a8w8_mxscale_gemm_bpreshuffle_512x64x128x128_4x2_16x16x128_1x128x128_tiles1_small_lds,982.96,2491.44,0.0,selected_unpinned
gfx950,256,672,6144,7168,opus,9022,0,46.9878,opus_gemm_gfx950_a8w8_mxscale_gemm_bpreshuffle_256x160x128x128_2x2_16x16x128_1x128x128_tiles1_small,1259.69,1215.52,0.0,selected_unpinned
gfx950,256,352,65536,1536,opus,9020,0,44.4524,opus_gemm_gfx950_a8w8_mxscale_gemm_bpreshuffle_512x192x256x128_4x2_16x16x128_1x128x128_tiles1_main,1594.22,3314.59,0.0,selected_unpinned
gfx950,256,1856,7168,3072,opus,9011,0,42.4664,opus_gemm_gfx950_a8w8_mxscale_gemm_bpreshuffle_256x256x256x128_2x2_16x16x128_1x128x128_tiles1_unroll4,1924.78,1279.35,0.0,unchanged_pin_control
gfx950,256,2048,2048,7168,opus,9021,0,39.0433,opus_gemm_gfx950_a8w8_mxscale_gemm_bpreshuffle_256x128x128x128_2x2_16x16x128_1x128x128_tiles1_small,1540.07,966.84,0.0,selected_unpinned
gfx950,256,512,7168,7168,opus,9021,0,38.0463,opus_gemm_gfx950_a8w8_mxscale_gemm_bpreshuffle_256x128x128x128_2x2_16x16x128_1x128x128_tiles1_small,1382.88,1639.85,0.0,selected_unpinned
gfx950,256,512,6144,7168,opus,9021,0,37.3376,opus_gemm_gfx950_a8w8_mxscale_gemm_bpreshuffle_256x128x128x128_2x2_16x16x128_1x128x128_tiles1_small,1207.82,1446.31,0.0,selected_unpinned
gfx950,256,1600,7168,3072,opus,9020,0,36.731,opus_gemm_gfx950_a8w8_mxscale_gemm_bpreshuffle_512x192x256x128_4x2_16x16x128_1x128x128_tiles1_main,1918.39,1357.79,0.0,selected_unpinned
gfx950,256,384,7168,7168,opus,9061,0,34.4053,opus_gemm_gfx950_a8w8_mxscale_gemm_bpreshuffle_512x96x128x128_2x4_16x16x128_1x128x128_tiles1_fine_lds_s4_c1_sk1_v4b128,1146.92,1733.39,0.0,selected_unpinned
gfx950,256,96,7168,16384,opus,9063,0,33.2833,opus_gemm_gfx950_a8w8_mxscale_gemm_bpreshuffle_256x80x128x128_1x4_16x16x128_1x128x128_tiles1_fine_lds_s4_c1_sk4_v16b128,677.47,3617.12,0.0,selected_unpinned
gfx950,256,1216,7168,3072,opus,9022,0,32.9583,opus_gemm_gfx950_a8w8_mxscale_gemm_bpreshuffle_256x160x128x128_2x2_16x16x128_1x128x128_tiles1_small,1624.87,1310.39,0.0,selected_unpinned
gfx950,256,864,7168,3072,opus,9022,0,31.9738,opus_gemm_gfx950_a8w8_mxscale_gemm_bpreshuffle_256x160x128x128_2x2_16x16x128_1x128x128_tiles1_small,1190.06,1159.09,0.0,selected_unpinned
gfx950,256,48,7168,16384,opus,9063,0,30.279,opus_gemm_gfx950_a8w8_mxscale_gemm_bpreshuffle_256x80x128x128_1x4_16x16x128_1x128x128_tiles1_fine_lds_s4_c1_sk4_v16b128,372.35,3927.31,0.0,selected_unpinned
gfx950,256,32,7168,16384,opus,9053,0,27.0784,opus_gemm_gfx950_a8w8_mxscale_gemm_bpreshuffle_512x32x32x128_1x1_16x16x128_1x128x128_tiles1_small_register_wavek,277.57,4373.36,0.0,selected_unpinned
gfx950,256,992,2048,7168,opus,9046,0,26.3308,opus_gemm_gfx950_a8w8_mxscale_gemm_bpreshuffle_512x64x128x128_4x2_16x16x128_1x128x128_tiles1_small_lds,1106.13,981.89,0.0,selected_unpinned
gfx950,256,224,7168,7168,opus,9046,0,25.7094,opus_gemm_gfx950_a8w8_mxscale_gemm_bpreshuffle_512x64x128x128_4x2_16x16x128_1x128x128_tiles1_small_lds,895.33,2185.86,0.0,selected_unpinned
gfx950,256,1984,768,7168,opus,9045,0,24.7522,opus_gemm_gfx950_a8w8_mxscale_gemm_bpreshuffle_256x96x64x128_2x2_16x16x128_1x128x128_tiles1_small_lds,882.5,920.07,0.0,selected_unpinned
gfx950,256,1536,768,7168,opus,9062,0,24.2832,opus_gemm_gfx950_a8w8_mxscale_gemm_bpreshuffle_256x80x128x128_1x4_16x16x128_1x128x128_tiles1_fine_lds_s4_c1_sk2_v4b128,696.43,777.26,0.0,selected_unpinned
gfx950,256,768,2048,7168,opus,9045,0,23.5571,opus_gemm_gfx950_a8w8_mxscale_gemm_bpreshuffle_256x96x64x128_2x2_16x16x128_1x128x128_tiles1_small_lds,957.19,990.39,0.0,selected_unpinned
gfx950,256,176,7168,7168,opus,9044,0,23.3468,opus_gemm_gfx950_a8w8_mxscale_gemm_bpreshuffle_256x64x64x128_2x2_16x16x128_1x128x128_tiles1_small_lds,774.66,2362.85,0.0,selected_unpinned
gfx950,256,80,65536,1536,opus,9022,0,22.7743,opus_gemm_gfx950_a8w8_mxscale_gemm_bpreshuffle_256x160x128x128_2x2_16x16x128_1x128x128_tiles1_small,707.21,4885.86,0.0,selected_unpinned
gfx950,256,144,6144,7168,opus,9044,0,22.2453,opus_gemm_gfx950_a8w8_mxscale_gemm_bpreshuffle_256x64x64x128_2x2_16x16x128_1x128x128_tiles1_small_lds,570.17,2105.7,0.0,selected_unpinned
gfx950,256,544,16384,1536,opus,9022,0,20.4889,opus_gemm_gfx950_a8w8_mxscale_gemm_bpreshuffle_256x160x128x128_2x2_16x16x128_1x128x128_tiles1_small,1336.35,2139.07,0.0,selected_unpinned
gfx950,256,1088,768,7168,opus,9024,0,19.7816,opus_gemm_gfx950_a8w8_mxscale_gemm_bpreshuffle_256x64x64x128_2x2_16x16x128_1x128x128_tiles1_narrow,605.56,757.02,0.0,selected_unpinned
gfx950,256,1152,768,7168,opus,9024,0,19.3096,opus_gemm_gfx950_a8w8_mxscale_gemm_bpreshuffle_256x64x64x128_2x2_16x16x128_1x128x128_tiles1_narrow,656.85,804.37,0.0,selected_unpinned
gfx950,256,16,65536,1536,opus,9040,0,19.0271,opus_gemm_gfx950_a8w8_mxscale_gemm_bpreshuffle_64x16x32x128_1x1_16x16x128_1x128x128_tiles1_small_register,169.3,5402.03,0.0,selected_unpinned
gfx950,256,8,65536,1536,opus,9041,0,18.2261,opus_gemm_gfx950_a8w8_mxscale_gemm_bpreshuffle_512x16x16x128_1x1_16x16x128_1x128x128_tiles1_small_register,88.37,5581.24,0.0,selected_unpinned
gfx950,256,288,2048,7168,opus,9063,0,17.974,opus_gemm_gfx950_a8w8_mxscale_gemm_bpreshuffle_256x80x128x128_1x4_16x16x128_1x128x128_tiles1_fine_lds_s4_c1_sk4_v16b128,470.44,997.22,0.0,selected_unpinned
gfx950,256,736,768,7168,opus,9063,0,17.27,opus_gemm_gfx950_a8w8_mxscale_gemm_bpreshuffle_256x80x128x128_1x4_16x16x128_1x128x128_tiles1_fine_lds_s4_c1_sk4_v16b128,469.22,689.7,0.0,selected_unpinned
gfx950,256,192,2048,7168,opus,9055,0,15.7256,opus_gemm_gfx950_a8w8_mxscale_gemm_bpreshuffle_256x32x64x128_1x4_16x16x128_1x128x128_tiles1_small_lds_deep,358.47,1071.04,0.0,selected_unpinned
gfx950,256,96,2048,7168,opus,9055,0,15.3015,opus_gemm_gfx950_a8w8_mxscale_gemm_bpreshuffle_256x32x64x128_1x4_16x16x128_1x128x128_tiles1_small_lds_deep,184.2,1030.06,0.0,selected_unpinned
gfx950,256,1600,7168,768,opus,9020,0,14.9751,opus_gemm_gfx950_a8w8_mxscale_gemm_bpreshuffle_512x192x256x128_4x2_16x16x128_1x128x128_tiles1_main,1176.36,1981.38,0.0,selected_unpinned
gfx950,256,352,768,7168,opus,9043,0,14.7093,opus_gemm_gfx950_a8w8_mxscale_gemm_bpreshuffle_256x32x64x128_1x4_16x16x128_1x128x128_tiles1_small_lds,263.48,582.55,0.0,selected_unpinned
gfx950,256,448,768,7168,opus,9055,0,14.3166,opus_gemm_gfx950_a8w8_mxscale_gemm_bpreshuffle_256x32x64x128_1x4_16x16x128_1x128x128_tiles1_small_lds_deep,344.53,656.89,0.0,selected_unpinned
gfx950,256,1344,7168,768,opus,9022,0,14.091,opus_gemm_gfx950_a8w8_mxscale_gemm_bpreshuffle_256x160x128x128_2x2_16x16x128_1x128x128_tiles1_small,1050.14,1831.3,0.0,selected_unpinned
gfx950,256,208,768,7168,opus,9055,0,13.7832,opus_gemm_gfx950_a8w8_mxscale_gemm_bpreshuffle_256x32x64x128_1x4_16x16x128_1x128x128_tiles1_small_lds_deep,166.15,530.75,0.0,selected_unpinned
gfx950,256,960,7168,768,opus,9022,0,13.1966,opus_gemm_gfx950_a8w8_mxscale_gemm_bpreshuffle_256x160x128x128_2x2_16x16x128_1x128x128_tiles1_small,800.94,1515.91,0.0,selected_unpinned
gfx950,256,240,16384,1536,opus,9021,0,12.8977,opus_gemm_gfx950_a8w8_mxscale_gemm_bpreshuffle_256x128x128x128_2x2_16x16x128_1x128x128_tiles1_small,936.57,2589.51,0.0,selected_unpinned
gfx950,256,1792,7168,384,opus,9000,0,12.6047,opus_gemm_gfx950_a8w8_mxscale_gemm_bpreshuffle_256x256x256x128_2x2_16x16x128_1x128x128_tiles1_nooob,782.64,2311.1,0.0,unchanged_pin_control
gfx950,256,144,16384,1536,opus,9060,0,12.0381,opus_gemm_gfx950_a8w8_mxscale_gemm_bpreshuffle_256x80x128x128_1x4_16x16x128_1x128x128_tiles1_fine_lds_s4_c1_sk1_v4b128,602.07,2500.86,0.0,selected_unpinned
gfx950,256,1,6144,7168,opus,9041,0,11.1873,opus_gemm_gfx950_a8w8_mxscale_gemm_bpreshuffle_512x16x16x128_1x1_16x16x128_1x128x128_tiles1_small_register,7.87,3938.36,0.0,selected_unpinned
gfx950,256,2,6144,7168,opus,9041,0,10.8464,opus_gemm_gfx950_a8w8_mxscale_gemm_bpreshuffle_512x16x16x128_1x1_16x16x128_1x128x128_tiles1_small_register,16.24,4063.94,0.0,selected_unpinned
gfx950,256,64,2048,7168,opus,9052,0,10.4743,opus_gemm_gfx950_a8w8_mxscale_gemm_bpreshuffle_512x16x32x128_1x1_16x16x128_1x128x128_tiles1_small_register_wavek,179.4,1470.36,0.0,selected_unpinned
gfx950,256,144,768,7168,opus,9052,0,9.8871,opus_gemm_gfx950_a8w8_mxscale_gemm_bpreshuffle_512x16x32x128_1x1_16x16x128_1x128x128_tiles1_small_register_wavek,160.36,683.56,0.0,selected_unpinned
gfx950,256,160,768,7168,opus,9052,0,9.5712,opus_gemm_gfx950_a8w8_mxscale_gemm_bpreshuffle_512x16x32x128_1x1_16x16x128_1x128x128_tiles1_small_register_wavek,184.05,720.67,0.0,selected_unpinned
gfx950,256,1024,7168,384,opus,9020,0,9.3542,opus_gemm_gfx950_a8w8_mxscale_gemm_bpreshuffle_512x192x256x128_4x2_16x16x128_1x128x128_tiles1_main,602.63,1905.65,0.0,selected_unpinned
gfx950,256,768,7168,384,opus,9022,0,8.9376,opus_gemm_gfx950_a8w8_mxscale_gemm_bpreshuffle_256x160x128x128_2x2_16x16x128_1x128x128_tiles1_small,473.04,1572.85,0.0,selected_unpinned
gfx950,256,352,7168,768,opus,9021,0,8.4947,opus_gemm_gfx950_a8w8_mxscale_gemm_bpreshuffle_256x128x128x128_2x2_16x16x128_1x128x128_tiles1_small,456.23,1273.93,0.0,selected_unpinned
gfx950,256,288,7168,768,opus,9049,0,8.1206,opus_gemm_gfx950_a8w8_mxscale_gemm_bpreshuffle_256x32x128x128_2x2_16x16x128_1x128x128_tiles1_small_regscale_xor,390.48,1213.58,0.0,selected_unpinned
gfx950,256,224,7168,768,opus,9049,0,7.4546,opus_gemm_gfx950_a8w8_mxscale_gemm_bpreshuffle_256x32x128x128_2x2_16x16x128_1x128x128_tiles1_small_regscale_xor,330.84,1192.33,0.0,selected_unpinned
gfx950,256,192,7168,768,opus,9044,0,7.0983,opus_gemm_gfx950_a8w8_mxscale_gemm_bpreshuffle_256x64x64x128_2x2_16x16x128_1x128x128_tiles1_small_lds,297.81,1184.09,0.0,selected_unpinned
gfx950,256,2,7168,3072,opus,9052,0,6.6093,opus_gemm_gfx950_a8w8_mxscale_gemm_bpreshuffle_512x16x32x128_1x1_16x16x128_1x128x128_tiles1_small_register_wavek,13.33,3336.95,0.0,selected_unpinned
gfx950,256,320,7168,384,opus,9047,0,6.2807,opus_gemm_gfx950_a8w8_mxscale_gemm_bpreshuffle_256x32x64x128_2x2_16x16x128_1x128x128_tiles1_small_regscale,280.48,1188.23,0.0,selected_unpinned
gfx950,256,2,2048,7168,opus,9041,0,6.0215,opus_gemm_gfx950_a8w8_mxscale_gemm_bpreshuffle_512x16x16x128_1x1_16x16x128_1x128x128_tiles1_small_register,9.75,2441.68,0.0,selected_unpinned
gfx950,256,208,7168,384,opus,9047,0,5.2578,opus_gemm_gfx950_a8w8_mxscale_gemm_bpreshuffle_256x32x64x128_2x2_16x16x128_1x128x128_tiles1_small_regscale,217.78,1105.84,0.0,selected_unpinned
gfx950,256,176,7168,384,opus,9047,0,4.4774,opus_gemm_gfx950_a8w8_mxscale_gemm_bpreshuffle_256x32x64x128_2x2_16x16x128_1x128x128_tiles1_small_regscale,216.39,1193.38,0.0,selected_unpinned
gfx950,256,64,7168,384,opus,9047,0,4.0182,opus_gemm_gfx950_a8w8_mxscale_gemm_bpreshuffle_256x32x64x128_2x2_16x16x128_1x128x128_tiles1_small_regscale,87.68,919.46,0.0,selected_unpinned
gfx950,256,1,7168,768,opus,9040,0,3.7836,opus_gemm_gfx950_a8w8_mxscale_gemm_bpreshuffle_64x16x32x128_1x1_16x16x128_1x128x128_tiles1_small_register,2.91,1458.96,0.0,selected_unpinned
gfx950,256,4,7168,384,opus,9040,0,2.9157,opus_gemm_gfx950_a8w8_mxscale_gemm_bpreshuffle_64x16x32x128_1x1_16x16x128_1x128x128_tiles1_small_register,7.55,964.23,0.0,selected_unpinned
