M,N,K,kid,protocol,median_us,baseline_csv_us,same_candidate_full_sweep_us
4096,2048,7168,27,rotate_5_51,85.26629999999997,62.0,84.9471458333333
4096,2048,7168,27,reuse_5_51,71.88613999999998,62.0,84.9471458333333
4096,2048,7168,27,rotate_50_200,82.78715873015872,62.0,84.9471458333333
4096,2048,7168,27,reuse_50_200,68.87396774193547,62.0,84.9471458333333
1280,7168,7168,27,rotate_5_51,84.30148000000001,87.9119,84.16051999999996
1280,7168,7168,27,reuse_5_51,78.37821999999997,87.9119,84.16051999999996
1280,7168,7168,27,rotate_50_200,81.63648421052628,87.9119,84.16051999999996
1280,7168,7168,27,reuse_50_200,71.30323036649213,87.9119,84.16051999999996
6144,6144,7168,28,rotate_5_51,264.49614,261.7996,257.70636734693875
6144,6144,7168,28,reuse_5_51,254.96087999999992,261.7996,257.70636734693875
6144,6144,7168,28,rotate_50_200,269.78472361809025,261.7996,257.70636734693875
6144,6144,7168,28,reuse_50_200,268.4844517766498,261.7996,257.70636734693875
