kid,library,kind,name,overall_selected_shapes,best_opus_shapes,legal_shapes,valid_shapes,tile,waves,k_min,k_max,k_multiple,k_range,kernel_template,traits_type,traits_base,template_axis,implementation,source_directory,pipeline_path,traits_path,launcher_path,binary_path,source_dependencies,fixed_k_instantiations
9000,registered_opus,production_registered,opus_9000,129,129,175,175,256x256x128,4,128,,128,K≥128，步长128；受signed-int字节范围限制,gemm_a8w8_mxfp8_scale_kernel<opus_gemm_mxscale_bpreshuffle_4wave_traits_gfx950>,opus_gemm_mxscale_bpreshuffle_4wave_traits_gfx950,,Traits type only; no fixed K,原始256×256分半流水，4 wave，scale panel64，直接BF16输出。,csrc/opus_gemm/include/gfx950,csrc/opus_gemm/include/gfx950/opus_gemm_pipeline_a8w8_mxscale_bpreshuffle_4wave_gfx950.cuh,csrc/opus_gemm/include/gfx950/opus_gemm_traits_a8w8_mxscale_bpreshuffle_gfx950.cuh,csrc/opus_gemm/codegen/gen_instances_gfx950.py,,9000 4wave pipeline/common traits; opus headers,False
9010,registered_opus,production_registered,opus_9010,9,9,215,215,128x128x128,4,128,,128,K≥128，步长128；受signed-int字节范围限制,gemm_a8w8_mxfp8_bpreshuffle_128x128_kernel<opus_gemm_mxscale_bpreshuffle_128x128_traits_gfx950>,opus_gemm_mxscale_bpreshuffle_128x128_traits_gfx950,,Traits type only; no fixed K,3层矩阵LDS，K+2预取，scale panel64，直接BF16输出。,csrc/opus_gemm/include/gfx950,csrc/opus_gemm/include/gfx950/opus_gemm_pipeline_a8w8_mxscale_bpreshuffle_128x128_gfx950.cuh,csrc/opus_gemm/include/gfx950/opus_gemm_traits_a8w8_mxscale_bpreshuffle_128x128_gfx950.cuh,csrc/opus_gemm/codegen/gen_instances_gfx950.py,,9000 4wave pipeline/common traits; opus headers,False
9011,registered_opus,production_registered,opus_9011,24,24,295,295,64x128x128,4,128,,128,K≥128，步长128；受signed-int字节范围限制,gemm_a8w8_mxfp8_bpreshuffle_64x128_kernel<opus_gemm_mxscale_bpreshuffle_64x128_traits_gfx950>,opus_gemm_mxscale_bpreshuffle_64x128_traits_gfx950,,Traits type only; no fixed K,3层矩阵LDS，K+2预取，scale panel64，直接BF16输出。,csrc/opus_gemm/include/gfx950,csrc/opus_gemm/include/gfx950/opus_gemm_pipeline_a8w8_mxscale_bpreshuffle_64x128_gfx950.cuh,csrc/opus_gemm/include/gfx950/opus_gemm_traits_a8w8_mxscale_bpreshuffle_64x128_gfx950.cuh,csrc/opus_gemm/codegen/gen_instances_gfx950.py,,9000 4wave pipeline/common traits; opus headers,False
9012,registered_opus,production_registered,opus_9012,7,7,295,295,64x64x128,4,128,,128,K≥128，步长128；受signed-int字节范围限制,gemm_a8w8_mxfp8_bpreshuffle_64x64_kernel<opus_gemm_mxscale_bpreshuffle_64x64_traits_gfx950>,opus_gemm_mxscale_bpreshuffle_64x64_traits_gfx950,,Traits type only; no fixed K,4层矩阵LDS，K+3预取，scale panel64，直接BF16输出。,csrc/opus_gemm/include/gfx950,csrc/opus_gemm/include/gfx950/opus_gemm_pipeline_a8w8_mxscale_bpreshuffle_64x64_gfx950.cuh,csrc/opus_gemm/include/gfx950/opus_gemm_traits_a8w8_mxscale_bpreshuffle_64x64_gfx950.cuh,csrc/opus_gemm/codegen/gen_instances_gfx950.py,,9000 4wave pipeline/common traits; opus headers,False
9020,registered_opus,production_registered,opus_9020,32,32,295,295,256x256x128,4,128,,128,K≥128，步长128；受signed-int字节范围限制,gemm_a8w8_mxfp8_scale_kernel<opus_gemm_mxscale_bpreshuffle_padded_m_traits_gfx950>,opus_gemm_mxscale_bpreshuffle_padded_m_traits_gfx950,,Traits type only; no fixed K,复用9000主体，traits继承9000，仅PAD_M=true。,csrc/opus_gemm/include/gfx950,csrc/opus_gemm/include/gfx950/opus_gemm_pipeline_a8w8_mxscale_bpreshuffle_padded_m_gfx950.cuh,csrc/opus_gemm/include/gfx950/opus_gemm_traits_a8w8_mxscale_bpreshuffle_padded_m_gfx950.cuh,csrc/opus_gemm/codegen/gen_instances_gfx950.py,,9000 4wave pipeline/common traits; opus headers,False
13163,long_epilogue_sync,private_c_abi,generic_no_repeat_sync,1,1,295,295,192x256x128,8,128,,128,K≥128，步长128；受signed-int字节范围限制,"gemm_a8w8_mxfp8_bpreshuffle_generic_no_repeat_sync_kernel<opus_gemm_mxscale_bpreshuffle_192x256_traits_gfx950<8, 128>>","opus_gemm_mxscale_bpreshuffle_192x256_traits_gfx950<8, 128>",,"Traits<Waves, ScalePanel>; no fixed K",192×256，8 wave，scale panel128；去重复pre-output同步；LDS BF16输出vec8/cache2。,csrc/opus_gemm/mxfp8_bpreshuffle_retained/long_epilogue_sync,csrc/opus_gemm/mxfp8_bpreshuffle_retained/long_epilogue_sync/pipeline_generic.cuh,csrc/opus_gemm/include/gfx950/opus_gemm_traits_a8w8_mxscale_bpreshuffle_192x256_gfx950.cuh,csrc/opus_gemm/mxfp8_bpreshuffle_retained/long_epilogue_sync/launch.hip,csrc/opus_gemm/mxfp8_bpreshuffle_retained/long_epilogue_sync/experiments.so,9000 4wave pipeline/common traits + 192x256 traits; opus headers,False
20000,long_runtime,private_c_abi,long_runtime_k128_16384_m192n256_8wave_u2_s128,9,9,295,295,192x256x128,8,128,16384,128,128–16384，步长128,gemm_a8w8_mxfp8_bpreshuffle_long_runtime_kernel,opus_gemm_long_runtime_traits,"opus_gemm_mxscale_bpreshuffle_192x256_traits_gfx950<8, 128>",none; concrete global entry,192×256，8 wave，runtime U2，scale容量128组；N-first，非融合vec8/cache2输出。,csrc/opus_gemm/mxfp8_bpreshuffle_retained/long_runtime,csrc/opus_gemm/mxfp8_bpreshuffle_retained/long_runtime/pipeline_runtime.cuh,csrc/opus_gemm/mxfp8_bpreshuffle_retained/long_runtime/traits_runtime.cuh,csrc/opus_gemm/mxfp8_bpreshuffle_retained/long_runtime/launch.hip,csrc/opus_gemm/mxfp8_bpreshuffle_retained/long_runtime/experiments.so,9000 4wave pipeline/common traits + 192x256 traits; opus headers,False
20010,short_runtime,private_c_abi,short_runtime_m128n128_u2,7,7,117,117,128x128x128,4,128,1536,128,128–1536，步长128,short_runtime_kernel<short_runtime_traits<128>>,short_runtime_traits<128>,,TileM=128,128×128，4 wave，runtime U2，scale容量12组；LDS BF16输出vec8/cache2。,csrc/opus_gemm/mxfp8_bpreshuffle_retained/short_runtime,csrc/opus_gemm/mxfp8_bpreshuffle_retained/short_runtime/pipeline_short_runtime.cuh,csrc/opus_gemm/mxfp8_bpreshuffle_retained/short_runtime/traits_short_runtime.cuh,csrc/opus_gemm/mxfp8_bpreshuffle_retained/short_runtime/launch.hip,csrc/opus_gemm/mxfp8_bpreshuffle_retained/short_runtime/experiments.so,9000 4wave pipeline/common traits; opus headers,False
20011,short_runtime,private_c_abi,short_runtime_m160n128_u2,14,14,117,117,160x128x128,4,128,1536,128,128–1536，步长128,short_runtime_kernel<short_runtime_traits<160>>,short_runtime_traits<160>,,TileM=160,160×128，4 wave，runtime U2，scale容量12组；LDS BF16输出vec8/cache2。,csrc/opus_gemm/mxfp8_bpreshuffle_retained/short_runtime,csrc/opus_gemm/mxfp8_bpreshuffle_retained/short_runtime/pipeline_short_runtime.cuh,csrc/opus_gemm/mxfp8_bpreshuffle_retained/short_runtime/traits_short_runtime.cuh,csrc/opus_gemm/mxfp8_bpreshuffle_retained/short_runtime/launch.hip,csrc/opus_gemm/mxfp8_bpreshuffle_retained/short_runtime/experiments.so,9000 4wave pipeline/common traits; opus headers,False
20020,n224_runtime,private_c_abi,runtime_k192x224_fused,1,1,63,63,192x224x128,8,128,1536,128,128–1536，步长128,runtime_n224_kernel,runtime_n224_traits,,none; concrete global entry,192×224，8 wave；最终MFMA与BF16输出融合，vec4/cache0，N-first。,csrc/opus_gemm/mxfp8_bpreshuffle_retained/n224_runtime,csrc/opus_gemm/mxfp8_bpreshuffle_retained/n224_runtime/pipeline.cuh,csrc/opus_gemm/mxfp8_bpreshuffle_retained/n224_runtime/traits.cuh,csrc/opus_gemm/mxfp8_bpreshuffle_retained/n224_runtime/launch.hip,csrc/opus_gemm/mxfp8_bpreshuffle_retained/n224_runtime/experiments.so,9000 4wave pipeline/common traits; opus headers,False
20100,long_runtime_grid,private_c_abi,long_runtime_grid_k128_16384_m192n256_8wave_u2_s128,32,32,295,295,192x256x128,8,128,16384,128,128–16384，步长128,gemm_a8w8_mxfp8_bpreshuffle_long_runtime_grid_kernel,opus_gemm_long_runtime_grid_traits,"opus_gemm_mxscale_bpreshuffle_192x256_traits_gfx950<8, 128>",none; concrete global entry,20000主体；N≤2048且M≥4096时group-M4，否则N-first。,csrc/opus_gemm/mxfp8_bpreshuffle_retained/long_runtime_grid,csrc/opus_gemm/mxfp8_bpreshuffle_retained/long_runtime_grid/pipeline_runtime.cuh,csrc/opus_gemm/mxfp8_bpreshuffle_retained/long_runtime_grid/traits_runtime.cuh,csrc/opus_gemm/mxfp8_bpreshuffle_retained/long_runtime_grid/launch.hip,csrc/opus_gemm/mxfp8_bpreshuffle_retained/long_runtime_grid/experiments.so,9000 4wave pipeline/common traits + 192x256 traits; opus headers,False
20124,n224_runtime_loop,private_c_abi,runtime_k192x224_fused_unified_u2,1,2,63,63,192x224x128,8,128,1536,128,128–1536，步长128,runtime_n224_loop_kernel,runtime_n224_loop_traits,,none; concrete global entry,192×224，8 wave；统一U2循环与drain，融合输出，vec4/cache0，N-first。,csrc/opus_gemm/mxfp8_bpreshuffle_retained/n224_runtime_loop,csrc/opus_gemm/mxfp8_bpreshuffle_retained/n224_runtime_loop/pipeline.cuh,csrc/opus_gemm/mxfp8_bpreshuffle_retained/n224_runtime_loop/traits.cuh,csrc/opus_gemm/mxfp8_bpreshuffle_retained/n224_runtime_loop/launch.hip,csrc/opus_gemm/mxfp8_bpreshuffle_retained/n224_runtime_loop/experiments.so,9000 4wave pipeline/common traits; opus headers,False
20125,short_runtime_unified,private_c_abi,runtime_k192x256_unified_u2_nonfused_v8,2,2,117,117,192x256x128,8,128,1536,128,128–1536，步长128,short_runtime_unified_kernel<8>,short_runtime_unified_traits,,OutputVector=8; nonfused,192×256，8 wave；统一U2循环与drain，非融合vec8；M≥4096时group-M4/cache2，否则N-first/cache0。,csrc/opus_gemm/mxfp8_bpreshuffle_retained/short_runtime_unified,csrc/opus_gemm/mxfp8_bpreshuffle_retained/short_runtime_unified/pipeline.cuh,csrc/opus_gemm/mxfp8_bpreshuffle_retained/short_runtime_unified/traits.cuh,csrc/opus_gemm/mxfp8_bpreshuffle_retained/short_runtime_unified/launch.hip,csrc/opus_gemm/mxfp8_bpreshuffle_retained/short_runtime_unified/experiments.so,9000 4wave pipeline/common traits; opus headers,False
20126,short_runtime_unified,private_c_abi,runtime_k192x256_unified_u2_fused_v4,2,4,117,117,192x256x128,8,128,1536,128,128–1536，步长128,short_runtime_unified_kernel<4>,short_runtime_unified_traits,,OutputVector=4; fused,192×256，8 wave；统一U2循环与drain，融合vec4；M≥4096时group-M4/cache2，否则N-first/cache0。,csrc/opus_gemm/mxfp8_bpreshuffle_retained/short_runtime_unified,csrc/opus_gemm/mxfp8_bpreshuffle_retained/short_runtime_unified/pipeline.cuh,csrc/opus_gemm/mxfp8_bpreshuffle_retained/short_runtime_unified/traits.cuh,csrc/opus_gemm/mxfp8_bpreshuffle_retained/short_runtime_unified/launch.hip,csrc/opus_gemm/mxfp8_bpreshuffle_retained/short_runtime_unified/experiments.so,9000 4wave pipeline/common traits; opus headers,False
20128,long_runtime_fused,private_c_abi,long_runtime_fused_k128_16384_m192n256_8wave_u2_s128,19,20,295,295,192x256x128,8,128,16384,128,128–16384，步长128,gemm_a8w8_mxfp8_bpreshuffle_long_runtime_fused_kernel,opus_gemm_long_runtime_fused_traits,"opus_gemm_mxscale_bpreshuffle_192x256_traits_gfx950<8, 128>",none; concrete global entry,192×256，8 wave；统一U2循环，最终MFMA与BF16输出融合；N-first、vec8/cache2。,csrc/opus_gemm/mxfp8_bpreshuffle_retained/long_runtime_fused,csrc/opus_gemm/mxfp8_bpreshuffle_retained/long_runtime_fused/pipeline_runtime.cuh,csrc/opus_gemm/mxfp8_bpreshuffle_retained/long_runtime_fused/traits_runtime.cuh,csrc/opus_gemm/mxfp8_bpreshuffle_retained/long_runtime_fused/launch.hip,csrc/opus_gemm/mxfp8_bpreshuffle_retained/long_runtime_fused/experiments.so,9000 4wave pipeline/common traits + 192x256 traits; opus headers,False
20131,short_runtime_group4_cache2,private_c_abi,runtime_k192x256_unified_u2_fused_v4_group_m4_cache2,2,2,117,117,192x256x128,8,128,1536,128,128–1536，步长128,short_runtime_group4_cache2_kernel,short_runtime_group4_cache2_traits,,none; concrete global entry,192×256，8 wave；统一U2循环与drain，融合vec4，始终group-M4/cache2。,csrc/opus_gemm/mxfp8_bpreshuffle_retained/short_runtime_group4_cache2,csrc/opus_gemm/mxfp8_bpreshuffle_retained/short_runtime_group4_cache2/pipeline.cuh,csrc/opus_gemm/mxfp8_bpreshuffle_retained/short_runtime_group4_cache2/traits.cuh,csrc/opus_gemm/mxfp8_bpreshuffle_retained/short_runtime_group4_cache2/launch.hip,csrc/opus_gemm/mxfp8_bpreshuffle_retained/short_runtime_group4_cache2/experiments.so,9000 4wave pipeline/common traits; opus headers,False
