M,N,K,reference,reference_us,opus,opus_us,speedup,opus_faster,opus_9010_us,opus_9011_us,best_9010_9011,best_9010_9011_us,target_speedup,target_faster,gpu,gpu_uuid
1024,768,7168,ck_17_split0,23.314285714285713,opus_9012,20.298340000000007,1.148580904363889,True,38.50090000000001,29.436819999999997,opus_9011,29.436819999999997,0.7920110159414541,False,4,GPU-23a6cd0d658d72b6
1088,768,7168,ck_17_split0,23.58691836734693,opus_9012,20.420740000000006,1.1550471906183088,True,,29.440857142857155,opus_9011,29.440857142857155,0.8011627600682649,False,5,GPU-2d57f9bd7c2ee0fe
1152,768,7168,ck_12_split0,22.49758,opus_9012,20.522359999999985,1.0962472152325569,True,38.6665,29.586420000000007,opus_9011,29.586420000000007,0.7604022385945982,False,6,GPU-56f0ab624008ec65
1216,768,7168,ck_12_split0,23.632779999999993,opus_9012,20.866360000000007,1.132577986769134,True,,30.061640000000008,opus_9011,30.061640000000008,0.7861440693189057,False,7,GPU-5ff36708541c8ec0
1280,768,7168,ck_17_split0,23.955179999999995,opus_9012,20.46316,1.1706491079579104,True,38.409699999999994,29.660039999999995,opus_9011,29.660039999999995,0.8076583848167433,False,4,GPU-23a6cd0d658d72b6
1344,768,7168,ck_17_split0,24.004779999999997,opus_9012,20.547959999999993,1.1682317855397812,True,,29.614420000000006,opus_9011,29.614420000000006,0.8105774146513757,False,5,GPU-2d57f9bd7c2ee0fe
1408,768,7168,ck_17_split0,30.663240000000002,opus_9012,25.1448,1.219466450319748,True,38.79681250000001,30.080039999999993,opus_9011,30.080039999999993,1.019388272090064,True,6,GPU-56f0ab624008ec65
1472,768,7168,ck_17_split0,30.67926086956522,opus_9011,29.90964,1.0257315323609786,True,,29.90964,opus_9011,29.90964,1.0257315323609786,True,7,GPU-5ff36708541c8ec0
1536,768,7168,ck_11_split0,30.606440000000003,opus_9011,29.92881999999999,1.0226410530050971,True,38.651300000000006,29.92881999999999,opus_9011,29.92881999999999,1.0226410530050971,True,4,GPU-23a6cd0d658d72b6
1600,768,7168,ck_17_split0,31.063565217391304,opus_9011,29.99044,1.0357822431878727,True,,29.99044,opus_9011,29.99044,1.0357822431878727,True,5,GPU-2d57f9bd7c2ee0fe
1664,768,7168,ck_17_split0,31.185536585365853,opus_9011,30.221285714285703,1.0319063483994775,True,39.02429166666666,30.221285714285703,opus_9011,30.221285714285703,1.0319063483994775,True,6,GPU-56f0ab624008ec65
1728,768,7168,ck_17_split0,31.259653061224494,opus_9011,30.45124,1.0265477879135463,True,,30.45124,opus_9011,30.45124,1.0265477879135463,True,7,GPU-5ff36708541c8ec0
1792,768,7168,ck_11_split0,31.119224999999993,opus_9011,29.893772727272733,1.0409935635728325,True,38.484883720930206,29.893772727272733,opus_9011,29.893772727272733,1.0409935635728325,True,4,GPU-23a6cd0d658d72b6
1856,768,7168,ck_15_split0,31.73314285714285,opus_9011,30.403326530612244,1.0437391719354017,True,,30.403326530612244,opus_9011,30.403326530612244,1.0437391719354017,True,5,GPU-2d57f9bd7c2ee0fe
1920,768,7168,ck_15_split0,32.723249999999986,opus_9011,30.40591666666667,1.0762132370070512,True,38.98347916666667,30.40591666666667,opus_9011,30.40591666666667,1.0762132370070512,True,6,GPU-56f0ab624008ec65
1984,768,7168,ck_17_split0,34.08111363636364,opus_9011,30.393395833333333,1.1213328653123347,True,,30.393395833333333,opus_9011,30.393395833333333,1.1213328653123347,True,7,GPU-5ff36708541c8ec0
2048,768,7168,ck_17_split0,34.01929545454545,opus_9011,30.56495918367346,1.1130162239090164,True,38.961065217391315,30.56495918367346,opus_9011,30.56495918367346,1.1130162239090164,True,4,GPU-23a6cd0d658d72b6
4096,768,7168,ck_14_split0,47.68806521739127,opus_9010,42.177586956521736,1.1306494434247731,True,42.177586956521736,45.5236956521739,opus_9010,42.177586956521736,1.1306494434247731,True,5,GPU-2d57f9bd7c2ee0fe
6144,768,7168,ck_14_split0,66.63472000000003,opus_9011,65.42430000000002,1.018501076817024,True,79.85323404255318,65.42430000000002,opus_9011,65.42430000000002,1.018501076817024,True,6,GPU-56f0ab624008ec65
8192,768,7168,ck_14_split0,77.99960000000003,opus_9011,75.73479999999998,1.029904350443918,True,84.33403999999997,75.73479999999998,opus_9011,75.73479999999998,1.029904350443918,True,7,GPU-5ff36708541c8ec0
10240,768,7168,cktile_27_split0,86.64295918367354,opus_9010,88.03168,0.9842247607187952,False,88.03168,92.44130000000001,opus_9010,88.03168,0.9842247607187952,False,4,GPU-23a6cd0d658d72b6
12288,768,7168,cktile_28_split0,91.76131999999998,opus_9000,99.24385714285714,0.9246045311188744,False,123.84556,116.69429999999998,opus_9011,116.69429999999998,0.7863393499082646,False,5,GPU-2d57f9bd7c2ee0fe
14336,768,7168,cktile_29_split0,95.02693999999994,opus_9000,102.11571428571432,0.9305809655712698,False,128.26799999999992,133.11203999999998,opus_9010,128.26799999999992,0.7408468207191193,False,6,GPU-56f0ab624008ec65
16384,768,7168,ck_0_split0,137.11925999999997,opus_9000,104.97901999999998,1.3061586972330281,True,135.77286,143.14011999999997,opus_9010,135.77286,1.0099165621170532,True,7,GPU-5ff36708541c8ec0
32768,768,7168,cktile_28_split0,223.22954,opus_9000,200.63898,1.1125930763802725,True,255.7954000000001,264.6746599999999,opus_9010,255.7954000000001,0.8726878591249096,False,4,GPU-23a6cd0d658d72b6
1024,2048,7168,ck_15_split0,36.58869387755102,opus_9011,30.122953488372094,1.214644968053176,True,38.17044186046513,30.122953488372094,opus_9011,30.122953488372094,1.214644968053176,True,5,GPU-2d57f9bd7c2ee0fe
1088,2048,7168,ck_14_split0,42.40016326530615,opus_9011,38.546904761904756,1.0999628511602182,True,,38.546904761904756,opus_9011,38.546904761904756,1.0999628511602182,True,6,GPU-56f0ab624008ec65
1152,2048,7168,ck_14_split0,42.08444680851064,opus_9011,37.68514634146341,1.1167383145387142,True,38.54836363636365,37.68514634146341,opus_9011,37.68514634146341,1.1167383145387142,True,7,GPU-5ff36708541c8ec0
1216,2048,7168,ck_14_split0,42.706888888888905,opus_9011,39.49565909090909,1.0813058921383834,True,,39.49565909090909,opus_9011,39.49565909090909,1.0813058921383834,True,4,GPU-23a6cd0d658d72b6
1280,2048,7168,ck_14_split0,43.45853999999999,opus_9010,38.391860465116295,1.1319727534300505,True,38.391860465116295,39.4401,opus_9010,38.391860465116295,1.1319727534300505,True,5,GPU-2d57f9bd7c2ee0fe
1344,2048,7168,ck_14_split0,44.26493999999997,opus_9011,40.601,1.0902426048619485,True,,40.601,opus_9011,40.601,1.0902426048619485,True,6,GPU-56f0ab624008ec65
1408,2048,7168,ck_14_split0,43.80935416666668,opus_9010,38.99838636363637,1.1233632529861863,True,38.99838636363637,39.12104347826089,opus_9010,38.99838636363637,1.1233632529861863,True,7,GPU-5ff36708541c8ec0
1472,2048,7168,ck_14_split0,45.39693999999998,opus_9011,41.66511111111111,1.089567237176854,True,,41.66511111111111,opus_9011,41.66511111111111,1.089567237176854,True,4,GPU-23a6cd0d658d72b6
1536,2048,7168,ck_14_split0,45.782560000000004,opus_9010,39.520204545454554,1.1584595911527416,True,39.520204545454554,44.67082978723404,opus_9010,39.520204545454554,1.1584595911527416,True,5,GPU-2d57f9bd7c2ee0fe
1600,2048,7168,ck_14_split0,46.17536000000002,opus_9011,44.91479545454548,1.0280656859882675,True,,44.91479545454548,opus_9011,44.91479545454548,1.0280656859882675,True,6,GPU-56f0ab624008ec65
1664,2048,7168,ck_14_split0,46.53777999999999,opus_9010,40.023978723404255,1.1627474700006961,True,40.023978723404255,45.28508163265308,opus_9010,40.023978723404255,1.1627474700006961,True,7,GPU-5ff36708541c8ec0
1728,2048,7168,ck_14_split0,47.022687499999996,opus_9011,45.27239130434781,1.0386614478542928,True,,45.27239130434781,opus_9011,45.27239130434781,1.0386614478542928,True,4,GPU-23a6cd0d658d72b6
1792,2048,7168,ck_14_split0,48.75698000000002,opus_9010,41.18789795918369,1.1837695637761638,True,41.18789795918369,45.91446938775511,opus_9010,41.18789795918369,1.1837695637761638,True,5,GPU-2d57f9bd7c2ee0fe
1856,2048,7168,ck_14_split0,50.22020000000002,opus_9011,46.814580000000014,1.0727469946328687,True,,46.814580000000014,opus_9011,46.814580000000014,1.0727469946328687,True,6,GPU-56f0ab624008ec65
1920,2048,7168,ck_14_split0,51.39779999999998,opus_9010,41.77933999999998,1.2302204869679607,True,41.77933999999998,46.50387755102041,opus_9010,41.77933999999998,1.2302204869679607,True,7,GPU-5ff36708541c8ec0
1984,2048,7168,ck_14_split0,52.205819999999974,opus_9011,46.72120454545455,1.1173902836603775,True,,46.72120454545455,opus_9011,46.72120454545455,1.1173902836603775,True,4,GPU-23a6cd0d658d72b6
2048,2048,7168,ck_14_split0,53.016219999999976,opus_9010,42.58218367346937,1.2450329087521992,True,42.58218367346937,47.65698000000005,opus_9010,42.58218367346937,1.2450329087521992,True,5,GPU-2d57f9bd7c2ee0fe
4096,2048,7168,cktile_11_split0,84.32902127659574,opus_9010,86.03407999999997,0.9801815893956879,False,86.03407999999997,94.98053999999995,opus_9010,86.03407999999997,0.9801815893956879,False,6,GPU-56f0ab624008ec65
6144,2048,7168,cktile_28_split0,98.33818000000001,opus_9000,97.50477083333335,1.0085473680881853,True,127.86801999999996,138.39448000000002,opus_9010,127.86801999999996,0.76906000421372,False,7,GPU-5ff36708541c8ec0
8192,2048,7168,cktile_29_split0,164.28028571428567,opus_9000,105.55182000000002,1.5563946288589399,True,164.32749999999993,176.534,opus_9010,164.32749999999993,0.9997126817744184,False,4,GPU-23a6cd0d658d72b6
10240,2048,7168,cktile_28_split0,175.31877999999998,opus_9000,187.03557142857144,0.9373552777202806,False,205.27022,219.77033999999995,opus_9010,205.27022,0.8540877483348533,False,5,GPU-2d57f9bd7c2ee0fe
12288,2048,7168,cktile_11_split0,186.87885999999992,opus_9000,189.29683673469384,0.9872265338586571,False,242.9001,258.01142000000004,opus_9010,242.9001,0.7693651011259358,False,6,GPU-56f0ab624008ec65
14336,2048,7168,cktile_28_split0,252.91219999999993,opus_9000,195.7163958333334,1.2922381843541246,True,282.0446170212766,299.3141599999999,opus_9010,282.0446170212766,0.8967098988488086,False,7,GPU-5ff36708541c8ec0
16384,2048,7168,cktile_27_split0,257.8426875,opus_9000,201.08140000000012,1.2822801487357849,True,315.5399000000001,334.1469591836736,opus_9010,315.5399000000001,0.8171476491562555,False,4,GPU-23a6cd0d658d72b6
32768,2048,7168,cktile_11_split0,512.1190399999999,opus_9000,395.94933999999995,1.2933953621440561,True,623.4031200000001,654.3733124999999,opus_9010,623.4031200000001,0.8214893759274093,False,5,GPU-2d57f9bd7c2ee0fe
1024,6144,7168,cktile_28_split0,77.75961702127661,opus_9011,74.14440000000002,1.048759137861748,True,77.48280000000001,74.14440000000002,opus_9011,74.14440000000002,1.048759137861748,True,6,GPU-56f0ab624008ec65
1088,6144,7168,cktile_11_split0,77.79091304347823,opus_9011,83.52446,0.9313548754877101,False,,83.52446,opus_9011,83.52446,0.9313548754877101,False,7,GPU-5ff36708541c8ec0
1152,6144,7168,cktile_29_split0,78.50004255319143,opus_9010,78.80442000000001,0.9961375586952029,False,78.80442000000001,84.42046000000006,opus_9010,78.80442000000001,0.9961375586952029,False,4,GPU-23a6cd0d658d72b6
1216,6144,7168,cktile_29_split0,80.5963673469388,opus_9011,88.90690000000002,0.9065254479341737,False,,88.90690000000002,opus_9011,88.90690000000002,0.9065254479341737,False,5,GPU-2d57f9bd7c2ee0fe
1280,6144,7168,cktile_27_split0,80.22214583333336,opus_9010,82.90606000000001,0.9676270447942328,False,82.90606000000001,89.3061,opus_9010,82.90606000000001,0.9676270447942328,False,6,GPU-56f0ab624008ec65
1344,6144,7168,cktile_27_split0,81.31146938775514,opus_9020,90.46525531914898,0.8988143470208475,False,,92.96853999999996,opus_9011,92.96853999999996,0.874612738758242,False,7,GPU-5ff36708541c8ec0
1408,6144,7168,cktile_27_split0,81.81410638297868,opus_9020,90.59015217391307,0.9031236223768968,False,103.42141999999998,104.15822000000009,opus_9010,103.42141999999998,0.791075063395752,False,4,GPU-23a6cd0d658d72b6
1472,6144,7168,cktile_11_split0,83.74528000000001,opus_9020,91.6295106382979,0.9139553340034694,False,,110.61668,opus_9011,110.61668,0.7570764192163425,False,5,GPU-2d57f9bd7c2ee0fe
1536,6144,7168,cktile_29_split0,83.48366000000001,opus_9000,90.55121276595747,0.9219496619639479,False,112.35588000000001,110.91588000000002,opus_9011,110.91588000000002,0.7526754509814104,False,6,GPU-56f0ab624008ec65
1600,6144,7168,cktile_29_split0,85.33488000000001,opus_9020,93.95391666666667,0.9082631467377181,False,,113.06548000000004,opus_9011,113.06548000000004,0.7547385815723772,False,7,GPU-5ff36708541c8ec0
1664,6144,7168,cktile_27_split0,85.73488000000002,opus_9020,93.87123404255318,0.9133243093526944,False,115.88073469387751,115.13112000000002,opus_9011,115.13112000000002,0.7446716404739222,False,4,GPU-23a6cd0d658d72b6
1728,6144,7168,cktile_28_split0,87.32528000000006,opus_9020,95.36239130434777,0.9157203254404834,False,,124.29999999999998,opus_9011,124.29999999999998,0.7025364440868872,False,5,GPU-2d57f9bd7c2ee0fe
1792,6144,7168,cktile_28_split0,89.20612,opus_9000,93.13975,0.957766367206268,False,119.43115999999996,125.728,opus_9010,119.43115999999996,0.746925006840761,False,6,GPU-56f0ab624008ec65
1856,6144,7168,cktile_11_split0,89.95171999999998,opus_9020,97.22589795918368,0.9251827125089915,False,,129.91524000000004,opus_9011,129.91524000000004,0.6923877445017225,False,7,GPU-5ff36708541c8ec0
1920,6144,7168,cktile_27_split0,89.88531999999998,opus_9020,96.13365306122444,0.9350036864068288,False,120.17276,129.6096400000001,opus_9010,120.17276,0.7479675094422396,False,4,GPU-23a6cd0d658d72b6
1984,6144,7168,cktile_11_split0,138.0247872340426,opus_9020,97.64457999999999,1.4135427407649521,True,,132.59126000000003,opus_9011,132.59126000000003,1.0409795278666374,True,5,GPU-2d57f9bd7c2ee0fe
2048,6144,7168,ck_0_split0,138.74892,opus_9000,95.59495999999996,1.4514250542078793,True,123.56237999999998,136.35848000000001,opus_9010,123.56237999999998,1.1229058553258688,True,6,GPU-56f0ab624008ec65
4096,6144,7168,cktile_27_split0,233.25526,opus_9000,186.24620408163258,1.2524027598316212,True,235.4408750000001,255.4250222222222,opus_9010,235.4408750000001,0.9907169262771381,False,7,GPU-5ff36708541c8ec0
6144,6144,7168,cktile_11_split0,257.2296326530612,opus_9000,261.8631428571428,0.9823056037839987,False,342.5457400000001,364.5339199999999,opus_9010,342.5457400000001,0.7509351383352808,False,4,GPU-23a6cd0d658d72b6
8192,6144,7168,cktile_11_split0,399.8976363636364,opus_9000,292.25493999999986,1.3683177993967752,True,458.78389795918366,484.00285999999994,opus_9010,458.78389795918366,0.8716470611599666,False,5,GPU-2d57f9bd7c2ee0fe
10240,6144,7168,cktile_11_split0,489.4535510204082,opus_9000,380.0514042553192,1.2878614459521704,True,570.2043958333333,593.1645957446809,opus_9010,570.2043958333333,0.8583826336608462,False,6,GPU-56f0ab624008ec65
12288,6144,7168,cktile_11_split0,542.6841914893616,opus_9000,469.3942340425533,1.1561373194033828,True,685.8796799999999,721.2831224489794,opus_9010,685.8796799999999,0.7912236027889932,False,7,GPU-5ff36708541c8ec0
14336,6144,7168,cktile_29_split0,653.7784888888888,opus_9000,533.15528,1.2262440482421721,True,788.6453265306122,819.9047799999998,opus_9010,788.6453265306122,0.8289892387557457,False,4,GPU-23a6cd0d658d72b6
16384,6144,7168,cktile_28_split0,746.6924186046512,opus_9000,580.3523695652174,1.2866190572531835,True,915.8953061224491,951.0229795918364,opus_9010,915.8953061224491,0.8152595756450174,False,5,GPU-2d57f9bd7c2ee0fe
20480,6144,7168,cktile_11_split0,929.6520599999994,opus_9000,743.4657399999995,1.250430261924376,True,1144.6351224489788,1176.9561836734697,opus_9010,1144.6351224489788,0.8121820148336728,False,6,GPU-56f0ab624008ec65
24576,6144,7168,cktile_11_split0,1077.427645833334,opus_9000,889.0837399999998,1.2118404570455132,True,1376.4541836734693,1436.2601800000004,opus_9010,1376.4541836734693,0.7827559090691303,False,7,GPU-5ff36708541c8ec0
28672,6144,7168,cktile_11_split0,1254.9365348837207,opus_9000,990.841063829787,1.2665366633404909,True,1590.86942,1631.537740000001,opus_9010,1590.86942,0.7888369209357992,False,4,GPU-23a6cd0d658d72b6
32768,6144,7168,cktile_28_split0,1401.7911800000002,opus_9000,1151.6717500000002,1.2171794437086783,True,1842.714448979591,1911.4586200000003,opus_9010,1842.714448979591,0.7607207838285778,False,5,GPU-2d57f9bd7c2ee0fe
40960,6144,7168,cktile_11_split0,1808.5113199999987,opus_9000,1421.7161400000007,1.2720621712854705,True,2301.077840000001,2346.4868913043465,opus_9010,2301.077840000001,0.7859409571298979,False,6,GPU-56f0ab624008ec65
49152,6144,7168,cktile_11_split0,2159.6091020408167,opus_9000,1769.7245599999994,1.220308035980931,True,2766.8525918367336,2858.901387755102,opus_9010,2766.8525918367336,0.7805291501298205,False,7,GPU-5ff36708541c8ec0
57344,6144,7168,cktile_28_split0,2451.5599361702125,opus_9000,1970.3002999999999,1.2442569978648497,True,3193.6143749999997,3264.8232916666657,opus_9010,3193.6143749999997,0.7676443202915545,False,4,GPU-23a6cd0d658d72b6
65536,6144,7168,cktile_11_split0,2717.274960000001,opus_9000,2281.0660000000007,1.19123031074068,True,3697.828586956522,3844.020204081636,opus_9010,3697.828586956522,0.7348298862702124,False,5,GPU-2d57f9bd7c2ee0fe
1024,7168,384,cktile_11_split0,10.377857142857145,opus_9000,11.536318181818181,0.8995813897724467,False,13.630163265306123,13.350959183673472,opus_9011,13.350959183673472,0.7773117272014394,False,6,GPU-56f0ab624008ec65
1088,7168,384,cktile_28_split0,10.736658536585361,opus_9020,13.195770833333336,0.8136439069905561,False,,13.873043478260886,opus_9011,13.873043478260886,0.7739223590994829,False,7,GPU-5ff36708541c8ec0
1152,7168,384,cktile_11_split0,10.890523809523806,opus_9020,12.884680000000001,0.845230444956631,False,13.887437499999999,13.705833333333326,opus_9011,13.705833333333326,0.794590415968175,False,4,GPU-23a6cd0d658d72b6
1216,7168,384,cktile_28_split0,11.189744680851062,opus_9020,12.93527659574468,0.8650564677165198,False,,16.423000000000005,opus_9011,16.423000000000005,0.6813459587682554,False,5,GPU-2d57f9bd7c2ee0fe
1280,7168,384,cktile_11_split0,11.57869387755102,opus_9000,12.093250000000003,0.9574509645919018,False,18.721702127659572,17.52914583333334,opus_9011,17.52914583333334,0.660539537273575,False,6,GPU-56f0ab624008ec65
1344,7168,384,cktile_28_split0,11.868444444444446,opus_9020,13.36778260869566,0.8878394264673407,False,,17.84825,opus_9011,17.84825,0.6649640409812977,False,7,GPU-5ff36708541c8ec0
1408,7168,384,cktile_11_split0,12.04177777777778,opus_9020,13.085936170212765,0.9202075893651552,False,20.030680851063828,18.01583333333334,opus_9011,18.01583333333334,0.66839971013152,False,4,GPU-23a6cd0d658d72b6
1472,7168,384,cktile_28_split0,12.36909090909091,opus_9020,13.290191489361698,0.9306932047587053,False,,18.42402222222223,opus_9011,18.42402222222223,0.6713567081010066,False,5,GPU-2d57f9bd7c2ee0fe
1536,7168,384,cktile_27_split0,12.848652173913043,opus_9000,12.541499999999992,1.024490864243755,True,20.55746808510639,18.9825,opus_9011,18.9825,0.6768682825714759,False,6,GPU-56f0ab624008ec65
1600,7168,384,cktile_28_split0,12.907976744186046,opus_9020,13.92643181818181,0.9268689146443019,False,,19.201612244897948,opus_9011,19.201612244897948,0.6722340072050886,False,7,GPU-5ff36708541c8ec0
1664,7168,384,cktile_11_split0,13.20357777777778,opus_9020,15.196714285714288,0.8688442468244493,False,20.615361702127668,19.383521739130433,opus_9011,19.383521739130433,0.6811753795556713,False,4,GPU-23a6cd0d658d72b6
1728,7168,384,cktile_27_split0,13.53410416666667,opus_9020,15.046489795918367,0.8994858169736069,False,,19.54773469387755,opus_9011,19.54773469387755,0.692361768696688,False,5,GPU-2d57f9bd7c2ee0fe
1792,7168,384,ck_9_split0,18.380833333333335,opus_9000,13.670749999999998,1.3445373028790182,True,22.55068085106382,21.644413043478256,opus_9011,21.644413043478256,0.8492183778054319,False,6,GPU-56f0ab624008ec65
1856,7168,384,ck_9_split0,18.680000000000007,opus_9020,16.275139999999993,1.1477627842218263,True,,23.015739130434785,opus_9011,23.015739130434785,0.8116185143625725,False,7,GPU-5ff36708541c8ec0
1920,7168,384,ck_9_split0,19.300891304347825,opus_9020,16.649829268292688,1.1592245778221715,True,24.927220000000016,23.514187500000002,opus_9011,23.514187500000002,0.8208189759628235,False,4,GPU-23a6cd0d658d72b6
1984,7168,384,ck_9_split0,19.474847826086954,opus_9020,16.697340909090908,1.1663442659593675,True,,23.667199999999998,opus_9011,23.667199999999998,0.8228623506830954,False,5,GPU-2d57f9bd7c2ee0fe
2048,7168,384,cktile_29_split0,20.090478260869567,opus_9000,15.360775510204085,1.3079078102224437,True,26.34221276595745,23.894311111111104,opus_9011,23.894311111111104,0.8408059210180487,False,6,GPU-56f0ab624008ec65
4096,7168,384,cktile_28_split0,30.836795918367347,opus_9000,26.52097826086957,1.1627322195676906,True,44.71257446808511,41.25127659574468,opus_9011,41.25127659574468,0.7475355543675066,False,7,GPU-5ff36708541c8ec0
6144,7168,384,cktile_27_split0,41.28667346938777,opus_9000,36.75769387755103,1.1232117446465466,True,63.6676170212766,60.05422448979593,opus_9011,60.05422448979593,0.6874899113284356,False,4,GPU-23a6cd0d658d72b6
8192,7168,384,cktile_27_split0,52.393840000000026,opus_9000,47.58422000000002,1.101075944924599,True,85.48544897959184,77.26351063829787,opus_9011,77.26351063829787,0.6781188114176826,False,5,GPU-2d57f9bd7c2ee0fe
10240,7168,384,cktile_28_split0,63.70647826086954,opus_9000,58.750530612244944,1.084355793845233,True,104.0568936170212,95.0134,opus_9011,95.0134,0.6704999322292385,False,6,GPU-56f0ab624008ec65
12288,7168,384,cktile_28_split0,74.09964583333334,opus_9000,70.19560000000001,1.055616674454429,True,122.97422916666666,113.02829166666668,opus_9011,113.02829166666668,0.6555849402011812,False,7,GPU-5ff36708541c8ec0
14336,7168,384,cktile_27_split0,87.58589795918367,opus_9000,80.51637500000004,1.0878023005777846,True,143.55783999999997,130.504612244898,opus_9011,130.504612244898,0.6711325864470188,False,4,GPU-23a6cd0d658d72b6
16384,7168,384,cktile_27_split0,99.15346000000004,opus_9000,85.78293999999997,1.1558645576847806,True,164.59460416666667,148.17888372093023,opus_9011,148.17888372093023,0.6691470303335443,False,5,GPU-2d57f9bd7c2ee0fe
32768,7168,384,cktile_27_split0,186.62140000000002,opus_9000,164.03061224489798,1.13772299844479,True,320.15853999999996,288.4230599999999,opus_9011,288.4230599999999,0.6470404966926018,False,6,GPU-56f0ab624008ec65
1024,7168,768,cktile_27_split0,14.703939999999998,opus_9000,17.348930232558146,0.847541594951233,False,18.04521739130433,17.89654347826087,opus_9011,17.89654347826087,0.8216078159372527,False,7,GPU-5ff36708541c8ec0
1088,7168,768,cktile_12_split0,15.01512,opus_9011,18.271645833333338,0.821771620190208,False,,18.271645833333338,opus_9011,18.271645833333338,0.821771620190208,False,4,GPU-23a6cd0d658d72b6
1152,7168,768,cktile_27_split0,15.119920000000011,opus_9010,18.45217391304348,0.8194113100848261,False,18.45217391304348,18.62636,opus_9010,18.45217391304348,0.8194113100848261,False,5,GPU-2d57f9bd7c2ee0fe
1216,7168,768,cktile_28_split0,15.346081632653062,opus_9020,18.784469387755102,0.8169558221674658,False,,21.48504166666666,opus_9011,21.48504166666666,0.7142681811253829,False,6,GPU-56f0ab624008ec65
1280,7168,768,cktile_31_split0,15.783632653061227,opus_9000,17.16488095238096,0.9195305634130753,False,23.969619999999992,21.913234042553192,opus_9011,21.913234042553192,0.7202785596325524,False,7,GPU-5ff36708541c8ec0
1344,7168,768,cktile_32_split0,16.016285714285715,opus_9020,19.219180000000005,0.8333490666243675,False,,22.26302127659574,opus_9011,22.26302127659574,0.719412047237408,False,4,GPU-23a6cd0d658d72b6
1408,7168,768,cktile_28_split0,16.420833333333338,opus_9020,19.20636,0.8549685277862822,False,25.919209302325584,22.87185714285714,opus_9011,22.87185714285714,0.7179492784853087,False,5,GPU-2d57f9bd7c2ee0fe
1472,7168,768,cktile_12_split0,17.169361702127652,opus_9020,19.595179999999992,0.8762033164343302,False,,23.773354166666675,opus_9011,23.773354166666675,0.7222103192405775,False,6,GPU-56f0ab624008ec65
1536,7168,768,cktile_30_split0,17.024999999999995,opus_9000,18.149559999999997,0.9380392692715415,False,25.956729166666662,24.662170212765957,opus_9011,24.662170212765957,0.6903285417755851,False,7,GPU-5ff36708541c8ec0
1600,7168,768,cktile_11_split0,17.814673469387753,opus_9020,19.88238,0.8960030675094104,False,,25.306468085106378,opus_9011,25.306468085106378,0.7039573206927373,False,4,GPU-23a6cd0d658d72b6
1664,7168,768,cktile_31_split0,18.345560000000006,opus_9020,20.070360000000004,0.9140623287275367,False,26.389448979591837,25.653897959183688,opus_9011,25.653897959183688,0.7151178362519598,False,5,GPU-2d57f9bd7c2ee0fe
1728,7168,768,cktile_28_split0,18.859166666666667,opus_9020,20.29677999999999,0.9291703741513025,False,,25.92339583333332,opus_9011,25.92339583333332,0.7274959958145919,False,6,GPU-56f0ab624008ec65
1792,7168,768,ck_14_split0,25.283666666666672,opus_9000,19.714379999999988,1.282498697228454,True,28.829250000000002,28.181361702127656,opus_9011,28.181361702127656,0.8971768977635239,False,7,GPU-5ff36708541c8ec0
1856,7168,768,ck_14_split0,25.0056,opus_9020,20.557579999999998,1.2163688527540695,True,,28.961729166666675,opus_9011,28.961729166666675,0.8634014860127911,False,4,GPU-23a6cd0d658d72b6
1920,7168,768,ck_1_split0,26.849020408163273,opus_9020,20.72717999999999,1.295353270833914,True,32.00908163265307,29.361954545454534,opus_9011,29.361954545454534,0.9144152977486206,False,5,GPU-2d57f9bd7c2ee0fe
1984,7168,768,ck_14_split0,27.578395833333335,opus_9020,21.43197999999999,1.28678712061757,True,,29.86648936170213,opus_9011,29.86648936170213,0.923389270809216,False,6,GPU-56f0ab624008ec65
2048,7168,768,cktile_28_split0,27.6275625,opus_9000,20.198359999999997,1.367812163957866,True,33.52487999999998,30.168416666666673,opus_9011,30.168416666666673,0.9157776758806808,False,7,GPU-5ff36708541c8ec0
4096,7168,768,cktile_28_split0,43.259395833333336,opus_9000,35.46622448979593,1.2197350142465715,True,58.58781250000002,55.55708000000005,opus_9011,55.55708000000005,0.778647758905495,False,4,GPU-23a6cd0d658d72b6
6144,7168,768,cktile_29_split0,59.20992000000003,opus_9000,51.40664000000005,1.1517951766542216,True,83.88691999999996,82.69652000000002,opus_9011,82.69652000000002,0.7159904673134978,False,5,GPU-2d57f9bd7c2ee0fe
8192,7168,768,cktile_29_split0,76.20455102040815,opus_9000,67.30919999999999,1.1321565405681269,True,111.63753061224487,106.4966041666667,opus_9011,106.4966041666667,0.7155585064585569,False,6,GPU-56f0ab624008ec65
10240,7168,768,cktile_27_split0,90.83083673469389,opus_9000,80.82665306122452,1.1237733259336051,True,137.06980000000004,130.78572000000005,opus_9011,130.78572000000005,0.6945011789872308,False,7,GPU-5ff36708541c8ec0
12288,7168,768,cktile_27_split0,105.88481632653058,opus_9000,94.08301999999999,1.125440237000583,True,161.79960000000003,153.92034000000004,opus_9011,153.92034000000004,0.6879195844196456,False,4,GPU-23a6cd0d658d72b6
14336,7168,768,cktile_27_split0,128.18704081632654,opus_9000,109.20234,1.1738488462456622,True,187.0870400000001,179.3356666666666,opus_9011,179.3356666666666,0.7147883251500069,False,5,GPU-2d57f9bd7c2ee0fe
16384,7168,768,cktile_27_split0,145.32746,opus_9000,118.85879591836735,1.2226899900602344,True,215.27127999999993,205.7079800000001,opus_9011,205.7079800000001,0.7064745859640444,False,6,GPU-56f0ab624008ec65
20480,7168,768,cktile_27_split0,173.43090000000004,opus_9000,150.38612500000002,1.1532373747910587,True,271.22456,257.85404,opus_9011,257.85404,0.6725933012335197,False,7,GPU-5ff36708541c8ec0
24576,7168,768,cktile_27_split0,201.0978775510204,opus_9000,174.33250000000007,1.1535306242440182,True,320.50010416666674,303.3494081632652,opus_9011,303.3494081632652,0.6629249048766491,False,4,GPU-23a6cd0d658d72b6
28672,7168,768,cktile_27_split0,233.37887234042554,opus_9000,200.01034000000004,1.1668340363824465,True,371.2198200000001,352.00902173913056,opus_9011,352.00902173913056,0.6629911676337082,False,5,GPU-2d57f9bd7c2ee0fe
32768,7168,768,cktile_27_split0,269.7605199999999,opus_9000,229.82820000000004,1.1737485652326383,True,427.67792000000003,404.92652000000004,opus_9011,404.92652000000004,0.6661962274044185,False,6,GPU-56f0ab624008ec65
40960,7168,768,cktile_11_split0,331.5546800000001,opus_9000,284.52305999999993,1.1652998530242158,True,536.82126,505.08339999999987,opus_9011,505.08339999999987,0.6564355114422691,False,7,GPU-5ff36708541c8ec0
49152,7168,768,cktile_28_split0,389.5460408163266,opus_9000,336.2275199999999,1.158578693428565,True,634.2018666666665,601.4641956521738,opus_9011,601.4641956521738,0.6476628927079157,False,4,GPU-23a6cd0d658d72b6
57344,7168,768,cktile_29_split0,455.5069600000001,opus_9000,392.2407959183673,1.1612941966770831,True,742.4190425531915,701.2484166666669,opus_9011,701.2484166666669,0.6495657589720047,False,5,GPU-2d57f9bd7c2ee0fe
65536,7168,768,cktile_28_split0,521.6010816326531,opus_9000,447.5500800000001,1.1654585820488579,True,852.2668085106382,808.6228199999999,opus_9011,808.6228199999999,0.6450486787308984,False,6,GPU-56f0ab624008ec65
1024,7168,1024,cktile_27_split0,17.071139999999996,opus_9000,19.234360000000006,0.887533559733726,False,20.574379999999998,20.307276595744682,opus_9011,20.307276595744682,0.8406415266721287,False,7,GPU-5ff36708541c8ec0
2048,7168,1024,cktile_28_split0,32.732326530612234,opus_9000,22.78399999999999,1.436636522586563,True,39.24342857142858,34.14993617021277,opus_9011,34.14993617021277,0.9584886591724572,False,4,GPU-23a6cd0d658d72b6
4096,7168,1024,cktile_11_split0,51.475697674418626,opus_9000,40.99615999999998,1.2556224210857467,True,67.63798000000003,64.95875999999997,opus_9011,64.95875999999997,0.7924365809079276,False,5,GPU-2d57f9bd7c2ee0fe
8192,7168,1024,cktile_27_split0,90.03178000000001,opus_9000,77.71806122448977,1.1584408898202168,True,127.83371999999997,122.80408000000003,opus_9011,122.80408000000003,0.7331334594094918,False,6,GPU-56f0ab624008ec65
16384,7168,1024,cktile_27_split0,170.1525111111111,opus_9000,138.5418,1.2281673192575173,True,245.85985106382975,238.12025999999994,opus_9011,238.12025999999994,0.714565451554232,False,7,GPU-5ff36708541c8ec0
32768,7168,1024,cktile_11_split0,314.14972000000006,opus_9000,266.48051020408155,1.1788844135708518,True,479.2335599999999,461.20779999999996,opus_9011,461.20779999999996,0.6811457221668846,False,4,GPU-23a6cd0d658d72b6
1024,7168,3072,cktile_29_split0,37.40477272727272,opus_9010,40.72753061224489,0.9184149435278266,False,40.72753061224489,41.93376,opus_9010,40.72753061224489,0.9184149435278266,False,5,GPU-2d57f9bd7c2ee0fe
1088,7168,3072,cktile_29_split0,37.813260869565184,opus_9011,42.21935999999998,0.8956379459462483,False,,42.21935999999998,opus_9011,42.21935999999998,0.8956379459462483,False,6,GPU-56f0ab624008ec65
1152,7168,3072,cktile_29_split0,37.68597619047619,opus_9010,41.20506122448979,0.9145958062083386,False,41.20506122448979,42.93777999999998,opus_9010,41.20506122448979,0.9145958062083386,False,7,GPU-5ff36708541c8ec0
1216,7168,3072,cktile_29_split0,38.098883720930225,opus_9020,44.716523809523835,0.8520090667874284,False,,50.68346000000001,opus_9011,50.68346000000001,0.7517025025704681,False,4,GPU-23a6cd0d658d72b6
1280,7168,3072,cktile_27_split0,38.819777777777794,opus_9000,42.205883720930245,0.9197717084769095,False,54.71866000000004,52.733860000000014,opus_9011,52.733860000000014,0.736145197369921,False,5,GPU-2d57f9bd7c2ee0fe
1344,7168,3072,cktile_28_split0,39.44407142857142,opus_9020,45.071023255813934,0.8751536703459097,False,,53.08985999999997,opus_9011,53.08985999999997,0.7429680814485372,False,6,GPU-56f0ab624008ec65
1408,7168,3072,cktile_27_split0,39.94600000000002,opus_9020,45.61369047619048,0.8757458469809872,False,58.96029999999999,53.82720408163266,opus_9011,53.82720408163266,0.7421154541004797,False,7,GPU-5ff36708541c8ec0
1472,7168,3072,cktile_27_split0,40.72541304347825,opus_9020,46.06416666666666,0.8841018082054726,False,,58.4491,opus_9011,58.4491,0.6967671537025933,False,4,GPU-23a6cd0d658d72b6
1536,7168,3072,cktile_11_split0,41.504818181818194,opus_9000,43.438441860465126,0.955485887710747,False,60.27632000000001,60.506719999999994,opus_9010,60.27632000000001,0.6885758483898518,False,5,GPU-2d57f9bd7c2ee0fe
1600,7168,3072,cktile_27_split0,43.500272727272765,opus_9020,46.55195348837212,0.9344456992151444,False,,62.296339999999994,opus_9011,62.296339999999994,0.6982797500988465,False,6,GPU-56f0ab624008ec65
1664,7168,3072,cktile_11_split0,43.58982608695652,opus_9020,48.065819999999995,0.9068778206000964,False,60.60592,62.353140000000025,opus_9010,60.60592,0.7192337990571964,False,7,GPU-5ff36708541c8ec0
1728,7168,3072,cktile_11_split0,43.85706976744184,opus_9020,47.6246304347826,0.9208905007147493,False,,63.74756000000002,opus_9011,63.74756000000002,0.6879803676790426,False,4,GPU-23a6cd0d658d72b6
1792,7168,3072,cktile_28_split0,67.25181632653063,opus_9000,45.508755555555545,1.4777775288632513,True,69.25159999999998,71.06681999999999,opus_9010,69.25159999999998,0.9711229246187907,False,5,GPU-2d57f9bd7c2ee0fe
1856,7168,3072,cktile_11_split0,68.59639999999996,opus_9020,48.24028888888891,1.4219732422829587,True,,72.36924000000003,opus_9011,72.36924000000003,0.9478668008673289,False,6,GPU-56f0ab624008ec65
1920,7168,3072,cktile_11_split0,67.84962500000002,opus_9020,49.38661999999999,1.3738462968310046,True,73.54714583333335,72.66601999999997,opus_9011,72.66601999999997,0.933718745020025,False,7,GPU-5ff36708541c8ec0
1984,7168,3072,cktile_28_split0,73.00731914893618,opus_9020,48.55859574468088,1.5034890945530157,True,,72.7921458333333,opus_9011,72.7921458333333,1.0029559963254215,True,4,GPU-23a6cd0d658d72b6
2048,7168,3072,cktile_27_split0,75.47453191489359,opus_9000,47.97620000000003,1.5731661097563698,True,78.8721875,74.65086000000001,opus_9011,74.65086000000001,1.0110336560743383,True,5,GPU-2d57f9bd7c2ee0fe
4096,7168,3072,cktile_28_split0,118.07735555555553,opus_9000,92.82062000000002,1.2721026379219995,True,139.17941999999996,141.26984,opus_9010,139.17941999999996,0.8483822935571621,False,6,GPU-56f0ab624008ec65
6144,7168,3072,cktile_29_split0,159.8080638297873,opus_9000,135.20933333333335,1.1819307135832877,True,200.43274000000005,205.10720000000003,opus_9010,200.43274000000005,0.797315168319244,False,7,GPU-5ff36708541c8ec0
8192,7168,3072,cktile_27_split0,198.31511999999995,opus_9000,177.17277551020408,1.1193317902759738,True,260.7100600000001,261.82207999999997,opus_9010,260.7100600000001,0.7606730634023093,False,4,GPU-23a6cd0d658d72b6
10240,7168,3072,cktile_29_split0,241.36989999999997,opus_9000,214.88327999999993,1.1232604975128826,True,320.9026250000001,325.07784,opus_9010,320.9026250000001,0.7521593193573903,False,5,GPU-2d57f9bd7c2ee0fe
12288,7168,3072,cktile_29_split0,285.3802448979592,opus_9000,259.14625000000007,1.1012323925117926,True,379.8316938775512,386.26476,opus_9010,379.8316938775512,0.7513334181901079,False,6,GPU-56f0ab624008ec65
14336,7168,3072,cktile_11_split0,353.7533913043479,opus_9000,303.3273469387754,1.166242987566006,True,445.49246,450.3285200000001,opus_9010,445.49246,0.7940726792645332,False,7,GPU-5ff36708541c8ec0
16384,7168,3072,cktile_11_split0,380.82152,opus_9000,314.77234693877534,1.2098315614556558,True,503.4384897959184,504.7135918367346,opus_9010,503.4384897959184,0.756441010607623,False,4,GPU-23a6cd0d658d72b6
20480,7168,3072,cktile_29_split0,475.41479166666676,opus_9000,403.1961363636364,1.1791154447916075,True,620.5287608695652,630.6660799999999,opus_9010,620.5287608695652,0.7661446521841373,False,5,GPU-2d57f9bd7c2ee0fe
24576,7168,3072,cktile_11_split0,561.3223000000002,opus_9000,482.2065744680853,1.1640701925708627,True,763.8464600000002,761.3960200000002,opus_9011,761.3960200000002,0.7372277832500359,False,6,GPU-56f0ab624008ec65
28672,7168,3072,cktile_27_split0,677.8432857142855,opus_9000,566.52792,1.1964869899338508,True,875.3290199999997,891.0299599999998,opus_9010,875.3290199999997,0.7743868536590798,False,7,GPU-5ff36708541c8ec0
32768,7168,3072,cktile_28_split0,728.4566304347828,opus_9000,620.6827499999999,1.1736376279746503,True,986.3258478260877,994.2198979591839,opus_9010,986.3258478260877,0.7385557542067241,False,4,GPU-23a6cd0d658d72b6
40960,7168,3072,cktile_28_split0,922.3061363636364,opus_9000,776.8782500000001,1.1871952089836937,True,1232.3297551020414,1246.1388367346938,opus_9010,1232.3297551020414,0.7484247885317563,False,5,GPU-2d57f9bd7c2ee0fe
49152,7168,3072,cktile_11_split0,1113.7123673469393,opus_9000,934.1253913043481,1.1922514661461332,True,1498.0912400000002,1507.4257200000004,opus_9010,1498.0912400000002,0.7434209196410088,False,6,GPU-56f0ab624008ec65
57344,7168,3072,cktile_27_split0,1320.1417000000004,opus_9000,1108.7446599999996,1.1906634120790272,True,1732.002511111111,1778.1128599999997,opus_9010,1732.002511111111,0.7622054191786971,False,7,GPU-5ff36708541c8ec0
65536,7168,3072,cktile_29_split0,1446.9633124999993,opus_9000,1220.8368863636358,1.185222472110832,True,1963.753066666668,1981.1593777777775,opus_9010,1963.753066666668,0.7368356730085811,False,4,GPU-23a6cd0d658d72b6
1024,7168,7168,cktile_28_split0,80.83563265306121,opus_9010,81.51971999999999,0.9916083206991047,False,81.51971999999999,88.12296000000003,opus_9010,81.51971999999999,0.9916083206991047,False,5,GPU-2d57f9bd7c2ee0fe
1088,7168,7168,cktile_28_split0,80.27885416666665,opus_9011,88.58938,0.9061904955951452,False,,88.58938,opus_9011,88.58938,0.9061904955951452,False,6,GPU-56f0ab624008ec65
1152,7168,7168,cktile_11_split0,81.37602040816323,opus_9010,81.99652000000003,0.9924326106542473,False,81.99652000000003,91.97342000000005,opus_9010,81.99652000000003,0.9924326106542473,False,7,GPU-5ff36708541c8ec0
1216,7168,7168,cktile_29_split0,83.81331999999995,opus_9020,90.97936170212765,0.9212344253899056,False,,104.76392000000001,opus_9011,104.76392000000001,0.8000208468717087,False,4,GPU-23a6cd0d658d72b6
1280,7168,7168,cktile_27_split0,84.16051999999996,opus_9000,90.09851063829785,0.9340944639791432,False,110.59116000000009,109.61275999999998,opus_9011,109.61275999999998,0.7677985665172556,False,5,GPU-2d57f9bd7c2ee0fe
1344,7168,7168,cktile_29_split0,84.69493999999993,opus_9020,93.9786666666667,0.9012145309573794,False,,112.91599999999997,opus_9011,112.91599999999997,0.7500703177583332,False,6,GPU-56f0ab624008ec65
1408,7168,7168,cktile_28_split0,87.32456000000002,opus_9020,94.10483333333327,0.9279497864969749,False,115.20736734693868,115.39119999999996,opus_9010,115.20736734693868,0.7579772197816864,False,7,GPU-5ff36708541c8ec0
1472,7168,7168,cktile_11_split0,86.62216000000001,opus_9020,94.39144186046512,0.917690823369876,False,,122.11928,opus_9011,122.11928,0.7093241951639414,False,4,GPU-23a6cd0d658d72b6
1536,7168,7168,cktile_28_split0,88.84297999999998,opus_9000,93.3139791666667,0.9520865018661231,False,119.21126,128.95372,opus_9010,119.21126,0.7452566141822508,False,5,GPU-2d57f9bd7c2ee0fe
1600,7168,7168,cktile_29_split0,91.91740000000003,opus_9020,97.12786000000001,0.9463546298662404,False,,129.59752173913043,opus_9011,129.59752173913043,0.7092527601339669,False,6,GPU-56f0ab624008ec65
1664,7168,7168,cktile_11_split0,92.77262,opus_9020,98.08386000000002,0.945850010389069,False,120.56645999999996,130.73214000000007,opus_9010,120.56645999999996,0.7694728699839078,False,7,GPU-5ff36708541c8ec0
1728,7168,7168,cktile_27_split0,92.38941999999999,opus_9020,97.75986,0.9450649786118759,False,,134.15138000000007,opus_9011,134.15138000000007,0.6886952635149928,False,4,GPU-23a6cd0d658d72b6
1792,7168,7168,cktile_27_split0,140.18384090909083,opus_9000,98.78487499999999,1.4190820296031235,True,141.16183999999998,148.82752,opus_9010,141.16183999999998,0.9930717884457361,False,5,GPU-2d57f9bd7c2ee0fe
1856,7168,7168,cktile_11_split0,140.70716326530606,opus_9020,101.34787999999998,1.3883582297459611,True,,149.06590000000006,opus_9011,149.06590000000006,0.9439258963002672,False,6,GPU-56f0ab624008ec65
1920,7168,7168,cktile_27_split0,142.23384000000004,opus_9020,101.88149999999997,1.396071318149027,True,147.3755,153.32834000000005,opus_9010,147.3755,0.9651118401633926,False,7,GPU-5ff36708541c8ec0
1984,7168,7168,cktile_28_split0,153.67952083333327,opus_9020,101.3359,1.5165358064943744,True,,152.44914,opus_9011,152.44914,1.0080707627037664,True,4,GPU-23a6cd0d658d72b6
2048,7168,7168,cktile_27_split0,158.80938775510205,opus_9000,100.71828000000005,1.5767682664467857,True,156.27078000000006,158.12759999999994,opus_9010,156.27078000000006,1.0162449291870304,True,5,GPU-2d57f9bd7c2ee0fe
4096,7168,7168,cktile_29_split0,246.9350408163266,opus_9000,190.62922448979592,1.2953682284404648,True,272.55497999999994,293.16396000000003,opus_9010,272.55497999999994,0.9060008399638364,False,6,GPU-56f0ab624008ec65
6144,7168,7168,cktile_11_split0,336.3978775510204,opus_9000,283.09422727272727,1.1882894285475536,True,404.32336000000004,431.3350408163267,opus_9010,404.32336000000004,0.8320020825683194,False,7,GPU-5ff36708541c8ec0
8192,7168,7168,cktile_11_split0,419.36920408163274,opus_9000,374.578125,1.119577402128415,True,525.056125,562.70076,opus_9010,525.056125,0.7987130977314716,False,4,GPU-23a6cd0d658d72b6
10240,7168,7168,cktile_27_split0,511.42063265306126,opus_9000,452.2621799999999,1.1308056593479945,True,657.1427346938776,712.0940599999998,opus_9010,657.1427346938776,0.778248933835205,False,5,GPU-2d57f9bd7c2ee0fe
12288,7168,7168,cktile_29_split0,610.24114,opus_9000,548.1942391304348,1.1131841534270521,True,779.4160638297877,840.9159565217391,opus_9010,779.4160638297877,0.7829465779823434,False,6,GPU-56f0ab624008ec65
14336,7168,7168,cktile_29_split0,769.9929800000001,opus_9000,653.8243191489362,1.177675649939539,True,912.3058163265308,990.1132999999998,opus_9010,912.3058163265308,0.8440075314881097,False,7,GPU-5ff36708541c8ec0
16384,7168,7168,cktile_28_split0,822.9582599999995,opus_9000,667.7902040816326,1.2323604853290102,True,1024.8416199999997,1116.2432400000002,opus_9010,1024.8416199999997,0.8030101861007556,False,4,GPU-23a6cd0d658d72b6
20480,7168,7168,cktile_27_split0,1007.3520416666671,opus_9000,851.974170212766,1.1823739226919263,True,1311.2961600000003,1422.3707142857138,opus_9010,1311.2961600000003,0.768210929304229,False,5,GPU-2d57f9bd7c2ee0fe
24576,7168,7168,cktile_27_split0,1214.7648999999997,opus_9000,1029.3464399999998,1.1801322205962066,True,1563.6910833333332,1699.2041428571429,opus_9010,1563.6910833333332,0.7768573428266121,False,6,GPU-56f0ab624008ec65
28672,7168,7168,cktile_29_split0,1492.30112244898,opus_9000,1252.151750000001,1.1917893517690479,True,1837.958897959184,1991.0869800000003,opus_9010,1837.958897959184,0.8119338925946537,False,7,GPU-5ff36708541c8ec0
32768,7168,7168,cktile_27_split0,1566.0512083333326,opus_9000,1315.9586200000003,1.1900459365001403,True,2075.9741999999997,2255.505847826087,opus_9010,2075.9741999999997,0.7543693020526617,False,4,GPU-23a6cd0d658d72b6
40960,7168,7168,cktile_27_split0,1989.431080000001,opus_9000,1664.1394285714282,1.1954713925069473,True,2677.0298444444447,2867.73884,opus_9010,2677.0298444444447,0.7431486369599518,False,5,GPU-2d57f9bd7c2ee0fe
49152,7168,7168,cktile_28_split0,2436.284579999999,opus_9000,1979.4052599999995,1.2308164625166247,True,3194.1424800000013,3402.427428571429,opus_9010,3194.1424800000013,0.7627350987799386,False,6,GPU-56f0ab624008ec65
57344,7168,7168,cktile_28_split0,2958.0159534883715,opus_9000,2381.5001600000005,1.242080938381449,True,3749.229999999998,3992.259919999999,opus_9010,3749.229999999998,0.7889662553346615,False,7,GPU-5ff36708541c8ec0
65536,7168,7168,cktile_27_split0,3153.4833600000006,opus_9000,2613.1055,1.206795270990781,True,4211.486939999999,4536.223599999997,opus_9010,4211.486939999999,0.7487814648191694,False,4,GPU-23a6cd0d658d72b6
1024,7168,16384,cktile_11_split0,174.61734,opus_9010,163.82526000000004,1.0658755554546349,True,163.82526000000004,179.91406122448984,opus_9010,163.82526000000004,1.0658755554546349,True,5,GPU-2d57f9bd7c2ee0fe
1088,7168,16384,cktile_29_split0,173.56134000000003,opus_9011,183.03021999999993,0.9482660295114113,False,,183.03021999999993,opus_9011,183.03021999999993,0.9482660295114113,False,6,GPU-56f0ab624008ec65
1152,7168,16384,cktile_27_split0,175.22137999999995,opus_9010,171.68528571428564,1.020596373597205,True,171.68528571428564,188.77907999999988,opus_9010,171.68528571428564,1.020596373597205,True,7,GPU-5ff36708541c8ec0
1216,7168,16384,cktile_29_split0,179.23489795918363,opus_9020,195.81596000000005,0.9153232349354138,False,,214.92443478260867,opus_9011,214.92443478260867,0.833943791177005,False,4,GPU-23a6cd0d658d72b6
1280,7168,16384,cktile_28_split0,180.95489795918357,opus_9000,199.01835999999992,0.9092372078595344,False,221.16096000000005,226.28341999999992,opus_9010,221.16096000000005,0.8182045237965305,False,5,GPU-2d57f9bd7c2ee0fe
1344,7168,16384,cktile_11_split0,180.56712244897963,opus_9020,194.80951999999994,0.92689064912731,False,,228.40584,opus_9011,228.40584,0.7905538774708196,False,6,GPU-56f0ab624008ec65
1408,7168,16384,cktile_29_split0,186.17507999999998,opus_9020,196.03915999999992,0.9496831143328713,False,230.58346,235.15447916666676,opus_9010,230.58346,0.8074086493454473,False,7,GPU-5ff36708541c8ec0
1472,7168,16384,cktile_29_split0,184.60066000000003,opus_9020,200.87762000000004,0.9189707643887856,False,,250.79886000000002,opus_9011,250.79886000000002,0.7360506343609378,False,4,GPU-23a6cd0d658d72b6
1536,7168,16384,cktile_29_split0,188.87669999999994,opus_9000,195.44810204081634,0.9663777648787601,False,236.22670000000002,261.01894,opus_9010,236.22670000000002,0.7995569510135812,False,5,GPU-2d57f9bd7c2ee0fe
1600,7168,16384,cktile_11_split0,193.33592000000002,opus_9020,201.8244693877551,0.9579409304852601,False,,261.24531999999994,opus_9011,261.24531999999994,0.7400550562972766,False,6,GPU-56f0ab624008ec65
1664,7168,16384,cktile_27_split0,194.81996000000007,opus_9020,202.88722,0.9602377123605915,False,244.2052,268.371,opus_9010,244.2052,0.7977715462242412,False,7,GPU-5ff36708541c8ec0
1728,7168,16384,cktile_29_split0,193.73913999999996,opus_9020,206.04005999999993,0.9402984060478338,False,,268.4550199999999,opus_9011,268.4550199999999,0.721681941354645,False,4,GPU-23a6cd0d658d72b6
1792,7168,16384,cktile_29_split0,302.89640816326545,opus_9000,208.86808000000005,1.4501804591839278,True,293.1512399999999,298.98212765957436,opus_9010,293.1512399999999,1.0332428004168277,True,5,GPU-2d57f9bd7c2ee0fe
1856,7168,16384,cktile_29_split0,303.61532000000005,opus_9020,208.78968000000003,1.454168232836029,True,,305.27854,opus_9011,305.27854,0.9945517952228153,False,6,GPU-56f0ab624008ec65
1920,7168,16384,cktile_27_split0,309.5345999999999,opus_9020,211.80876086956536,1.4613871434270624,True,299.38297872340416,312.22137777777783,opus_9010,299.38297872340416,1.033908478430815,True,7,GPU-5ff36708541c8ec0
1984,7168,16384,cktile_27_split0,320.78799999999995,opus_9020,214.82902127659574,1.4932246960571514,True,,311.24501999999995,opus_9011,311.24501999999995,1.0306606672775038,True,4,GPU-23a6cd0d658d72b6
2048,7168,16384,ck_0_split0,331.3175111111111,opus_9000,209.08808000000005,1.58458344976486,True,306.7454285714286,323.50110000000006,opus_9010,306.7454285714286,1.080105782355484,True,5,GPU-2d57f9bd7c2ee0fe
4096,7168,16384,cktile_28_split0,544.5302799999998,opus_9000,400.52778260869565,1.3595318568249997,True,541.4702045454545,609.66686,opus_9010,541.4702045454545,1.0056514198359523,True,6,GPU-56f0ab624008ec65
6144,7168,16384,cktile_11_split0,737.9281428571427,opus_9000,605.15888,1.2193957111843798,True,826.5265116279071,946.3612,opus_9010,826.5265116279071,0.8928063800442854,False,7,GPU-5ff36708541c8ec0
8192,7168,16384,cktile_27_split0,923.0794000000001,opus_9000,808.7599600000001,1.14135150805438,True,1062.349061224489,1192.0217872340427,opus_9010,1062.349061224489,0.8689040482946693,False,4,GPU-23a6cd0d658d72b6
10240,7168,16384,cktile_28_split0,1122.7211399999997,opus_9000,991.3415600000004,1.132527057576401,True,1372.1469183673464,1505.8326590909091,opus_9010,1372.1469183673464,0.8182222508183549,False,5,GPU-2d57f9bd7c2ee0fe
12288,7168,16384,cktile_11_split0,1361.6094545454548,opus_9000,1208.9078367346938,1.1263136966861047,True,1625.0365102040817,1976.41122,opus_9010,1625.0365102040817,0.8378946848243156,False,6,GPU-56f0ab624008ec65
14336,7168,16384,cktile_27_split0,1725.2179600000006,opus_9000,1457.292306122449,1.1838516903931553,True,1932.5285799999995,2336.1444583333355,opus_9010,1932.5285799999995,0.8927257158597888,False,7,GPU-5ff36708541c8ec0
16384,7168,16384,cktile_11_split0,1849.2940681818188,opus_9000,1449.8034400000001,1.275548130980996,True,2244.0930600000006,2732.459120000001,opus_9010,2244.0930600000006,0.8240719162430004,False,4,GPU-23a6cd0d658d72b6
20480,7168,16384,cktile_27_split0,2237.8313399999997,opus_9000,1837.6757200000002,1.217750942478578,True,2877.792666666666,3764.7052199999976,opus_9010,2877.792666666666,0.7776207667497012,False,5,GPU-2d57f9bd7c2ee0fe
24576,7168,16384,cktile_11_split0,2706.870229166667,opus_9000,2282.969791666667,1.185679389647348,True,3391.980142857142,4899.559519999998,opus_9010,3391.980142857142,0.7980206590733779,False,6,GPU-56f0ab624008ec65
28672,7168,16384,cktile_11_split0,3362.8549565217368,opus_9000,2788.8362083333327,1.205827343489437,True,4040.9854583333363,5659.9948399999985,opus_9010,4040.9854583333363,0.8321868492713439,False,7,GPU-5ff36708541c8ec0
32768,7168,16384,cktile_11_split0,3533.4650399999996,opus_9000,2870.000346938775,1.231172338975114,True,4679.66366,6937.7941,opus_9010,4679.66366,0.7550681623131863,False,4,GPU-23a6cd0d658d72b6
40960,7168,16384,cktile_28_split0,4488.300180000002,opus_9000,3632.8798599999996,1.2354661736598145,True,5956.844,8766.424333333336,opus_9010,5956.844,0.7534694848480171,False,5,GPU-2d57f9bd7c2ee0fe
49152,7168,16384,cktile_11_split0,5335.797280000003,opus_9000,4378.38082,1.2186690695397306,True,7021.0627,11108.4151,opus_9010,7021.0627,0.7599700370144826,False,6,GPU-56f0ab624008ec65
57344,7168,16384,cktile_27_split0,6404.40756,opus_9000,5371.091530612246,1.1923847366030582,True,8371.344040816326,13137.04154,opus_9010,8371.344040816326,0.7650393447902636,False,7,GPU-5ff36708541c8ec0
65536,7168,16384,cktile_11_split0,7227.305512195122,opus_9000,5714.057460000002,1.2648289875956409,True,9592.139571428572,15596.484704545453,opus_9010,9592.139571428572,0.7534612542255521,False,4,GPU-23a6cd0d658d72b6
1024,16384,1536,cktile_29_split0,43.995772727272715,opus_9000,30.793697674418606,1.4287265268510294,True,51.631979166666696,51.09868,opus_9011,51.09868,0.8609962669734857,False,5,GPU-2d57f9bd7c2ee0fe
1088,16384,1536,cktile_29_split0,43.93606250000002,opus_9020,48.40230952380952,0.9077265719807747,False,,55.17072,opus_9011,55.17072,0.7963655812358442,False,6,GPU-56f0ab624008ec65
1152,16384,1536,cktile_11_split0,44.24653333333335,opus_9020,51.493391304347824,0.859266251698544,False,61.75309302325581,56.90513999999999,opus_9011,56.90513999999999,0.7775489759507377,False,7,GPU-5ff36708541c8ec0
1216,16384,1536,cktile_27_split0,44.838625,opus_9020,52.31134090909086,0.8571492189030807,False,,60.675579999999975,opus_9011,60.675579999999975,0.7389896396540423,False,4,GPU-23a6cd0d658d72b6
1280,16384,1536,cktile_11_split0,45.7618775510204,opus_9000,50.96114583333335,0.8979758363495794,False,63.84440000000001,62.77477999999997,opus_9011,62.77477999999997,0.7289850725246734,False,5,GPU-2d57f9bd7c2ee0fe
1344,16384,1536,cktile_28_split0,47.596799999999995,opus_9020,54.71948936170215,0.869832678543099,False,,67.54202000000004,opus_9011,67.54202000000004,0.7046990895445527,False,6,GPU-56f0ab624008ec65
1408,16384,1536,cktile_27_split0,49.733367346938785,opus_9020,54.67395348837211,0.9096354694290751,False,74.136375,69.88846000000001,opus_9011,69.88846000000001,0.7116105770099782,False,7,GPU-5ff36708541c8ec0
1472,16384,1536,cktile_28_split0,50.027325581395324,opus_9020,55.584816326530614,0.9000178265861661,False,,73.56770000000002,opus_9011,73.56770000000002,0.6800175291791821,False,4,GPU-23a6cd0d658d72b6
1536,16384,1536,cktile_11_split0,51.116749999999975,opus_9000,52.0154888888889,0.982721706397709,False,76.17731999999997,75.01089999999998,opus_9011,75.01089999999998,0.6814576281580409,False,5,GPU-2d57f9bd7c2ee0fe
1600,16384,1536,cktile_11_split0,66.05462500000002,opus_9020,57.30565306122449,1.1526720571429185,True,,80.26615999999999,opus_9011,80.26615999999999,0.822944874901204,False,6,GPU-56f0ab624008ec65
1664,16384,1536,cktile_29_split0,66.09732558139535,opus_9020,57.31233999999999,1.1532826190903278,True,86.85184000000001,80.16136000000002,opus_9011,80.16136000000002,0.824553445467933,False,7,GPU-5ff36708541c8ec0
1728,16384,1536,cktile_27_split0,66.52231111111116,opus_9020,57.77118749999999,1.1514790328848818,True,,85.35182,opus_9011,85.35182,0.7793894859079884,False,4,GPU-23a6cd0d658d72b6
1792,16384,1536,cktile_11_split0,67.52217021276599,opus_9000,54.88767346938775,1.230188236169726,True,89.96784000000007,87.08941999999998,opus_9011,87.08941999999998,0.7753200126119338,False,5,GPU-2d57f9bd7c2ee0fe
1856,16384,1536,cktile_29_split0,68.33795833333333,opus_9020,59.80118367346938,1.1427526034681361,True,,91.42785999999998,opus_9011,91.42785999999998,0.7474522353835401,False,6,GPU-56f0ab624008ec65
1920,16384,1536,cktile_29_split0,68.34004081632652,opus_9020,60.65876000000001,1.1266310227298828,True,98.96153999999996,94.15427999999996,opus_9011,94.15427999999996,0.7258304223273393,False,7,GPU-5ff36708541c8ec0
1984,16384,1536,cktile_27_split0,68.84046000000001,opus_9020,60.78279999999998,1.1325648045170678,True,,97.12393999999996,opus_9011,97.12393999999996,0.7087898205118124,False,4,GPU-23a6cd0d658d72b6
2048,16384,1536,cktile_28_split0,70.13565999999999,opus_9000,57.57402127659572,1.2181824101369598,True,100.13193999999997,98.35111999999994,opus_9011,98.35111999999994,0.713115010789913,False,5,GPU-2d57f9bd7c2ee0fe
4096,16384,1536,cktile_29_split0,138.14234693877552,opus_9000,112.41444,1.2288665667753673,True,193.37762000000006,185.62636000000003,opus_9011,185.62636000000003,0.7441957432057359,False,6,GPU-56f0ab624008ec65
6144,16384,1536,cktile_11_split0,191.18242,opus_9000,164.7309999999999,1.1605734196963542,True,289.6161599999999,274.25041999999996,opus_9011,274.25041999999996,0.697108941528695,False,7,GPU-5ff36708541c8ec0
8192,16384,1536,cktile_11_split0,253.82836734693873,opus_9000,215.1310625,1.179877812145044,True,382.3773673469388,358.33044000000007,opus_9011,358.33044000000007,0.7083639540836628,False,4,GPU-23a6cd0d658d72b6
10240,16384,1536,cktile_27_split0,325.5558222222222,opus_9000,269.5634523809523,1.2077149900949495,True,480.56432,447.25998,opus_9011,447.25998,0.727889453069828,False,5,GPU-2d57f9bd7c2ee0fe
12288,16384,1536,cktile_27_split0,378.69376000000005,opus_9000,327.1916999999999,1.1574063767509999,True,578.30844,537.3032599999999,opus_9011,537.3032599999999,0.704804508351578,False,6,GPU-56f0ab624008ec65
14336,16384,1536,cktile_11_split0,444.79445999999996,opus_9000,376.98480000000006,1.1798737243517508,True,679.9207200000002,630.293911111111,opus_9011,630.293911111111,0.7056937282099012,False,7,GPU-5ff36708541c8ec0
16384,16384,1536,cktile_11_split0,507.45506,opus_9000,425.7375000000001,1.1919435332804835,True,759.4527000000002,705.0089600000001,opus_9011,705.0089600000001,0.7197852634383539,False,4,GPU-23a6cd0d658d72b6
20480,16384,1536,cktile_11_split0,634.7766666666668,opus_9000,536.9123958333334,1.1822723252299654,True,959.1027142857147,887.9209799999996,opus_9011,887.9209799999996,0.7149022052240133,False,5,GPU-2d57f9bd7c2ee0fe
24576,16384,1536,cktile_29_split0,751.3954693877552,opus_9000,648.4203200000001,1.1588092572233935,True,1149.5768260869565,1064.1148749999998,opus_9011,1064.1148749999998,0.7061225127482175,False,6,GPU-56f0ab624008ec65
28672,16384,1536,cktile_11_split0,890.8625416666667,opus_9000,750.5311874999998,1.1869760464373336,True,1342.6910800000007,1245.09494,opus_9011,1245.09494,0.7154976805758015,False,7,GPU-5ff36708541c8ec0
32768,16384,1536,cktile_29_split0,999.8333999999996,opus_9000,849.4096250000003,1.177092147972775,True,1532.9713399999996,1402.5789729729736,opus_9011,1402.5789729729736,0.7128535499720953,False,4,GPU-23a6cd0d658d72b6
40960,16384,1536,cktile_29_split0,1269.1917799999999,opus_9000,1069.7043200000005,1.1864884120501629,True,1898.3721600000003,1762.2752553191494,opus_9011,1762.2752553191494,0.7202006475260576,False,5,GPU-2d57f9bd7c2ee0fe
49152,16384,1536,cktile_11_split0,1495.7165624999998,opus_9000,1291.2520400000008,1.1583459434457108,True,2284.0252,2115.991919999999,opus_9011,2115.991919999999,0.7068630784280123,False,6,GPU-56f0ab624008ec65
57344,16384,1536,cktile_29_split0,1773.0013265306127,opus_9000,1500.8693999999998,1.1813161934879963,True,2740.9953124999993,2545.207142857144,opus_9011,2545.207142857144,0.6966039410608894,False,7,GPU-5ff36708541c8ec0
1024,65536,1536,cktile_11_split0,151.43966,opus_9000,116.32969565217384,1.3018142886989499,True,199.0229591836735,240.33763265306118,opus_9010,199.0229591836735,0.7609155276414115,False,4,GPU-23a6cd0d658d72b6
1088,65536,1536,cktile_28_split0,153.79246,opus_9020,147.29400000000004,1.0441189729384766,True,,254.20839130434788,opus_9011,254.20839130434788,0.604985772542315,False,5,GPU-2d57f9bd7c2ee0fe
1152,65536,1536,cktile_28_split0,159.57652,opus_9020,150.48859183673463,1.0603894823677058,True,224.82661363636362,268.124,opus_9010,224.82661363636362,0.7097759354152812,False,6,GPU-56f0ab624008ec65
1216,65536,1536,cktile_28_split0,176.99830000000006,opus_9020,152.15486000000007,1.163277334683887,True,,281.83829787234055,opus_9011,281.83829787234055,0.6280136565406449,False,7,GPU-5ff36708541c8ec0
1280,65536,1536,cktile_28_split0,177.94471999999993,opus_9000,145.66816326530616,1.221575916186355,True,247.1271020408164,297.11287755102035,opus_9010,247.1271020408164,0.7200534402358263,False,4,GPU-23a6cd0d658d72b6
1344,65536,1536,cktile_28_split0,180.83746938775508,opus_9020,174.6300612244898,1.0355460458510952,True,,310.8643400000001,opus_9011,310.8643400000001,0.5817247143488862,False,5,GPU-2d57f9bd7c2ee0fe
1408,65536,1536,cktile_28_split0,204.52815999999999,opus_9020,180.7795102040816,1.1313680392712018,True,271.986081632653,325.0293000000001,opus_9010,271.986081632653,0.7519802438870298,False,6,GPU-56f0ab624008ec65
1472,65536,1536,cktile_28_split0,201.42134693877557,opus_9020,180.96873999999997,1.1130173472986307,True,,338.78946,opus_9011,338.78946,0.5945325068223065,False,7,GPU-5ff36708541c8ec0
1536,65536,1536,cktile_27_split0,204.37937999999997,opus_9000,177.80240425531915,1.1494747827285678,True,294.64422,353.9568,opus_9010,294.64422,0.6936480206535188,False,4,GPU-23a6cd0d658d72b6
1600,65536,1536,cktile_29_split0,225.76513999999995,opus_9020,204.11440816326527,1.106071550908924,True,,367.9363673469387,opus_9011,367.9363673469387,0.61359832850423,False,5,GPU-2d57f9bd7c2ee0fe
1664,65536,1536,cktile_27_split0,230.31287500000008,opus_9020,211.27185416666666,1.0901256862085968,True,317.27484000000004,380.95040816326537,opus_9010,317.27484000000004,0.7259096718794344,False,6,GPU-56f0ab624008ec65
1728,65536,1536,cktile_27_split0,227.852612244898,opus_9020,209.40342000000007,1.088103586106177,True,,394.7836000000001,opus_9011,394.7836000000001,0.5771582513683394,False,7,GPU-5ff36708541c8ec0
1792,65536,1536,cktile_29_split0,247.50259183673464,opus_9000,199.0784693877551,1.2432413841532077,True,340.4512653061225,410.17765306122453,opus_9010,340.4512653061225,0.7269839094714144,False,4,GPU-23a6cd0d658d72b6
1856,65536,1536,cktile_28_split0,251.33691836734698,opus_9020,233.62816326530609,1.0757988885181236,True,,424.19105999999994,opus_9011,424.19105999999994,0.5925087585941746,False,5,GPU-2d57f9bd7c2ee0fe
1920,65536,1536,cktile_11_split0,256.6056808510637,opus_9020,242.2829999999999,1.0591155006792214,True,366.9182127659576,438.28159999999997,opus_9010,366.9182127659576,0.6993538939282422,False,6,GPU-56f0ab624008ec65
1984,65536,1536,cktile_28_split0,270.22327083333334,opus_9020,238.24210204081632,1.1342381070287817,True,,452.19614,opus_9011,452.19614,0.5975797821567723,False,7,GPU-5ff36708541c8ec0
2048,65536,1536,cktile_28_split0,274.62664583333344,opus_9000,234.90366000000006,1.1691033074296644,True,390.0219166666666,467.36110000000025,opus_9010,390.0219166666666,0.7041313169794094,False,4,GPU-23a6cd0d658d72b6
4096,65536,1536,cktile_11_split0,543.36662,opus_9000,449.4907906976744,1.2088492828887925,True,774.036847826087,919.0494000000003,opus_9010,774.036847826087,0.7019906371719468,False,5,GPU-2d57f9bd7c2ee0fe
6144,65536,1536,cktile_11_split0,801.3833750000002,opus_9000,661.9049591836733,1.2107227236797644,True,1160.6117399999996,1376.4280625000004,opus_9010,1160.6117399999996,0.6904836022079188,False,6,GPU-56f0ab624008ec65
8192,65536,1536,cktile_11_split0,1063.27644,opus_9000,862.0603478260867,1.2334130002398707,True,1559.552795918368,1837.2926326530608,opus_9010,1559.552795918368,0.681782907755856,False,7,GPU-5ff36708541c8ec0
10240,65536,1536,cktile_29_split0,1317.628744680851,opus_9000,1092.439714285714,1.2061340570562977,True,1920.5566999999999,2276.047869565217,opus_9010,1920.5566999999999,0.6860660477666976,False,4,GPU-23a6cd0d658d72b6
12288,65536,1536,cktile_28_split0,1581.3205999999993,opus_9000,1315.74684,1.2018425976231106,True,2307.7286458333333,2721.7359374999996,opus_9010,2307.7286458333333,0.6852281367027777,False,5,GPU-2d57f9bd7c2ee0fe
14336,65536,1536,cktile_27_split0,1874.3647959183672,opus_9000,1521.0288,1.2323006611829883,True,2707.765428571428,3194.62481632653,opus_9010,2707.765428571428,0.6922183052271448,False,6,GPU-56f0ab624008ec65
