M,N,K,name,lib,kid,splitK,kernelName,median_us,min_us,max_us,samples
6144,768,7168,ck_0_split0,ck,0,0,a8w8_blockscale_bpreshuffle_1x128x128_256x128x128x128_16x16_16x16_8x32x1_8x32x1_1x32x1x8_8_2x1_intrawave_v3,69.71963999999998,68.86402000000002,72.34538000000002,5
6144,768,7168,ck_1_split0,ck,1,0,a8w8_blockscale_bpreshuffle_1x128x128_256x64x128x128_16x16_16x16_8x32x1_8x32x1_1x32x1x8_8_2x1_intrawave_v3,67.74197999999998,65.77858333333334,67.99246000000001,5
6144,768,7168,ck_14_split0,ck,14,0,a8w8_blockscale_bpreshuffle_1x128x128_256x64x128x128_16x16_16x16_8x32x1_8x32x1_1x32x1x8_8_2x1_intrawave_v1,67.64311111111114,66.49438,68.07549999999996,5
6144,768,7168,opus_9000,opus,9000,0,opus_gemm_gfx950_a8w8_mxscale_gemm_bpreshuffle_256x256x256x128_2x2_16x16x128_1x128x128_tiles1_nooob,91.1983260869565,90.62419565217391,91.4214042553191,5
6144,768,7168,opus_9010,opus,9010,0,opus_gemm_gfx950_a8w8_mxscale_gemm_bpreshuffle_256x128x128x128_2x2_16x16x128_1x128x128_tiles1_nooob,79.33665957446809,78.86280851063827,80.40619148936175,5
6144,768,7168,opus_9011,opus,9011,0,opus_gemm_gfx950_a8w8_mxscale_gemm_bpreshuffle_256x64x128x128_2x2_16x16x128_1x128x128_tiles1_nooob,65.50442000000001,64.84671999999995,66.26840000000001,5
6144,768,7168,opus_9012,opus,9012,0,opus_gemm_gfx950_a8w8_mxscale_gemm_bpreshuffle_256x64x64x128_2x2_16x16x128_1x128x128_tiles1_nooob,78.96940000000001,78.76068000000001,79.67382000000002,5
6144,768,7168,opus_9020,opus,9020,0,opus_gemm_gfx950_a8w8_mxscale_gemm_bpreshuffle_256x256x256x128_2x2_16x16x128_1x128x128_tiles1,92.39238297872339,92.17752173913038,92.53519148936164,5
1600,2048,7168,ck_1_split0,ck,1,0,a8w8_blockscale_bpreshuffle_1x128x128_256x64x128x128_16x16_16x16_8x32x1_8x32x1_1x32x1x8_8_2x1_intrawave_v3,47.20754166666666,46.94453061224491,47.91846,5
1600,2048,7168,ck_14_split0,ck,14,0,a8w8_blockscale_bpreshuffle_1x128x128_256x64x128x128_16x16_16x16_8x32x1_8x32x1_1x32x1x8_8_2x1_intrawave_v1,46.256820000000005,46.17362000000001,46.79206000000002,5
1600,2048,7168,opus_9011,opus,9011,0,opus_gemm_gfx950_a8w8_mxscale_gemm_bpreshuffle_256x64x128x128_2x2_16x16x128_1x128x128_tiles1_nooob,44.769302325581386,44.56909090909091,45.527999999999984,5
1600,2048,7168,opus_9012,opus,9012,0,opus_gemm_gfx950_a8w8_mxscale_gemm_bpreshuffle_256x64x64x128_2x2_16x16x128_1x128x128_tiles1_nooob,56.816244444444436,56.36568181818182,57.29497959183673,5
1600,2048,7168,opus_9020,opus,9020,0,opus_gemm_gfx950_a8w8_mxscale_gemm_bpreshuffle_256x256x256x128_2x2_16x16x128_1x128x128_tiles1,89.5219285714286,89.35526190476185,89.5905476190476,5
4096,2048,7168,cktile_11_split0,cktile,11,0,a8w8_blockscale_cktile_192x256x128_4x2x1_16x16x128_intrawave_0x1x0_1,85.59293999999998,84.72649999999993,85.86254000000004,5
4096,2048,7168,cktile_27_split0,cktile,27,0,a8w8_blockscale_cktile_192x256x128_4x2x1_16x16x128_intrawave_0x1x0_2,85.22092000000002,84.47129999999997,85.86254000000004,5
4096,2048,7168,cktile_28_split0,cktile,28,0,a8w8_blockscale_cktile_192x256x128_4x2x1_16x16x128_intrawave_0x1x0_3,85.19211999999999,84.71771999999999,85.85134000000002,5
4096,2048,7168,cktile_29_split0,cktile,29,0,a8w8_blockscale_cktile_192x256x128_4x2x1_16x16x128_intrawave_0x1x0_4,84.44173469387754,83.70457142857144,85.65052000000006,5
4096,2048,7168,opus_9000,opus,9000,0,opus_gemm_gfx950_a8w8_mxscale_gemm_bpreshuffle_256x256x256x128_2x2_16x16x128_1x128x128_tiles1_nooob,90.50922727272729,90.11841304347824,90.77582608695647,5
4096,2048,7168,opus_9010,opus,9010,0,opus_gemm_gfx950_a8w8_mxscale_gemm_bpreshuffle_256x128x128x128_2x2_16x16x128_1x128x128_tiles1_nooob,85.34331999999999,83.76489999999995,86.75136000000003,5
4096,2048,7168,opus_9011,opus,9011,0,opus_gemm_gfx950_a8w8_mxscale_gemm_bpreshuffle_256x64x128x128_2x2_16x16x128_1x128x128_tiles1_nooob,93.88750000000002,92.74108000000004,95.60516000000003,5
4096,2048,7168,opus_9012,opus,9012,0,opus_gemm_gfx950_a8w8_mxscale_gemm_bpreshuffle_256x64x64x128_2x2_16x16x128_1x128x128_tiles1_nooob,117.45684,116.90564000000003,119.52649999999998,5
4096,2048,7168,opus_9020,opus,9020,0,opus_gemm_gfx950_a8w8_mxscale_gemm_bpreshuffle_256x256x256x128_2x2_16x16x128_1x128x128_tiles1,91.89323913043472,91.43217777777774,92.30280434782605,5
12288,2048,7168,cktile_11_split0,cktile,11,0,a8w8_blockscale_cktile_192x256x128_4x2x1_16x16x128_intrawave_0x1x0_1,186.35358,185.09435999999997,187.22562,5
12288,2048,7168,cktile_27_split0,cktile,27,0,a8w8_blockscale_cktile_192x256x128_4x2x1_16x16x128_intrawave_0x1x0_2,186.38080000000002,185.54476000000003,187.13602000000003,5
12288,2048,7168,cktile_28_split0,cktile,28,0,a8w8_blockscale_cktile_192x256x128_4x2x1_16x16x128_intrawave_0x1x0_3,187.15599999999992,186.68880000000001,189.65928000000002,5
12288,2048,7168,cktile_29_split0,cktile,29,0,a8w8_blockscale_cktile_192x256x128_4x2x1_16x16x128_intrawave_0x1x0_4,187.53442000000007,185.58078000000012,189.24406000000002,5
12288,2048,7168,opus_9000,opus,9000,0,opus_gemm_gfx950_a8w8_mxscale_gemm_bpreshuffle_256x256x256x128_2x2_16x16x128_1x128x128_tiles1_nooob,189.2168723404254,189.06878723404256,189.83366,5
12288,2048,7168,opus_9010,opus,9010,0,opus_gemm_gfx950_a8w8_mxscale_gemm_bpreshuffle_256x128x128x128_2x2_16x16x128_1x128x128_tiles1_nooob,242.57006,242.06446000000008,244.4911666666666,5
12288,2048,7168,opus_9011,opus,9011,0,opus_gemm_gfx950_a8w8_mxscale_gemm_bpreshuffle_256x64x128x128_2x2_16x16x128_1x128x128_tiles1_nooob,257.11227083333335,255.34687234042562,257.57599999999996,5
12288,2048,7168,opus_9012,opus,9012,0,opus_gemm_gfx950_a8w8_mxscale_gemm_bpreshuffle_256x64x64x128_2x2_16x16x128_1x128x128_tiles1_nooob,326.4119399999999,324.42381249999994,327.25356000000005,5
12288,2048,7168,opus_9020,opus,9020,0,opus_gemm_gfx950_a8w8_mxscale_gemm_bpreshuffle_256x256x256x128_2x2_16x16x128_1x128x128_tiles1,192.351081632653,192.27249999999995,193.0686530612245,5
1536,7168,384,cktile_11_split0,cktile,11,0,a8w8_blockscale_cktile_192x256x128_4x2x1_16x16x128_intrawave_0x1x0_1,12.81495652173912,12.720152173913048,12.831434782608685,5
1536,7168,384,cktile_12_split0,cktile,12,0,a8w8_blockscale_cktile_192x256x128_4x2x1_16x16x128_intrawave_0x1x0_1_aqrm,12.78062222222222,12.752155555555557,12.787999999999997,5
1536,7168,384,cktile_27_split0,cktile,27,0,a8w8_blockscale_cktile_192x256x128_4x2x1_16x16x128_intrawave_0x1x0_2,12.776695652173908,12.677477272727277,12.813547619047618,5
1536,7168,384,cktile_28_split0,cktile,28,0,a8w8_blockscale_cktile_192x256x128_4x2x1_16x16x128_intrawave_0x1x0_3,12.723818181818183,12.683976744186056,12.775446808510642,5
1536,7168,384,cktile_29_split0,cktile,29,0,a8w8_blockscale_cktile_192x256x128_4x2x1_16x16x128_intrawave_0x1x0_4,12.724361702127652,12.62886956521739,12.738822222222224,5
1536,7168,384,cktile_30_split0,cktile,30,0,a8w8_blockscale_cktile_192x256x128_4x2x1_16x16x128_intrawave_0x1x0_2_aqrm,12.792489361702131,12.760204545454544,12.851113636363637,5
1536,7168,384,cktile_31_split0,cktile,31,0,a8w8_blockscale_cktile_192x256x128_4x2x1_16x16x128_intrawave_0x1x0_3_aqrm,12.882931818181824,12.834934782608691,12.899318181818183,5
1536,7168,384,cktile_32_split0,cktile,32,0,a8w8_blockscale_cktile_192x256x128_4x2x1_16x16x128_intrawave_0x1x0_4_aqrm,12.864829787234038,12.830738095238097,12.911113636363643,5
1536,7168,384,opus_9000,opus,9000,0,opus_gemm_gfx950_a8w8_mxscale_gemm_bpreshuffle_256x256x256x128_2x2_16x16x128_1x128x128_tiles1_nooob,13.019734693877558,12.967624999999993,13.179326086956522,5
1536,7168,384,opus_9010,opus,9010,0,opus_gemm_gfx950_a8w8_mxscale_gemm_bpreshuffle_256x128x128x128_2x2_16x16x128_1x128x128_tiles1_nooob,20.511630434782614,20.48641304347827,20.53561702127659,5
1536,7168,384,opus_9011,opus,9011,0,opus_gemm_gfx950_a8w8_mxscale_gemm_bpreshuffle_256x64x128x128_2x2_16x16x128_1x128x128_tiles1_nooob,18.985571428571433,18.965449999999997,18.987204081632655,5
1536,7168,384,opus_9012,opus,9012,0,opus_gemm_gfx950_a8w8_mxscale_gemm_bpreshuffle_256x64x64x128_2x2_16x16x128_1x128x128_tiles1_nooob,23.509714285714274,23.35417777777778,23.663539999999998,5
1536,7168,384,opus_9020,opus,9020,0,opus_gemm_gfx950_a8w8_mxscale_gemm_bpreshuffle_256x256x256x128_2x2_16x16x128_1x128x128_tiles1,14.025469387755091,13.793571428571425,14.401739999999995,5
