M,N,K,gpu,gpu_uuid,opus,opus_us,reference,reference_us,reference_over_opus,opus_slower_pct,opus_wins,exact_tie,selected,selected_us,selected_backend,opus_faster_rounds,round_status_consistent,previous_ledger_opus_wins,status_vs_previous_ledger,ck_best,ck_us,cktile_best,cktile_us,asm_best,asm_us,opus_9000_us,opus_9010_us,opus_9011_us,opus_9012_us,opus_9020_us
10240,768,7168,4,GPU-23a6cd0d658d72b6,opus_9010,88.03168,cktile_27_split0,86.64295918367354,0.9842247607187952,1.602808617584861,False,False,cktile_27_split0,86.64295918367354,cktile,0,True,False,still_loses,ck_0_split0,88.47088000000005,cktile_27_split0,86.64295918367354,,,95.45558333333334,88.03168,92.44130000000001,124.82158000000001,95.65886956521737
12288,768,7168,5,GPU-2d57f9bd7c2ee0fe,opus_9000,99.24385714285714,cktile_28_split0,91.76131999999998,0.9246045311188744,8.154347760970705,False,False,cktile_28_split0,91.76131999999998,cktile,0,True,False,still_loses,ck_14_split0,120.33753999999998,cktile_28_split0,91.76131999999998,,,99.24385714285714,123.84556,116.69429999999998,143.87290000000002,100.06671428571434
14336,768,7168,6,GPU-56f0ab624008ec65,opus_9000,102.11571428571432,cktile_29_split0,95.02693999999994,0.9305809655712698,7.459752240485051,False,False,cktile_29_split0,95.02693999999994,cktile,0,True,False,still_loses,ck_0_split0,129.15279999999993,cktile_29_split0,95.02693999999994,,,102.11571428571432,128.26799999999992,133.11203999999998,167.97789999999998,102.33500000000005
4096,2048,7168,6,GPU-56f0ab624008ec65,opus_9010,86.03407999999997,cktile_11_split0,84.32902127659574,0.9801815893956879,2.021912145537308,False,False,cktile_11_split0,84.32902127659574,cktile,0,True,False,still_loses,ck_0_split0,91.77892000000006,cktile_11_split0,84.32902127659574,,,90.64928260869566,86.03407999999997,94.98053999999995,117.49434000000005,91.8249347826087
10240,2048,7168,5,GPU-2d57f9bd7c2ee0fe,opus_9000,187.03557142857144,cktile_28_split0,175.31877999999998,0.9373552777202806,6.68313538833174,False,False,cktile_28_split0,175.31877999999998,cktile,0,True,False,still_loses,ck_0_split0,213.01028000000002,cktile_28_split0,175.31877999999998,,,187.03557142857144,205.27022,219.77033999999995,277.6324000000001,190.2209183673469
12288,2048,7168,6,GPU-56f0ab624008ec65,opus_9000,189.29683673469384,cktile_11_split0,186.87885999999992,0.9872265338586571,1.2938738681806727,False,False,cktile_11_split0,186.87885999999992,cktile,0,True,False,still_loses,ck_0_split0,244.87471111111108,cktile_11_split0,186.87885999999992,,,189.29683673469384,242.9001,258.01142000000004,325.81381632653074,192.31133333333332
1088,6144,7168,7,GPU-5ff36708541c8ec0,opus_9011,83.52446,cktile_11_split0,77.79091304347823,0.9313548754877101,7.370458492134202,False,False,cktile_11_split0,77.79091304347823,cktile,0,True,False,still_loses,ck_13_split0,86.51008000000003,cktile_11_split0,77.79091304347823,,,,,83.52446,97.96858,88.54778723404253
1152,6144,7168,4,GPU-23a6cd0d658d72b6,opus_9010,78.80442000000001,cktile_29_split0,78.50004255319143,0.9961375586952029,0.38774176027016605,False,False,cktile_29_split0,78.50004255319143,cktile,1,False,False,still_loses,ck_0_split0,84.57008,cktile_29_split0,78.50004255319143,,,,78.80442000000001,84.42046000000006,99.21818000000002,88.7954468085106
1216,6144,7168,5,GPU-2d57f9bd7c2ee0fe,opus_9011,88.90690000000002,cktile_29_split0,80.5963673469388,0.9065254479341737,10.311299288821928,False,False,cktile_29_split0,80.5963673469388,cktile,0,True,False,still_loses,ck_13_split0,93.36534000000003,cktile_29_split0,80.5963673469388,,,,,88.90690000000002,109.03265999999994,88.93882608695651
1280,6144,7168,6,GPU-56f0ab624008ec65,opus_9010,82.90606000000001,cktile_27_split0,80.22214583333336,0.9676270447942328,3.3456025624677865,False,False,cktile_27_split0,80.22214583333336,cktile,0,True,False,still_loses,ck_0_split0,88.39009999999999,cktile_27_split0,80.22214583333336,,,87.83706666666662,82.90606000000001,89.3061,112.8047,89.95710869565214
1344,6144,7168,7,GPU-5ff36708541c8ec0,opus_9020,90.46525531914898,cktile_27_split0,81.31146938775514,0.8988143470208475,11.25768111229377,False,False,cktile_27_split0,81.31146938775514,cktile,0,True,False,still_loses,ck_13_split0,94.66216000000003,cktile_27_split0,81.31146938775514,,,,,92.96853999999996,115.46552000000001,90.46525531914898
1408,6144,7168,4,GPU-23a6cd0d658d72b6,opus_9020,90.59015217391307,cktile_27_split0,81.81410638297868,0.9031236223768968,10.726812500833272,False,False,cktile_27_split0,81.81410638297868,cktile,0,True,False,still_loses,ck_14_split0,110.25588000000002,cktile_27_split0,81.81410638297868,,,,103.42141999999998,104.15822000000009,123.86158000000003,90.59015217391307
1472,6144,7168,5,GPU-2d57f9bd7c2ee0fe,opus_9020,91.6295106382979,cktile_11_split0,83.74528000000001,0.9139553340034694,9.41453731875741,False,False,cktile_11_split0,83.74528000000001,cktile,0,True,False,still_loses,ck_1_split0,117.24551999999998,cktile_11_split0,83.74528000000001,,,,,110.61668,129.18642000000003,91.6295106382979
1536,6144,7168,6,GPU-56f0ab624008ec65,opus_9000,90.55121276595747,cktile_29_split0,83.48366000000001,0.9219496619639479,8.465791708170745,False,False,cktile_29_split0,83.48366000000001,cktile,0,True,False,still_loses,ck_14_split0,117.08551999999997,cktile_29_split0,83.48366000000001,,,90.55121276595747,112.35588000000001,110.91588000000002,131.63204000000007,91.87121276595751
1600,6144,7168,7,GPU-5ff36708541c8ec0,opus_9020,93.95391666666667,cktile_29_split0,85.33488000000001,0.9082631467377181,10.100250526709198,False,False,cktile_29_split0,85.33488000000001,cktile,0,True,False,still_loses,ck_14_split0,119.04473999999995,cktile_29_split0,85.33488000000001,,,,,113.06548000000004,137.20329999999996,93.95391666666667
1664,6144,7168,4,GPU-23a6cd0d658d72b6,opus_9020,93.87123404255318,cktile_27_split0,85.73488000000002,0.9133243093526944,9.490132887050361,False,False,cktile_27_split0,85.73488000000002,cktile,0,True,False,still_loses,ck_14_split0,121.65998000000005,cktile_27_split0,85.73488000000002,,,,115.88073469387751,115.13112000000002,138.3561,93.87123404255318
1728,6144,7168,5,GPU-2d57f9bd7c2ee0fe,opus_9020,95.36239130434777,cktile_28_split0,87.32528000000006,0.9157203254404834,9.203647906250856,False,False,cktile_28_split0,87.32528000000006,cktile,0,True,False,still_loses,ck_13_split0,131.56360000000004,cktile_28_split0,87.32528000000006,,,,,124.29999999999998,147.9249600000001,95.36239130434777
1792,6144,7168,6,GPU-56f0ab624008ec65,opus_9000,93.13975,cktile_28_split0,89.20612,0.957766367206268,4.409596561312168,False,False,cktile_28_split0,89.20612,cktile,0,True,False,still_loses,ck_0_split0,129.41921999999994,cktile_28_split0,89.20612,,,93.13975,119.43115999999996,125.728,152.34422,95.30506122448976
1856,6144,7168,7,GPU-5ff36708541c8ec0,opus_9020,97.22589795918368,cktile_11_split0,89.95171999999998,0.9251827125089915,8.086758051078636,False,False,cktile_11_split0,89.95171999999998,cktile,0,True,False,still_loses,ck_13_split0,137.0512799999999,cktile_11_split0,89.95171999999998,,,,,129.91524000000004,155.40264,97.22589795918368
1920,6144,7168,4,GPU-23a6cd0d658d72b6,opus_9020,96.13365306122444,cktile_27_split0,89.88531999999998,0.9350036864068288,6.951449982293512,False,False,cktile_27_split0,89.88531999999998,cktile,0,True,False,still_loses,ck_0_split0,135.83049999999997,cktile_27_split0,89.88531999999998,,,,120.17276,129.6096400000001,161.53627999999995,96.13365306122444
6144,6144,7168,4,GPU-23a6cd0d658d72b6,opus_9000,261.8631428571428,cktile_11_split0,257.2296326530612,0.9823056037839987,1.8013127633436765,False,False,cktile_11_split0,257.2296326530612,cktile,0,True,True,new_loss,ck_0_split0,352.42822000000007,cktile_11_split0,257.2296326530612,,,261.8631428571428,342.5457400000001,364.5339199999999,467.75234000000006,268.0591020408164
1024,7168,384,6,GPU-56f0ab624008ec65,opus_9000,11.536318181818181,cktile_11_split0,10.377857142857145,0.8995813897724467,11.16281543496076,False,False,cktile_11_split0,10.377857142857145,cktile,0,True,False,still_loses,ck_14_split0,13.261604166666666,cktile_11_split0,10.377857142857145,,,11.536318181818181,13.630163265306123,13.350959183673472,16.868466666666677,12.780022727272733
1088,7168,384,7,GPU-5ff36708541c8ec0,opus_9020,13.195770833333336,cktile_28_split0,10.736658536585361,0.8136439069905561,22.903888471152413,False,False,cktile_28_split0,10.736658536585361,cktile,0,True,False,still_loses,ck_14_split0,13.008888888888881,cktile_28_split0,10.736658536585361,,,,,13.873043478260886,17.125522727272735,13.195770833333336
1152,7168,384,4,GPU-23a6cd0d658d72b6,opus_9020,12.884680000000001,cktile_11_split0,10.890523809523806,0.845230444956631,18.310929991561075,False,False,cktile_11_split0,10.890523809523806,cktile,0,True,False,still_loses,ck_14_split0,13.224958333333333,cktile_11_split0,10.890523809523806,,,,13.887437499999999,13.705833333333326,17.439152173913048,12.884680000000001
1216,7168,384,5,GPU-2d57f9bd7c2ee0fe,opus_9020,12.93527659574468,cktile_28_split0,11.189744680851062,0.8650564677165198,15.599390018976367,False,False,cktile_28_split0,11.189744680851062,cktile,0,True,False,still_loses,ck_9_split0,14.180869565217387,cktile_28_split0,11.189744680851062,,,,,16.423000000000005,18.950000000000003,12.93527659574468
1280,7168,384,6,GPU-56f0ab624008ec65,opus_9000,12.093250000000003,cktile_11_split0,11.57869387755102,0.9574509645919018,4.443991074387199,False,False,cktile_11_split0,11.57869387755102,cktile,0,True,False,still_loses,ck_9_split0,14.473999999999993,cktile_11_split0,11.57869387755102,,,12.093250000000003,18.721702127659572,17.52914583333334,20.457938775510204,13.09051020408163
1344,7168,384,7,GPU-5ff36708541c8ec0,opus_9020,13.36778260869566,cktile_28_split0,11.868444444444446,0.8878394264673407,12.632979589444382,False,False,cktile_28_split0,11.868444444444446,cktile,0,True,False,still_loses,ck_14_split0,14.839113636363635,cktile_28_split0,11.868444444444446,,,,,17.84825,20.727680851063834,13.36778260869566
1408,7168,384,4,GPU-23a6cd0d658d72b6,opus_9020,13.085936170212765,cktile_11_split0,12.04177777777778,0.9202075893651552,8.67113155303283,False,False,cktile_11_split0,12.04177777777778,cktile,0,True,False,still_loses,ck_14_split0,14.942458333333326,cktile_11_split0,12.04177777777778,,,,20.030680851063828,18.01583333333334,20.97569565217391,13.085936170212765
1472,7168,384,5,GPU-2d57f9bd7c2ee0fe,opus_9020,13.290191489361698,cktile_28_split0,12.36909090909091,0.9306932047587053,7.446792872981534,False,False,cktile_28_split0,12.36909090909091,cktile,0,True,False,still_loses,ck_9_split0,15.991645833333317,cktile_28_split0,12.36909090909091,,,,,18.42402222222223,21.937142857142852,13.290191489361698
1600,7168,384,7,GPU-5ff36708541c8ec0,opus_9020,13.92643181818181,cktile_28_split0,12.907976744186046,0.9268689146443019,7.890121699006714,False,False,cktile_28_split0,12.907976744186046,cktile,0,True,False,still_loses,ck_14_split0,16.722531914893615,cktile_28_split0,12.907976744186046,,,,,19.201612244897948,24.191531914893627,13.92643181818181
1664,7168,384,4,GPU-23a6cd0d658d72b6,opus_9020,15.196714285714288,cktile_11_split0,13.20357777777778,0.8688442468244493,15.095427477929867,False,False,cktile_11_split0,13.20357777777778,cktile,0,True,False,still_loses,ck_14_split0,16.94978723404255,cktile_11_split0,13.20357777777778,,,,20.615361702127668,19.383521739130433,24.555765957446805,15.196714285714288
1728,7168,384,5,GPU-2d57f9bd7c2ee0fe,opus_9020,15.046489795918367,cktile_27_split0,13.53410416666667,0.8994858169736069,11.174626784509112,False,False,cktile_27_split0,13.53410416666667,cktile,0,True,False,still_loses,ck_14_split0,17.166829787234047,cktile_27_split0,13.53410416666667,,,,,19.54773469387755,24.825833333333332,15.046489795918367
1024,7168,768,7,GPU-5ff36708541c8ec0,opus_9000,17.348930232558146,cktile_27_split0,14.703939999999998,0.847541594951233,17.988309477311184,False,False,cktile_27_split0,14.703939999999998,cktile,0,True,False,still_loses,ck_13_split0,17.293617021276592,cktile_27_split0,14.703939999999998,,,17.348930232558146,18.04521739130433,17.89654347826087,21.33875510204081,18.181297872340423
1088,7168,768,4,GPU-23a6cd0d658d72b6,opus_9011,18.271645833333338,cktile_12_split0,15.01512,0.821771620190208,21.688310405333677,False,False,cktile_12_split0,15.01512,cktile,0,True,False,still_loses,ck_13_split0,17.218755102040816,cktile_12_split0,15.01512,,,,,18.271645833333338,21.76542222222222,18.314360000000008
1152,7168,768,5,GPU-2d57f9bd7c2ee0fe,opus_9010,18.45217391304348,cktile_27_split0,15.119920000000011,0.8194113100848261,22.0388329636894,False,False,cktile_27_split0,15.119920000000011,cktile,0,True,False,still_loses,ck_14_split0,17.55916666666667,cktile_27_split0,15.119920000000011,,,,18.45217391304348,18.62636,22.038375000000002,18.706918367346937
1216,7168,768,6,GPU-56f0ab624008ec65,opus_9020,18.784469387755102,cktile_28_split0,15.346081632653062,0.8169558221674658,22.405639676684075,False,False,cktile_28_split0,15.346081632653062,cktile,0,True,False,still_loses,ck_14_split0,19.093333333333337,cktile_28_split0,15.346081632653062,,,,,21.48504166666666,24.844918367346935,18.784469387755102
1280,7168,768,7,GPU-5ff36708541c8ec0,opus_9000,17.16488095238096,cktile_31_split0,15.783632653061227,0.9195305634130753,8.751143223368407,False,False,cktile_31_split0,15.783632653061227,cktile,0,True,False,still_loses,ck_14_split0,19.34727659574468,cktile_31_split0,15.783632653061227,,,17.16488095238096,23.969619999999992,21.913234042553192,26.117553191489364,19.19151063829787
1344,7168,768,4,GPU-23a6cd0d658d72b6,opus_9020,19.219180000000005,cktile_32_split0,16.016285714285715,0.8333490666243675,19.99773444886457,False,False,cktile_32_split0,16.016285714285715,cktile,0,True,False,still_loses,ck_14_split0,19.473086956521737,cktile_32_split0,16.016285714285715,,,,,22.26302127659574,26.384659090909086,19.219180000000005
1408,7168,768,5,GPU-2d57f9bd7c2ee0fe,opus_9020,19.20636,cktile_28_split0,16.420833333333338,0.8549685277862822,16.963369703121,False,False,cktile_28_split0,16.420833333333338,cktile,0,True,False,still_loses,ck_14_split0,19.693065217391304,cktile_28_split0,16.420833333333338,,,,25.919209302325584,22.87185714285714,26.90697959183673,19.20636
1472,7168,768,6,GPU-56f0ab624008ec65,opus_9020,19.595179999999992,cktile_12_split0,17.169361702127652,0.8762033164343302,14.128762268266094,False,False,cktile_12_split0,17.169361702127652,cktile,0,True,False,still_loses,ck_14_split0,22.11038000000001,cktile_12_split0,17.169361702127652,,,,,23.773354166666675,28.777583333333336,19.595179999999992
1536,7168,768,7,GPU-5ff36708541c8ec0,opus_9000,18.149559999999997,cktile_30_split0,17.024999999999995,0.9380392692715415,6.605345080763603,False,False,cktile_30_split0,17.024999999999995,cktile,0,True,False,still_loses,ck_14_split0,22.696543478260867,cktile_30_split0,17.024999999999995,,,18.149559999999997,25.956729166666662,24.662170212765957,29.906439999999996,19.549560000000003
1600,7168,768,4,GPU-23a6cd0d658d72b6,opus_9020,19.88238,cktile_11_split0,17.814673469387753,0.8960030675094104,11.606760764744518,False,False,cktile_11_split0,17.814673469387753,cktile,0,True,False,still_loses,ck_1_split0,22.724187500000014,cktile_11_split0,17.814673469387753,,,,,25.306468085106378,31.12008163265305,19.88238
1664,7168,768,5,GPU-2d57f9bd7c2ee0fe,opus_9020,20.070360000000004,cktile_31_split0,18.345560000000006,0.9140623287275367,9.401729900858836,False,False,cktile_31_split0,18.345560000000006,cktile,0,True,False,still_loses,ck_14_split0,22.9232,cktile_31_split0,18.345560000000006,,,,26.389448979591837,25.653897959183688,31.346749999999997,20.070360000000004
1728,7168,768,6,GPU-56f0ab624008ec65,opus_9020,20.29677999999999,cktile_28_split0,18.859166666666667,0.9291703741513025,7.622888957624441,False,False,cktile_28_split0,18.859166666666667,cktile,0,True,False,still_loses,ck_14_split0,23.38239999999999,cktile_28_split0,18.859166666666667,,,,,25.92339583333332,31.65929166666666,20.29677999999999
1024,7168,1024,7,GPU-5ff36708541c8ec0,opus_9000,19.234360000000006,cktile_27_split0,17.071139999999996,0.887533559733726,12.671795791025154,False,False,cktile_27_split0,17.071139999999996,cktile,0,True,False,still_loses,ck_0_split0,19.706404255319153,cktile_27_split0,17.071139999999996,,,19.234360000000006,20.574379999999998,20.307276595744682,23.88573469387754,21.031999999999996
1024,7168,3072,5,GPU-2d57f9bd7c2ee0fe,opus_9010,40.72753061224489,cktile_29_split0,37.40477272727272,0.9184149435278266,8.883245753688174,False,False,cktile_29_split0,37.40477272727272,cktile,0,True,False,still_loses,ck_0_split0,39.76097959183674,cktile_29_split0,37.40477272727272,,,41.163166666666676,40.72753061224489,41.93376,47.845938775510206,43.44329268292685
1088,7168,3072,6,GPU-56f0ab624008ec65,opus_9011,42.21935999999998,cktile_29_split0,37.813260869565184,0.8956379459462483,11.652259099349838,False,False,cktile_29_split0,37.813260869565184,cktile,0,True,False,still_loses,ck_13_split0,42.03456000000001,cktile_29_split0,37.813260869565184,,,,,42.21935999999998,52.40695833333334,43.8776
1152,7168,3072,7,GPU-5ff36708541c8ec0,opus_9010,41.20506122448979,cktile_29_split0,37.68597619047619,0.9145958062083386,9.33791661977148,False,False,cktile_29_split0,37.68597619047619,cktile,0,True,False,still_loses,ck_0_split0,42.07082978723404,cktile_29_split0,37.68597619047619,,,,41.20506122448979,42.93777999999998,53.85945999999997,43.6689047619048
1216,7168,3072,4,GPU-23a6cd0d658d72b6,opus_9020,44.716523809523835,cktile_29_split0,38.098883720930225,0.8520090667874284,17.36964299811783,False,False,cktile_29_split0,38.098883720930225,cktile,0,True,False,still_loses,ck_14_split0,49.97711627906977,cktile_29_split0,38.098883720930225,,,,,50.68346000000001,57.98510000000001,44.716523809523835
1280,7168,3072,5,GPU-2d57f9bd7c2ee0fe,opus_9000,42.205883720930245,cktile_27_split0,38.819777777777794,0.9197717084769095,8.7226309293579,False,False,cktile_27_split0,38.819777777777794,cktile,0,True,False,still_loses,ck_14_split0,51.92426000000001,cktile_27_split0,38.819777777777794,,,42.205883720930245,54.71866000000004,52.733860000000014,59.68032000000003,45.04486363636364
1344,7168,3072,6,GPU-56f0ab624008ec65,opus_9020,45.071023255813934,cktile_28_split0,39.44407142857142,0.8751536703459097,14.265646581216295,False,False,cktile_28_split0,39.44407142857142,cktile,0,True,False,still_loses,ck_14_split0,54.74188,cktile_28_split0,39.44407142857142,,,,,53.08985999999997,63.649940000000015,45.071023255813934
1408,7168,3072,7,GPU-5ff36708541c8ec0,opus_9020,45.61369047619048,cktile_27_split0,39.94600000000002,0.8757458469809872,14.18838050415674,False,False,cktile_27_split0,39.94600000000002,cktile,0,True,False,still_loses,ck_14_split0,55.17948000000005,cktile_27_split0,39.94600000000002,,,,58.96029999999999,53.82720408163266,65.68837999999998,45.61369047619048
1472,7168,3072,4,GPU-23a6cd0d658d72b6,opus_9020,46.06416666666666,cktile_27_split0,40.72541304347825,0.8841018082054726,13.109145430861036,False,False,cktile_27_split0,40.72541304347825,cktile,0,True,False,still_loses,ck_14_split0,60.30272000000001,cktile_27_split0,40.72541304347825,,,,,58.4491,68.60118000000001,46.06416666666666
1536,7168,3072,5,GPU-2d57f9bd7c2ee0fe,opus_9000,43.438441860465126,cktile_11_split0,41.504818181818194,0.955485887710747,4.658793275943052,False,False,cktile_11_split0,41.504818181818194,cktile,0,True,False,still_loses,ck_0_split0,61.19874000000004,cktile_11_split0,41.504818181818194,,,43.438441860465126,60.27632000000001,60.506719999999994,72.37962,46.1202608695652
1600,7168,3072,6,GPU-56f0ab624008ec65,opus_9020,46.55195348837212,cktile_27_split0,43.500272727272765,0.9344456992151444,7.015314088332336,False,False,cktile_27_split0,43.500272727272765,cktile,0,True,False,still_loses,ck_13_split0,62.59073999999999,cktile_27_split0,43.500272727272765,,,,,62.296339999999994,74.65883999999998,46.55195348837212
1664,7168,3072,7,GPU-5ff36708541c8ec0,opus_9020,48.065819999999995,cktile_11_split0,43.58982608695652,0.9068778206000964,10.26843719017001,False,False,cktile_11_split0,43.58982608695652,cktile,0,True,False,still_loses,ck_0_split0,63.50196000000001,cktile_11_split0,43.58982608695652,,,,60.60592,62.353140000000025,77.13168,48.065819999999995
1728,7168,3072,4,GPU-23a6cd0d658d72b6,opus_9020,47.6246304347826,cktile_11_split0,43.85706976744184,0.9208905007147493,8.590543525408268,False,False,cktile_11_split0,43.85706976744184,cktile,0,True,False,still_loses,ck_13_split0,63.79316000000001,cktile_11_split0,43.85706976744184,,,,,63.74756000000002,77.92768000000001,47.6246304347826
1024,7168,7168,5,GPU-2d57f9bd7c2ee0fe,opus_9010,81.51971999999999,cktile_28_split0,80.83563265306121,0.9916083206991047,0.8462695527785558,False,False,cktile_28_split0,80.83563265306121,cktile,0,True,False,still_loses,ck_0_split0,87.89978000000006,cktile_28_split0,80.83563265306121,,,88.12827659574471,81.51971999999999,88.12296000000003,105.39992000000002,90.00489361702128
1088,7168,7168,6,GPU-56f0ab624008ec65,opus_9011,88.58938,cktile_28_split0,80.27885416666665,0.9061904955951452,10.352073306975583,False,False,cktile_28_split0,80.27885416666665,cktile,0,True,False,still_loses,ck_13_split0,95.19904000000004,cktile_28_split0,80.27885416666665,,,,,88.58938,109.91195999999995,90.44489361702128
1152,7168,7168,7,GPU-5ff36708541c8ec0,opus_9010,81.99652000000003,cktile_11_split0,81.37602040816323,0.9924326106542473,0.7625091381030069,False,False,cktile_11_split0,81.37602040816323,cktile,0,True,False,still_loses,ck_0_split0,92.26059999999994,cktile_11_split0,81.37602040816323,,,,81.99652000000003,91.97342000000005,117.07762000000007,91.25062499999997
1216,7168,7168,4,GPU-23a6cd0d658d72b6,opus_9020,90.97936170212765,cktile_29_split0,83.81331999999995,0.9212344253899056,8.550003391021498,False,False,cktile_29_split0,83.81331999999995,cktile,0,True,False,still_loses,ck_14_split0,111.14398000000007,cktile_29_split0,83.81331999999995,,,,,104.76392000000001,125.54810000000005,90.97936170212765
1280,7168,7168,5,GPU-2d57f9bd7c2ee0fe,opus_9000,90.09851063829785,cktile_27_split0,84.16051999999996,0.9340944639791432,7.055553647123247,False,False,cktile_27_split0,84.16051999999996,cktile,0,True,False,still_loses,ck_1_split0,117.79284000000001,cktile_27_split0,84.16051999999996,,,90.09851063829785,110.59116000000009,109.61275999999998,128.87694,92.8639791666667
1344,7168,7168,6,GPU-56f0ab624008ec65,opus_9020,93.9786666666667,cktile_29_split0,84.69493999999993,0.9012145309573794,10.961371088599602,False,False,cktile_29_split0,84.69493999999993,cktile,0,True,False,still_loses,ck_14_split0,117.55682000000003,cktile_29_split0,84.69493999999993,,,,,112.91599999999997,139.35604166666673,93.9786666666667
1408,7168,7168,7,GPU-5ff36708541c8ec0,opus_9020,94.10483333333327,cktile_28_split0,87.32456000000002,0.9279497864969749,7.764451757138269,False,False,cktile_28_split0,87.32456000000002,cktile,0,True,False,still_loses,ck_14_split0,121.37125999999998,cktile_28_split0,87.32456000000002,,,,115.20736734693868,115.39119999999996,141.15062,94.10483333333327
1472,7168,7168,4,GPU-23a6cd0d658d72b6,opus_9020,94.39144186046512,cktile_11_split0,86.62216000000001,0.917690823369876,8.969162002500418,False,False,cktile_11_split0,86.62216000000001,cktile,0,True,False,still_loses,ck_13_split0,129.32254000000006,cktile_11_split0,86.62216000000001,,,,,122.11928,145.63067999999998,94.39144186046512
1536,7168,7168,5,GPU-2d57f9bd7c2ee0fe,opus_9000,93.3139791666667,cktile_28_split0,88.84297999999998,0.9520865018661231,5.0324732091007185,False,False,cktile_28_split0,88.84297999999998,cktile,0,True,False,still_loses,ck_13_split0,131.96573999999998,cktile_28_split0,88.84297999999998,,,93.3139791666667,119.21126,128.95372,153.12593999999999,95.029
1600,7168,7168,6,GPU-56f0ab624008ec65,opus_9020,97.12786000000001,cktile_29_split0,91.91740000000003,0.9463546298662404,5.668632924778105,False,False,cktile_29_split0,91.91740000000003,cktile,0,True,False,still_loses,ck_13_split0,134.77217999999996,cktile_29_split0,91.91740000000003,,,,,129.59752173913043,155.55636,97.12786000000001
1664,7168,7168,7,GPU-5ff36708541c8ec0,opus_9020,98.08386000000002,cktile_11_split0,92.77262,0.945850010389069,5.725008089671291,False,False,cktile_11_split0,92.77262,cktile,0,True,False,still_loses,ck_0_split0,135.55218,cktile_11_split0,92.77262,,,,120.56645999999996,130.73214000000007,165.01136363636363,98.08386000000002
1728,7168,7168,4,GPU-23a6cd0d658d72b6,opus_9020,97.75986,cktile_27_split0,92.38941999999999,0.9450649786118759,5.812830083790987,False,False,cktile_27_split0,92.38941999999999,cktile,0,True,False,still_loses,ck_13_split0,136.58180000000004,cktile_27_split0,92.38941999999999,,,,,134.15138000000007,168.20127999999997,97.75986
1088,7168,16384,6,GPU-56f0ab624008ec65,opus_9011,183.03021999999993,cktile_29_split0,173.56134000000003,0.9482660295114113,5.45563891129206,False,False,cktile_29_split0,173.56134000000003,cktile,0,True,False,still_loses,ck_13_split0,195.80634000000006,cktile_29_split0,173.56134000000003,,,,,183.03021999999993,234.75148,189.40557142857142
1216,7168,16384,4,GPU-23a6cd0d658d72b6,opus_9020,195.81596000000005,cktile_29_split0,179.23489795918363,0.9153232349354138,9.251023226845234,False,False,cktile_29_split0,179.23489795918363,cktile,0,True,False,still_loses,ck_14_split0,235.05048936170212,cktile_29_split0,179.23489795918363,,,,,214.92443478260867,258.2893199999999,195.81596000000005
1280,7168,16384,5,GPU-2d57f9bd7c2ee0fe,opus_9000,199.01835999999992,cktile_28_split0,180.95489795918357,0.9092372078595344,9.982300697321133,False,False,cktile_28_split0,180.95489795918357,cktile,0,True,False,still_loses,ck_14_split0,244.5708,cktile_28_split0,180.95489795918357,,,199.01835999999992,221.16096000000005,226.28341999999992,268.00059999999996,202.80719999999997
1344,7168,16384,6,GPU-56f0ab624008ec65,opus_9020,194.80951999999994,cktile_11_split0,180.56712244897963,0.92689064912731,7.88759180400882,False,False,cktile_11_split0,180.56712244897963,cktile,0,True,False,still_loses,ck_14_split0,249.3292,cktile_11_split0,180.56712244897963,,,,,228.40584,285.58735416666667,194.80951999999994
1408,7168,16384,7,GPU-5ff36708541c8ec0,opus_9020,196.03915999999992,cktile_29_split0,186.17507999999998,0.9496831143328713,5.298281596011645,False,False,cktile_29_split0,186.17507999999998,cktile,0,True,False,still_loses,ck_14_split0,258.00371999999993,cktile_29_split0,186.17507999999998,,,,230.58346,235.15447916666676,293.74079166666655,196.03915999999992
1472,7168,16384,4,GPU-23a6cd0d658d72b6,opus_9020,200.87762000000004,cktile_29_split0,184.60066000000003,0.9189707643887856,8.817389926991591,False,False,cktile_29_split0,184.60066000000003,cktile,0,True,False,still_loses,ck_13_split0,268.4440666666668,cktile_29_split0,184.60066000000003,,,,,250.79886000000002,309.99012500000003,200.87762000000004
1536,7168,16384,5,GPU-2d57f9bd7c2ee0fe,opus_9000,195.44810204081634,cktile_29_split0,188.87669999999994,0.9663777648787601,3.4792020618829023,False,False,cktile_29_split0,188.87669999999994,cktile,0,True,False,still_loses,ck_0_split0,270.0726000000001,cktile_29_split0,188.87669999999994,,,195.44810204081634,236.22670000000002,261.01894,320.5038979591837,198.96975510204103
1600,7168,16384,6,GPU-56f0ab624008ec65,opus_9020,201.8244693877551,cktile_11_split0,193.33592000000002,0.9579409304852601,4.390570250864445,False,False,cktile_11_split0,193.33592000000002,cktile,0,True,False,still_loses,ck_13_split0,279.35481249999987,cktile_11_split0,193.33592000000002,,,,,261.24531999999994,326.7066904761904,201.8244693877551
1664,7168,16384,7,GPU-5ff36708541c8ec0,opus_9020,202.88722,cktile_27_split0,194.81996000000007,0.9602377123605915,4.140879610076875,False,False,cktile_27_split0,194.81996000000007,cktile,0,True,False,still_loses,ck_0_split0,283.81594000000007,cktile_27_split0,194.81996000000007,,,,244.2052,268.371,348.0162916666668,202.88722
1728,7168,16384,4,GPU-23a6cd0d658d72b6,opus_9020,206.04005999999993,cktile_29_split0,193.73913999999996,0.9402984060478338,6.349217819383313,False,False,cktile_29_split0,193.73913999999996,cktile,0,True,False,still_loses,ck_13_split0,288.8296200000002,cktile_29_split0,193.73913999999996,,,,,268.4550199999999,349.46259574468075,206.04005999999993
1088,16384,1536,6,GPU-56f0ab624008ec65,opus_9020,48.40230952380952,cktile_29_split0,43.93606250000002,0.9077265719807747,10.165332917144077,False,False,cktile_29_split0,43.93606250000002,cktile,0,True,False,still_loses,ck_14_split0,54.07470000000003,cktile_29_split0,43.93606250000002,,,,,55.17072,69.08043999999998,48.40230952380952
1152,16384,1536,7,GPU-5ff36708541c8ec0,opus_9020,51.493391304347824,cktile_11_split0,44.24653333333335,0.859266251698544,16.378363286497333,False,False,cktile_11_split0,44.24653333333335,cktile,0,True,False,still_loses,ck_14_split0,53.79469999999999,cktile_11_split0,44.24653333333335,,,,61.75309302325581,56.90513999999999,71.88847999999996,51.493391304347824
1216,16384,1536,4,GPU-23a6cd0d658d72b6,opus_9020,52.31134090909086,cktile_27_split0,44.838625,0.8571492189030807,16.665800766840768,False,False,cktile_27_split0,44.838625,cktile,0,True,False,still_loses,ck_14_split0,57.371539999999996,cktile_27_split0,44.838625,,,,,60.675579999999975,75.89094000000001,52.31134090909086
1280,16384,1536,5,GPU-2d57f9bd7c2ee0fe,opus_9000,50.96114583333335,cktile_11_split0,45.7618775510204,0.8979758363495794,11.361571160440764,False,False,cktile_11_split0,45.7618775510204,cktile,0,True,False,still_loses,ck_13_split0,58.912360000000014,cktile_11_split0,45.7618775510204,,,50.96114583333335,63.84440000000001,62.77477999999997,79.47652000000002,54.42351111111111
1344,16384,1536,6,GPU-56f0ab624008ec65,opus_9020,54.71948936170215,cktile_28_split0,47.596799999999995,0.869832678543099,14.964639138980274,False,False,cktile_28_split0,47.596799999999995,cktile,0,True,False,still_loses,ck_13_split0,63.81400000000004,cktile_28_split0,47.596799999999995,,,,,67.54202000000004,83.82458000000001,54.71948936170215
1408,16384,1536,7,GPU-5ff36708541c8ec0,opus_9020,54.67395348837211,cktile_27_split0,49.733367346938785,0.9096354694290751,9.93414764572027,False,False,cktile_27_split0,49.733367346938785,cktile,0,True,False,still_loses,ck_13_split0,67.00041999999999,cktile_27_split0,49.733367346938785,,,,74.136375,69.88846000000001,87.37779591836738,54.67395348837211
1472,16384,1536,4,GPU-23a6cd0d658d72b6,opus_9020,55.584816326530614,cktile_28_split0,50.027325581395324,0.9000178265861661,11.108910341595536,False,False,cktile_28_split0,50.027325581395324,cktile,0,True,False,still_loses,ck_13_split0,65.59881999999999,cktile_28_split0,50.027325581395324,,,,,73.56770000000002,92.18710000000004,55.584816326530614
1536,16384,1536,5,GPU-2d57f9bd7c2ee0fe,opus_9000,52.0154888888889,cktile_11_split0,51.116749999999975,0.982721706397709,1.7582081976826203,False,False,cktile_11_split0,51.116749999999975,cktile,0,True,False,still_loses,ck_13_split0,68.87723999999997,cktile_11_split0,51.116749999999975,,,52.0154888888889,76.17731999999997,75.01089999999998,96.09429999999996,56.70402040816325
