M,N,K,parent,actual,variant,tile_M,tile_N,tile_K,wave_M,wave_N,wave_K,workgroup_waves,global_splitK,workspace_bytes,kernel_calls,producer_grid_x,producer_grid_y,producer_grid_z,reducer_grid_x,producer_lds_bytes,scale_K_group,numerical_validation,performance_validation
16,768,7168,9041,9050,110,16,16,128,1,1,1,1,4,196608,2,48,1,4,6,0,128,pending_gpu_stop,pending_gpu_stop
16,768,7168,9041,9050,111,16,16,128,1,1,2,2,4,196608,2,48,1,4,6,1024,128,pending_gpu_stop,pending_gpu_stop
16,768,7168,9041,9050,120,16,32,128,1,1,1,1,4,196608,2,24,1,4,6,0,128,pending_gpu_stop,pending_gpu_stop
16,768,7168,9041,9050,121,16,32,128,1,1,2,2,4,196608,2,24,1,4,6,2048,128,pending_gpu_stop,pending_gpu_stop
16,768,7168,9041,9050,130,32,32,128,1,1,1,1,4,196608,2,24,1,4,6,0,128,pending_gpu_stop,pending_gpu_stop
16,768,7168,9041,9050,140,32,64,128,1,1,1,1,4,196608,2,12,1,4,6,0,128,pending_gpu_stop,pending_gpu_stop
112,768,7168,9052,9070,110,16,16,128,1,1,1,1,4,1376256,2,48,7,4,42,0,128,pending_gpu_stop,pending_gpu_stop
112,768,7168,9052,9070,111,16,16,128,1,1,2,2,4,1376256,2,48,7,4,42,1024,128,pending_gpu_stop,pending_gpu_stop
112,768,7168,9052,9070,120,16,32,128,1,1,1,1,4,1376256,2,24,7,4,42,0,128,pending_gpu_stop,pending_gpu_stop
112,768,7168,9052,9070,121,16,32,128,1,1,2,2,4,1376256,2,24,7,4,42,2048,128,pending_gpu_stop,pending_gpu_stop
112,768,7168,9052,9070,130,32,32,128,1,1,1,1,4,1376256,2,24,4,4,42,0,128,pending_gpu_stop,pending_gpu_stop
112,768,7168,9052,9070,140,32,64,128,1,1,1,1,4,1376256,2,12,4,4,42,0,128,pending_gpu_stop,pending_gpu_stop
16,2048,7168,9041,9050,110,16,16,128,1,1,1,1,4,524288,2,128,1,4,16,0,128,pending_gpu_stop,pending_gpu_stop
16,2048,7168,9041,9050,111,16,16,128,1,1,2,2,4,524288,2,128,1,4,16,1024,128,pending_gpu_stop,pending_gpu_stop
16,2048,7168,9041,9050,120,16,32,128,1,1,1,1,4,524288,2,64,1,4,16,0,128,pending_gpu_stop,pending_gpu_stop
16,2048,7168,9041,9050,121,16,32,128,1,1,2,2,4,524288,2,64,1,4,16,2048,128,pending_gpu_stop,pending_gpu_stop
16,2048,7168,9041,9050,130,32,32,128,1,1,1,1,4,524288,2,64,1,4,16,0,128,pending_gpu_stop,pending_gpu_stop
16,2048,7168,9041,9050,140,32,64,128,1,1,1,1,4,524288,2,32,1,4,16,0,128,pending_gpu_stop,pending_gpu_stop
32,2048,7168,9041,9041,110,16,16,128,1,1,1,1,4,1048576,2,128,2,4,32,0,128,pending_gpu_stop,pending_gpu_stop
32,2048,7168,9041,9041,111,16,16,128,1,1,2,2,4,1048576,2,128,2,4,32,1024,128,pending_gpu_stop,pending_gpu_stop
32,2048,7168,9041,9041,120,16,32,128,1,1,1,1,4,1048576,2,64,2,4,32,0,128,pending_gpu_stop,pending_gpu_stop
32,2048,7168,9041,9041,121,16,32,128,1,1,2,2,4,1048576,2,64,2,4,32,2048,128,pending_gpu_stop,pending_gpu_stop
32,2048,7168,9041,9041,130,32,32,128,1,1,1,1,4,1048576,2,64,1,4,32,0,128,pending_gpu_stop,pending_gpu_stop
32,2048,7168,9041,9041,140,32,64,128,1,1,1,1,4,1048576,2,32,1,4,32,0,128,pending_gpu_stop,pending_gpu_stop
32,768,7168,9041,9050,110,16,16,128,1,1,1,1,4,393216,2,48,2,4,12,0,128,pending_gpu_stop,pending_gpu_stop
32,768,7168,9041,9050,111,16,16,128,1,1,2,2,4,393216,2,48,2,4,12,1024,128,pending_gpu_stop,pending_gpu_stop
32,768,7168,9041,9050,120,16,32,128,1,1,1,1,4,393216,2,24,2,4,12,0,128,pending_gpu_stop,pending_gpu_stop
32,768,7168,9041,9050,121,16,32,128,1,1,2,2,4,393216,2,24,2,4,12,2048,128,pending_gpu_stop,pending_gpu_stop
32,768,7168,9041,9050,130,32,32,128,1,1,1,1,4,393216,2,24,1,4,12,0,128,pending_gpu_stop,pending_gpu_stop
32,768,7168,9041,9050,140,32,64,128,1,1,1,1,4,393216,2,12,1,4,12,0,128,pending_gpu_stop,pending_gpu_stop
48,7168,16384,9063,9069,210,48,64,128,1,4,1,4,1,0,1,112,1,1,0,65408,128,pending_gpu_stop,pending_gpu_stop
48,7168,16384,9063,9069,211,48,64,128,1,4,1,4,2,2752512,2,112,1,2,168,62272,128,pending_gpu_stop,pending_gpu_stop
48,7168,16384,9063,9069,220,64,128,128,2,2,1,4,1,0,1,56,1,1,0,109696,128,pending_gpu_stop,pending_gpu_stop
48,7168,16384,9063,9069,221,64,128,128,2,2,1,4,2,2752512,2,56,1,2,168,105536,128,pending_gpu_stop,pending_gpu_stop
48,7168,16384,9063,9069,230,96,128,128,2,2,1,4,1,0,1,56,1,1,0,130688,128,pending_gpu_stop,pending_gpu_stop
48,7168,16384,9063,9069,231,96,128,128,2,2,1,4,2,2752512,2,56,1,2,168,124480,128,pending_gpu_stop,pending_gpu_stop
1408,768,7168,9062,9064,210,48,64,128,1,4,1,4,1,0,1,12,30,1,0,61880,128,pending_gpu_stop,pending_gpu_stop
1408,768,7168,9062,9064,211,48,64,128,1,4,1,4,2,8650752,2,12,30,2,528,60508,128,pending_gpu_stop,pending_gpu_stop
1408,768,7168,9062,9064,220,64,128,128,2,2,1,4,1,0,1,6,22,1,0,105016,128,pending_gpu_stop,pending_gpu_stop
1408,768,7168,9062,9064,221,64,128,128,2,2,1,4,2,8650752,2,6,22,2,528,103196,128,pending_gpu_stop,pending_gpu_stop
1408,768,7168,9062,9064,230,96,128,128,2,2,1,4,1,0,1,6,15,1,0,123704,128,pending_gpu_stop,pending_gpu_stop
1408,768,7168,9062,9064,231,96,128,128,2,2,1,4,2,8650752,2,6,15,2,528,120988,128,pending_gpu_stop,pending_gpu_stop
928,768,7168,9063,9065,210,48,64,128,1,4,1,4,1,0,1,12,20,1,0,61880,128,pending_gpu_stop,pending_gpu_stop
928,768,7168,9063,9065,211,48,64,128,1,4,1,4,2,5701632,2,12,20,2,348,60508,128,pending_gpu_stop,pending_gpu_stop
928,768,7168,9063,9065,220,64,128,128,2,2,1,4,1,0,1,6,15,1,0,105016,128,pending_gpu_stop,pending_gpu_stop
928,768,7168,9063,9065,221,64,128,128,2,2,1,4,2,5701632,2,6,15,2,348,103196,128,pending_gpu_stop,pending_gpu_stop
928,768,7168,9063,9065,230,96,128,128,2,2,1,4,1,0,1,6,10,1,0,123704,128,pending_gpu_stop,pending_gpu_stop
928,768,7168,9063,9065,231,96,128,128,2,2,1,4,2,5701632,2,6,10,2,348,120988,128,pending_gpu_stop,pending_gpu_stop
832,768,7168,9063,9065,210,48,64,128,1,4,1,4,1,0,1,12,18,1,0,61880,128,pending_gpu_stop,pending_gpu_stop
832,768,7168,9063,9065,211,48,64,128,1,4,1,4,2,5111808,2,12,18,2,312,60508,128,pending_gpu_stop,pending_gpu_stop
832,768,7168,9063,9065,220,64,128,128,2,2,1,4,1,0,1,6,13,1,0,105016,128,pending_gpu_stop,pending_gpu_stop
832,768,7168,9063,9065,221,64,128,128,2,2,1,4,2,5111808,2,6,13,2,312,103196,128,pending_gpu_stop,pending_gpu_stop
832,768,7168,9063,9065,230,96,128,128,2,2,1,4,1,0,1,6,9,1,0,123704,128,pending_gpu_stop,pending_gpu_stop
832,768,7168,9063,9065,231,96,128,128,2,2,1,4,2,5111808,2,6,9,2,312,120988,128,pending_gpu_stop,pending_gpu_stop
32,7168,16384,9053,9053,110,16,16,128,1,1,1,1,4,3670016,2,448,2,4,112,0,128,pending_gpu_stop,pending_gpu_stop
32,7168,16384,9053,9053,111,16,16,128,1,1,2,2,4,3670016,2,448,2,4,112,1024,128,pending_gpu_stop,pending_gpu_stop
32,7168,16384,9053,9053,120,16,32,128,1,1,1,1,4,3670016,2,224,2,4,112,0,128,pending_gpu_stop,pending_gpu_stop
32,7168,16384,9053,9053,121,16,32,128,1,1,2,2,4,3670016,2,224,2,4,112,2048,128,pending_gpu_stop,pending_gpu_stop
32,7168,16384,9053,9053,130,32,32,128,1,1,1,1,4,3670016,2,224,1,4,112,0,128,pending_gpu_stop,pending_gpu_stop
32,7168,16384,9053,9053,140,32,64,128,1,1,1,1,4,3670016,2,112,1,4,112,0,128,pending_gpu_stop,pending_gpu_stop
960,768,7168,9063,9065,210,48,64,128,1,4,1,4,1,0,1,12,20,1,0,61880,128,pending_gpu_stop,pending_gpu_stop
960,768,7168,9063,9065,211,48,64,128,1,4,1,4,2,5898240,2,12,20,2,360,60508,128,pending_gpu_stop,pending_gpu_stop
960,768,7168,9063,9065,220,64,128,128,2,2,1,4,1,0,1,6,15,1,0,105016,128,pending_gpu_stop,pending_gpu_stop
960,768,7168,9063,9065,221,64,128,128,2,2,1,4,2,5898240,2,6,15,2,360,103196,128,pending_gpu_stop,pending_gpu_stop
960,768,7168,9063,9065,230,96,128,128,2,2,1,4,1,0,1,6,10,1,0,123704,128,pending_gpu_stop,pending_gpu_stop
960,768,7168,9063,9065,231,96,128,128,2,2,1,4,2,5898240,2,6,10,2,360,120988,128,pending_gpu_stop,pending_gpu_stop
16,6144,7168,9052,9070,110,16,16,128,1,1,1,1,4,1572864,2,384,1,4,48,0,128,pending_gpu_stop,pending_gpu_stop
16,6144,7168,9052,9070,111,16,16,128,1,1,2,2,4,1572864,2,384,1,4,48,1024,128,pending_gpu_stop,pending_gpu_stop
16,6144,7168,9052,9070,120,16,32,128,1,1,1,1,4,1572864,2,192,1,4,48,0,128,pending_gpu_stop,pending_gpu_stop
16,6144,7168,9052,9070,121,16,32,128,1,1,2,2,4,1572864,2,192,1,4,48,2048,128,pending_gpu_stop,pending_gpu_stop
16,6144,7168,9052,9070,130,32,32,128,1,1,1,1,4,1572864,2,192,1,4,48,0,128,pending_gpu_stop,pending_gpu_stop
16,6144,7168,9052,9070,140,32,64,128,1,1,1,1,4,1572864,2,96,1,4,48,0,128,pending_gpu_stop,pending_gpu_stop
896,768,7168,9063,9065,210,48,64,128,1,4,1,4,1,0,1,12,19,1,0,61880,128,pending_gpu_stop,pending_gpu_stop
896,768,7168,9063,9065,211,48,64,128,1,4,1,4,2,5505024,2,12,19,2,336,60508,128,pending_gpu_stop,pending_gpu_stop
896,768,7168,9063,9065,220,64,128,128,2,2,1,4,1,0,1,6,14,1,0,105016,128,pending_gpu_stop,pending_gpu_stop
896,768,7168,9063,9065,221,64,128,128,2,2,1,4,2,5505024,2,6,14,2,336,103196,128,pending_gpu_stop,pending_gpu_stop
896,768,7168,9063,9065,230,96,128,128,2,2,1,4,1,0,1,6,10,1,0,123704,128,pending_gpu_stop,pending_gpu_stop
896,768,7168,9063,9065,231,96,128,128,2,2,1,4,2,5505024,2,6,10,2,336,120988,128,pending_gpu_stop,pending_gpu_stop
32,7168,3072,9042,9042,110,16,16,128,1,1,1,1,4,3670016,2,448,2,4,112,0,128,pending_gpu_stop,pending_gpu_stop
32,7168,3072,9042,9042,111,16,16,128,1,1,2,2,4,3670016,2,448,2,4,112,1024,128,pending_gpu_stop,pending_gpu_stop
32,7168,3072,9042,9042,120,16,32,128,1,1,1,1,4,3670016,2,224,2,4,112,0,128,pending_gpu_stop,pending_gpu_stop
32,7168,3072,9042,9042,121,16,32,128,1,1,2,2,4,3670016,2,224,2,4,112,2048,128,pending_gpu_stop,pending_gpu_stop
32,7168,3072,9042,9042,130,32,32,128,1,1,1,1,4,3670016,2,224,1,4,112,0,128,pending_gpu_stop,pending_gpu_stop
32,7168,3072,9042,9042,140,32,64,128,1,1,1,1,4,3670016,2,112,1,4,112,0,128,pending_gpu_stop,pending_gpu_stop
64,7168,1024,9054,9054,110,16,16,128,1,1,1,1,4,7340032,2,448,4,4,224,0,128,pending_gpu_stop,pending_gpu_stop
64,7168,1024,9054,9054,111,16,16,128,1,1,2,2,4,7340032,2,448,4,4,224,1024,128,pending_gpu_stop,pending_gpu_stop
64,7168,1024,9054,9054,120,16,32,128,1,1,1,1,4,7340032,2,224,4,4,224,0,128,pending_gpu_stop,pending_gpu_stop
64,7168,1024,9054,9054,121,16,32,128,1,1,2,2,4,7340032,2,224,4,4,224,2048,128,pending_gpu_stop,pending_gpu_stop
64,7168,1024,9054,9054,130,32,32,128,1,1,1,1,4,7340032,2,224,2,4,224,0,128,pending_gpu_stop,pending_gpu_stop
64,7168,1024,9054,9054,140,32,64,128,1,1,1,1,4,7340032,2,112,2,4,224,0,128,pending_gpu_stop,pending_gpu_stop
8,768,7168,9041,9050,110,16,16,128,1,1,1,1,4,98304,2,48,1,4,3,0,128,pending_gpu_stop,pending_gpu_stop
8,768,7168,9041,9050,111,16,16,128,1,1,2,2,4,98304,2,48,1,4,3,1024,128,pending_gpu_stop,pending_gpu_stop
8,768,7168,9041,9050,120,16,32,128,1,1,1,1,4,98304,2,24,1,4,3,0,128,pending_gpu_stop,pending_gpu_stop
8,768,7168,9041,9050,121,16,32,128,1,1,2,2,4,98304,2,24,1,4,3,2048,128,pending_gpu_stop,pending_gpu_stop
8,768,7168,9041,9050,130,32,32,128,1,1,1,1,4,98304,2,24,1,4,3,0,128,pending_gpu_stop,pending_gpu_stop
8,768,7168,9041,9050,140,32,64,128,1,1,1,1,4,98304,2,12,1,4,3,0,128,pending_gpu_stop,pending_gpu_stop
4,6144,7168,9041,9041,110,16,16,128,1,1,1,1,4,393216,2,384,1,4,12,0,128,pending_gpu_stop,pending_gpu_stop
4,6144,7168,9041,9041,111,16,16,128,1,1,2,2,4,393216,2,384,1,4,12,1024,128,pending_gpu_stop,pending_gpu_stop
4,6144,7168,9041,9041,120,16,32,128,1,1,1,1,4,393216,2,192,1,4,12,0,128,pending_gpu_stop,pending_gpu_stop
4,6144,7168,9041,9041,121,16,32,128,1,1,2,2,4,393216,2,192,1,4,12,2048,128,pending_gpu_stop,pending_gpu_stop
4,6144,7168,9041,9041,130,32,32,128,1,1,1,1,4,393216,2,192,1,4,12,0,128,pending_gpu_stop,pending_gpu_stop
4,6144,7168,9041,9041,140,32,64,128,1,1,1,1,4,393216,2,96,1,4,12,0,128,pending_gpu_stop,pending_gpu_stop
8,2048,7168,9041,9050,110,16,16,128,1,1,1,1,4,262144,2,128,1,4,8,0,128,pending_gpu_stop,pending_gpu_stop
8,2048,7168,9041,9050,111,16,16,128,1,1,2,2,4,262144,2,128,1,4,8,1024,128,pending_gpu_stop,pending_gpu_stop
8,2048,7168,9041,9050,120,16,32,128,1,1,1,1,4,262144,2,64,1,4,8,0,128,pending_gpu_stop,pending_gpu_stop
8,2048,7168,9041,9050,121,16,32,128,1,1,2,2,4,262144,2,64,1,4,8,2048,128,pending_gpu_stop,pending_gpu_stop
8,2048,7168,9041,9050,130,32,32,128,1,1,1,1,4,262144,2,64,1,4,8,0,128,pending_gpu_stop,pending_gpu_stop
8,2048,7168,9041,9050,140,32,64,128,1,1,1,1,4,262144,2,32,1,4,8,0,128,pending_gpu_stop,pending_gpu_stop
1536,768,7168,9062,9064,210,48,64,128,1,4,1,4,1,0,1,12,32,1,0,61880,128,pending_gpu_stop,pending_gpu_stop
1536,768,7168,9062,9064,211,48,64,128,1,4,1,4,2,9437184,2,12,32,2,576,60508,128,pending_gpu_stop,pending_gpu_stop
1536,768,7168,9062,9064,220,64,128,128,2,2,1,4,1,0,1,6,24,1,0,105016,128,pending_gpu_stop,pending_gpu_stop
1536,768,7168,9062,9064,221,64,128,128,2,2,1,4,2,9437184,2,6,24,2,576,103196,128,pending_gpu_stop,pending_gpu_stop
1536,768,7168,9062,9064,230,96,128,128,2,2,1,4,1,0,1,6,16,1,0,123704,128,pending_gpu_stop,pending_gpu_stop
1536,768,7168,9062,9064,231,96,128,128,2,2,1,4,2,9437184,2,6,16,2,576,120988,128,pending_gpu_stop,pending_gpu_stop
64,7168,16384,9063,9063,210,48,64,128,1,4,1,4,1,0,1,112,2,1,0,65408,128,pending_gpu_stop,pending_gpu_stop
64,7168,16384,9063,9063,211,48,64,128,1,4,1,4,2,3670016,2,112,2,2,224,62272,128,pending_gpu_stop,pending_gpu_stop
64,7168,16384,9063,9063,220,64,128,128,2,2,1,4,1,0,1,56,1,1,0,109696,128,pending_gpu_stop,pending_gpu_stop
64,7168,16384,9063,9063,221,64,128,128,2,2,1,4,2,3670016,2,56,1,2,224,105536,128,pending_gpu_stop,pending_gpu_stop
64,7168,16384,9063,9063,230,96,128,128,2,2,1,4,1,0,1,56,1,1,0,130688,128,pending_gpu_stop,pending_gpu_stop
64,7168,16384,9063,9063,231,96,128,128,2,2,1,4,2,3670016,2,56,1,2,224,124480,128,pending_gpu_stop,pending_gpu_stop
8,7168,16384,9053,9053,110,16,16,128,1,1,1,1,4,917504,2,448,1,4,28,0,128,pending_gpu_stop,pending_gpu_stop
8,7168,16384,9053,9053,111,16,16,128,1,1,2,2,4,917504,2,448,1,4,28,1024,128,pending_gpu_stop,pending_gpu_stop
8,7168,16384,9053,9053,120,16,32,128,1,1,1,1,4,917504,2,224,1,4,28,0,128,pending_gpu_stop,pending_gpu_stop
8,7168,16384,9053,9053,121,16,32,128,1,1,2,2,4,917504,2,224,1,4,28,2048,128,pending_gpu_stop,pending_gpu_stop
8,7168,16384,9053,9053,130,32,32,128,1,1,1,1,4,917504,2,224,1,4,28,0,128,pending_gpu_stop,pending_gpu_stop
8,7168,16384,9053,9053,140,32,64,128,1,1,1,1,4,917504,2,112,1,4,28,0,128,pending_gpu_stop,pending_gpu_stop
16,7168,16384,9053,9053,110,16,16,128,1,1,1,1,4,1835008,2,448,1,4,56,0,128,pending_gpu_stop,pending_gpu_stop
16,7168,16384,9053,9053,111,16,16,128,1,1,2,2,4,1835008,2,448,1,4,56,1024,128,pending_gpu_stop,pending_gpu_stop
16,7168,16384,9053,9053,120,16,32,128,1,1,1,1,4,1835008,2,224,1,4,56,0,128,pending_gpu_stop,pending_gpu_stop
16,7168,16384,9053,9053,121,16,32,128,1,1,2,2,4,1835008,2,224,1,4,56,2048,128,pending_gpu_stop,pending_gpu_stop
16,7168,16384,9053,9053,130,32,32,128,1,1,1,1,4,1835008,2,224,1,4,56,0,128,pending_gpu_stop,pending_gpu_stop
16,7168,16384,9053,9053,140,32,64,128,1,1,1,1,4,1835008,2,112,1,4,56,0,128,pending_gpu_stop,pending_gpu_stop
8,6144,7168,9041,9041,110,16,16,128,1,1,1,1,4,786432,2,384,1,4,24,0,128,pending_gpu_stop,pending_gpu_stop
8,6144,7168,9041,9041,111,16,16,128,1,1,2,2,4,786432,2,384,1,4,24,1024,128,pending_gpu_stop,pending_gpu_stop
8,6144,7168,9041,9041,120,16,32,128,1,1,1,1,4,786432,2,192,1,4,24,0,128,pending_gpu_stop,pending_gpu_stop
8,6144,7168,9041,9041,121,16,32,128,1,1,2,2,4,786432,2,192,1,4,24,2048,128,pending_gpu_stop,pending_gpu_stop
8,6144,7168,9041,9041,130,32,32,128,1,1,1,1,4,786432,2,192,1,4,24,0,128,pending_gpu_stop,pending_gpu_stop
8,6144,7168,9041,9041,140,32,64,128,1,1,1,1,4,786432,2,96,1,4,24,0,128,pending_gpu_stop,pending_gpu_stop
864,768,7168,9063,9065,210,48,64,128,1,4,1,4,1,0,1,12,18,1,0,61880,128,pending_gpu_stop,pending_gpu_stop
864,768,7168,9063,9065,211,48,64,128,1,4,1,4,2,5308416,2,12,18,2,324,60508,128,pending_gpu_stop,pending_gpu_stop
864,768,7168,9063,9065,220,64,128,128,2,2,1,4,1,0,1,6,14,1,0,105016,128,pending_gpu_stop,pending_gpu_stop
864,768,7168,9063,9065,221,64,128,128,2,2,1,4,2,5308416,2,6,14,2,324,103196,128,pending_gpu_stop,pending_gpu_stop
864,768,7168,9063,9065,230,96,128,128,2,2,1,4,1,0,1,6,9,1,0,123704,128,pending_gpu_stop,pending_gpu_stop
864,768,7168,9063,9065,231,96,128,128,2,2,1,4,2,5308416,2,6,9,2,324,120988,128,pending_gpu_stop,pending_gpu_stop
1,6144,7168,9041,9041,110,16,16,128,1,1,1,1,4,98304,2,384,1,4,3,0,128,pending_gpu_stop,pending_gpu_stop
1,6144,7168,9041,9041,111,16,16,128,1,1,2,2,4,98304,2,384,1,4,3,1024,128,pending_gpu_stop,pending_gpu_stop
1,6144,7168,9041,9041,120,16,32,128,1,1,1,1,4,98304,2,192,1,4,3,0,128,pending_gpu_stop,pending_gpu_stop
1,6144,7168,9041,9041,121,16,32,128,1,1,2,2,4,98304,2,192,1,4,3,2048,128,pending_gpu_stop,pending_gpu_stop
1,6144,7168,9041,9041,130,32,32,128,1,1,1,1,4,98304,2,192,1,4,3,0,128,pending_gpu_stop,pending_gpu_stop
1,6144,7168,9041,9041,140,32,64,128,1,1,1,1,4,98304,2,96,1,4,3,0,128,pending_gpu_stop,pending_gpu_stop
48,7168,768,9054,9054,110,16,16,128,1,1,1,1,4,5505024,2,448,3,4,168,0,128,pending_gpu_stop,pending_gpu_stop
48,7168,768,9054,9054,111,16,16,128,1,1,2,2,4,5505024,2,448,3,4,168,1024,128,pending_gpu_stop,pending_gpu_stop
48,7168,768,9054,9054,120,16,32,128,1,1,1,1,4,5505024,2,224,3,4,168,0,128,pending_gpu_stop,pending_gpu_stop
48,7168,768,9054,9054,121,16,32,128,1,1,2,2,4,5505024,2,224,3,4,168,2048,128,pending_gpu_stop,pending_gpu_stop
48,7168,768,9054,9054,130,32,32,128,1,1,1,1,4,5505024,2,224,2,4,168,0,128,pending_gpu_stop,pending_gpu_stop
48,7168,768,9054,9054,140,32,64,128,1,1,1,1,4,5505024,2,112,2,4,168,0,128,pending_gpu_stop,pending_gpu_stop
16,7168,3072,9052,9052,110,16,16,128,1,1,1,1,4,1835008,2,448,1,4,56,0,128,pending_gpu_stop,pending_gpu_stop
16,7168,3072,9052,9052,111,16,16,128,1,1,2,2,4,1835008,2,448,1,4,56,1024,128,pending_gpu_stop,pending_gpu_stop
16,7168,3072,9052,9052,120,16,32,128,1,1,1,1,4,1835008,2,224,1,4,56,0,128,pending_gpu_stop,pending_gpu_stop
16,7168,3072,9052,9052,121,16,32,128,1,1,2,2,4,1835008,2,224,1,4,56,2048,128,pending_gpu_stop,pending_gpu_stop
16,7168,3072,9052,9052,130,32,32,128,1,1,1,1,4,1835008,2,224,1,4,56,0,128,pending_gpu_stop,pending_gpu_stop
16,7168,3072,9052,9052,140,32,64,128,1,1,1,1,4,1835008,2,112,1,4,56,0,128,pending_gpu_stop,pending_gpu_stop
2,7168,16384,9041,9050,110,16,16,128,1,1,1,1,4,229376,2,448,1,4,7,0,128,pending_gpu_stop,pending_gpu_stop
2,7168,16384,9041,9050,111,16,16,128,1,1,2,2,4,229376,2,448,1,4,7,1024,128,pending_gpu_stop,pending_gpu_stop
2,7168,16384,9041,9050,120,16,32,128,1,1,1,1,4,229376,2,224,1,4,7,0,128,pending_gpu_stop,pending_gpu_stop
2,7168,16384,9041,9050,121,16,32,128,1,1,2,2,4,229376,2,224,1,4,7,2048,128,pending_gpu_stop,pending_gpu_stop
2,7168,16384,9041,9050,130,32,32,128,1,1,1,1,4,229376,2,224,1,4,7,0,128,pending_gpu_stop,pending_gpu_stop
2,7168,16384,9041,9050,140,32,64,128,1,1,1,1,4,229376,2,112,1,4,7,0,128,pending_gpu_stop,pending_gpu_stop
4,7168,16384,9041,9050,110,16,16,128,1,1,1,1,4,458752,2,448,1,4,14,0,128,pending_gpu_stop,pending_gpu_stop
4,7168,16384,9041,9050,111,16,16,128,1,1,2,2,4,458752,2,448,1,4,14,1024,128,pending_gpu_stop,pending_gpu_stop
4,7168,16384,9041,9050,120,16,32,128,1,1,1,1,4,458752,2,224,1,4,14,0,128,pending_gpu_stop,pending_gpu_stop
4,7168,16384,9041,9050,121,16,32,128,1,1,2,2,4,458752,2,224,1,4,14,2048,128,pending_gpu_stop,pending_gpu_stop
4,7168,16384,9041,9050,130,32,32,128,1,1,1,1,4,458752,2,224,1,4,14,0,128,pending_gpu_stop,pending_gpu_stop
4,7168,16384,9041,9050,140,32,64,128,1,1,1,1,4,458752,2,112,1,4,14,0,128,pending_gpu_stop,pending_gpu_stop
2,6144,7168,9041,9041,110,16,16,128,1,1,1,1,4,196608,2,384,1,4,6,0,128,pending_gpu_stop,pending_gpu_stop
2,6144,7168,9041,9041,111,16,16,128,1,1,2,2,4,196608,2,384,1,4,6,1024,128,pending_gpu_stop,pending_gpu_stop
2,6144,7168,9041,9041,120,16,32,128,1,1,1,1,4,196608,2,192,1,4,6,0,128,pending_gpu_stop,pending_gpu_stop
2,6144,7168,9041,9041,121,16,32,128,1,1,2,2,4,196608,2,192,1,4,6,2048,128,pending_gpu_stop,pending_gpu_stop
2,6144,7168,9041,9041,130,32,32,128,1,1,1,1,4,196608,2,192,1,4,6,0,128,pending_gpu_stop,pending_gpu_stop
2,6144,7168,9041,9041,140,32,64,128,1,1,1,1,4,196608,2,96,1,4,6,0,128,pending_gpu_stop,pending_gpu_stop
16,7168,7168,9052,9070,110,16,16,128,1,1,1,1,4,1835008,2,448,1,4,56,0,128,pending_gpu_stop,pending_gpu_stop
16,7168,7168,9052,9070,111,16,16,128,1,1,2,2,4,1835008,2,448,1,4,56,1024,128,pending_gpu_stop,pending_gpu_stop
16,7168,7168,9052,9070,120,16,32,128,1,1,1,1,4,1835008,2,224,1,4,56,0,128,pending_gpu_stop,pending_gpu_stop
16,7168,7168,9052,9070,121,16,32,128,1,1,2,2,4,1835008,2,224,1,4,56,2048,128,pending_gpu_stop,pending_gpu_stop
16,7168,7168,9052,9070,130,32,32,128,1,1,1,1,4,1835008,2,224,1,4,56,0,128,pending_gpu_stop,pending_gpu_stop
16,7168,7168,9052,9070,140,32,64,128,1,1,1,1,4,1835008,2,112,1,4,56,0,128,pending_gpu_stop,pending_gpu_stop
1,7168,16384,9041,9050,110,16,16,128,1,1,1,1,4,114688,2,448,1,4,4,0,128,pending_gpu_stop,pending_gpu_stop
1,7168,16384,9041,9050,111,16,16,128,1,1,2,2,4,114688,2,448,1,4,4,1024,128,pending_gpu_stop,pending_gpu_stop
1,7168,16384,9041,9050,120,16,32,128,1,1,1,1,4,114688,2,224,1,4,4,0,128,pending_gpu_stop,pending_gpu_stop
1,7168,16384,9041,9050,121,16,32,128,1,1,2,2,4,114688,2,224,1,4,4,2048,128,pending_gpu_stop,pending_gpu_stop
1,7168,16384,9041,9050,130,32,32,128,1,1,1,1,4,114688,2,224,1,4,4,0,128,pending_gpu_stop,pending_gpu_stop
1,7168,16384,9041,9050,140,32,64,128,1,1,1,1,4,114688,2,112,1,4,4,0,128,pending_gpu_stop,pending_gpu_stop
800,768,7168,9063,9063,210,48,64,128,1,4,1,4,1,0,1,12,17,1,0,61880,128,pending_gpu_stop,pending_gpu_stop
800,768,7168,9063,9063,211,48,64,128,1,4,1,4,2,4915200,2,12,17,2,300,60508,128,pending_gpu_stop,pending_gpu_stop
800,768,7168,9063,9063,220,64,128,128,2,2,1,4,1,0,1,6,13,1,0,105016,128,pending_gpu_stop,pending_gpu_stop
800,768,7168,9063,9063,221,64,128,128,2,2,1,4,2,4915200,2,6,13,2,300,103196,128,pending_gpu_stop,pending_gpu_stop
800,768,7168,9063,9063,230,96,128,128,2,2,1,4,1,0,1,6,9,1,0,123704,128,pending_gpu_stop,pending_gpu_stop
800,768,7168,9063,9063,231,96,128,128,2,2,1,4,2,4915200,2,6,9,2,300,120988,128,pending_gpu_stop,pending_gpu_stop
48,768,7168,9041,9050,110,16,16,128,1,1,1,1,4,589824,2,48,3,4,18,0,128,pending_gpu_stop,pending_gpu_stop
48,768,7168,9041,9050,111,16,16,128,1,1,2,2,4,589824,2,48,3,4,18,1024,128,pending_gpu_stop,pending_gpu_stop
48,768,7168,9041,9050,120,16,32,128,1,1,1,1,4,589824,2,24,3,4,18,0,128,pending_gpu_stop,pending_gpu_stop
48,768,7168,9041,9050,121,16,32,128,1,1,2,2,4,589824,2,24,3,4,18,2048,128,pending_gpu_stop,pending_gpu_stop
48,768,7168,9041,9050,130,32,32,128,1,1,1,1,4,589824,2,24,2,4,18,0,128,pending_gpu_stop,pending_gpu_stop
48,768,7168,9041,9050,140,32,64,128,1,1,1,1,4,589824,2,12,2,4,18,0,128,pending_gpu_stop,pending_gpu_stop
80,6144,7168,9063,9063,210,48,64,128,1,4,1,4,1,0,1,96,2,1,0,61880,128,pending_gpu_stop,pending_gpu_stop
80,6144,7168,9063,9063,211,48,64,128,1,4,1,4,2,3932160,2,96,2,2,240,60508,128,pending_gpu_stop,pending_gpu_stop
80,6144,7168,9063,9063,220,64,128,128,2,2,1,4,1,0,1,48,2,1,0,105016,128,pending_gpu_stop,pending_gpu_stop
80,6144,7168,9063,9063,221,64,128,128,2,2,1,4,2,3932160,2,48,2,2,240,103196,128,pending_gpu_stop,pending_gpu_stop
80,6144,7168,9063,9063,230,96,128,128,2,2,1,4,1,0,1,48,1,1,0,123704,128,pending_gpu_stop,pending_gpu_stop
80,6144,7168,9063,9063,231,96,128,128,2,2,1,4,2,3932160,2,48,1,2,240,120988,128,pending_gpu_stop,pending_gpu_stop
768,768,7168,9063,9063,210,48,64,128,1,4,1,4,1,0,1,12,16,1,0,61880,128,pending_gpu_stop,pending_gpu_stop
768,768,7168,9063,9063,211,48,64,128,1,4,1,4,2,4718592,2,12,16,2,288,60508,128,pending_gpu_stop,pending_gpu_stop
768,768,7168,9063,9063,220,64,128,128,2,2,1,4,1,0,1,6,12,1,0,105016,128,pending_gpu_stop,pending_gpu_stop
768,768,7168,9063,9063,221,64,128,128,2,2,1,4,2,4718592,2,6,12,2,288,103196,128,pending_gpu_stop,pending_gpu_stop
768,768,7168,9063,9063,230,96,128,128,2,2,1,4,1,0,1,6,8,1,0,123704,128,pending_gpu_stop,pending_gpu_stop
768,768,7168,9063,9063,231,96,128,128,2,2,1,4,2,4718592,2,6,8,2,288,120988,128,pending_gpu_stop,pending_gpu_stop
8,7168,7168,9041,9041,110,16,16,128,1,1,1,1,4,917504,2,448,1,4,28,0,128,pending_gpu_stop,pending_gpu_stop
8,7168,7168,9041,9041,111,16,16,128,1,1,2,2,4,917504,2,448,1,4,28,1024,128,pending_gpu_stop,pending_gpu_stop
8,7168,7168,9041,9041,120,16,32,128,1,1,1,1,4,917504,2,224,1,4,28,0,128,pending_gpu_stop,pending_gpu_stop
8,7168,7168,9041,9041,121,16,32,128,1,1,2,2,4,917504,2,224,1,4,28,2048,128,pending_gpu_stop,pending_gpu_stop
8,7168,7168,9041,9041,130,32,32,128,1,1,1,1,4,917504,2,224,1,4,28,0,128,pending_gpu_stop,pending_gpu_stop
8,7168,7168,9041,9041,140,32,64,128,1,1,1,1,4,917504,2,112,1,4,28,0,128,pending_gpu_stop,pending_gpu_stop
32,7168,1024,9053,9053,110,16,16,128,1,1,1,1,4,3670016,2,448,2,4,112,0,128,pending_gpu_stop,pending_gpu_stop
32,7168,1024,9053,9053,111,16,16,128,1,1,2,2,4,3670016,2,448,2,4,112,1024,128,pending_gpu_stop,pending_gpu_stop
32,7168,1024,9053,9053,120,16,32,128,1,1,1,1,4,3670016,2,224,2,4,112,0,128,pending_gpu_stop,pending_gpu_stop
32,7168,1024,9053,9053,121,16,32,128,1,1,2,2,4,3670016,2,224,2,4,112,2048,128,pending_gpu_stop,pending_gpu_stop
32,7168,1024,9053,9053,130,32,32,128,1,1,1,1,4,3670016,2,224,1,4,112,0,128,pending_gpu_stop,pending_gpu_stop
32,7168,1024,9053,9053,140,32,64,128,1,1,1,1,4,3670016,2,112,1,4,112,0,128,pending_gpu_stop,pending_gpu_stop
736,768,7168,9063,9063,210,48,64,128,1,4,1,4,1,0,1,12,16,1,0,61880,128,pending_gpu_stop,pending_gpu_stop
736,768,7168,9063,9063,211,48,64,128,1,4,1,4,2,4521984,2,12,16,2,276,60508,128,pending_gpu_stop,pending_gpu_stop
736,768,7168,9063,9063,220,64,128,128,2,2,1,4,1,0,1,6,12,1,0,105016,128,pending_gpu_stop,pending_gpu_stop
736,768,7168,9063,9063,221,64,128,128,2,2,1,4,2,4521984,2,6,12,2,276,103196,128,pending_gpu_stop,pending_gpu_stop
736,768,7168,9063,9063,230,96,128,128,2,2,1,4,1,0,1,6,8,1,0,123704,128,pending_gpu_stop,pending_gpu_stop
736,768,7168,9063,9063,231,96,128,128,2,2,1,4,2,4521984,2,6,8,2,276,120988,128,pending_gpu_stop,pending_gpu_stop
4,7168,7168,9041,9041,110,16,16,128,1,1,1,1,4,458752,2,448,1,4,14,0,128,pending_gpu_stop,pending_gpu_stop
4,7168,7168,9041,9041,111,16,16,128,1,1,2,2,4,458752,2,448,1,4,14,1024,128,pending_gpu_stop,pending_gpu_stop
4,7168,7168,9041,9041,120,16,32,128,1,1,1,1,4,458752,2,224,1,4,14,0,128,pending_gpu_stop,pending_gpu_stop
4,7168,7168,9041,9041,121,16,32,128,1,1,2,2,4,458752,2,224,1,4,14,2048,128,pending_gpu_stop,pending_gpu_stop
4,7168,7168,9041,9041,130,32,32,128,1,1,1,1,4,458752,2,224,1,4,14,0,128,pending_gpu_stop,pending_gpu_stop
4,7168,7168,9041,9041,140,32,64,128,1,1,1,1,4,458752,2,112,1,4,14,0,128,pending_gpu_stop,pending_gpu_stop
288,2048,7168,9063,9063,210,48,64,128,1,4,1,4,1,0,1,32,6,1,0,61880,128,pending_gpu_stop,pending_gpu_stop
288,2048,7168,9063,9063,211,48,64,128,1,4,1,4,2,4718592,2,32,6,2,288,60508,128,pending_gpu_stop,pending_gpu_stop
288,2048,7168,9063,9063,220,64,128,128,2,2,1,4,1,0,1,16,5,1,0,105016,128,pending_gpu_stop,pending_gpu_stop
288,2048,7168,9063,9063,221,64,128,128,2,2,1,4,2,4718592,2,16,5,2,288,103196,128,pending_gpu_stop,pending_gpu_stop
288,2048,7168,9063,9063,230,96,128,128,2,2,1,4,1,0,1,16,3,1,0,123704,128,pending_gpu_stop,pending_gpu_stop
288,2048,7168,9063,9063,231,96,128,128,2,2,1,4,2,4718592,2,16,3,2,288,120988,128,pending_gpu_stop,pending_gpu_stop
64,768,7168,9041,9050,110,16,16,128,1,1,1,1,4,786432,2,48,4,4,24,0,128,pending_gpu_stop,pending_gpu_stop
64,768,7168,9041,9050,111,16,16,128,1,1,2,2,4,786432,2,48,4,4,24,1024,128,pending_gpu_stop,pending_gpu_stop
64,768,7168,9041,9050,120,16,32,128,1,1,1,1,4,786432,2,24,4,4,24,0,128,pending_gpu_stop,pending_gpu_stop
64,768,7168,9041,9050,121,16,32,128,1,1,2,2,4,786432,2,24,4,4,24,2048,128,pending_gpu_stop,pending_gpu_stop
64,768,7168,9041,9050,130,32,32,128,1,1,1,1,4,786432,2,24,2,4,24,0,128,pending_gpu_stop,pending_gpu_stop
64,768,7168,9041,9050,140,32,64,128,1,1,1,1,4,786432,2,12,2,4,24,0,128,pending_gpu_stop,pending_gpu_stop
1792,768,7168,9062,9064,210,48,64,128,1,4,1,4,1,0,1,12,38,1,0,61880,128,pending_gpu_stop,pending_gpu_stop
1792,768,7168,9062,9064,211,48,64,128,1,4,1,4,2,11010048,2,12,38,2,672,60508,128,pending_gpu_stop,pending_gpu_stop
1792,768,7168,9062,9064,220,64,128,128,2,2,1,4,1,0,1,6,28,1,0,105016,128,pending_gpu_stop,pending_gpu_stop
1792,768,7168,9062,9064,221,64,128,128,2,2,1,4,2,11010048,2,6,28,2,672,103196,128,pending_gpu_stop,pending_gpu_stop
1792,768,7168,9062,9064,230,96,128,128,2,2,1,4,1,0,1,6,19,1,0,123704,128,pending_gpu_stop,pending_gpu_stop
1792,768,7168,9062,9064,231,96,128,128,2,2,1,4,2,11010048,2,6,19,2,672,120988,128,pending_gpu_stop,pending_gpu_stop
1728,768,7168,9062,9064,210,48,64,128,1,4,1,4,1,0,1,12,36,1,0,61880,128,pending_gpu_stop,pending_gpu_stop
1728,768,7168,9062,9064,211,48,64,128,1,4,1,4,2,10616832,2,12,36,2,648,60508,128,pending_gpu_stop,pending_gpu_stop
1728,768,7168,9062,9064,220,64,128,128,2,2,1,4,1,0,1,6,27,1,0,105016,128,pending_gpu_stop,pending_gpu_stop
1728,768,7168,9062,9064,221,64,128,128,2,2,1,4,2,10616832,2,6,27,2,648,103196,128,pending_gpu_stop,pending_gpu_stop
1728,768,7168,9062,9064,230,96,128,128,2,2,1,4,1,0,1,6,18,1,0,123704,128,pending_gpu_stop,pending_gpu_stop
1728,768,7168,9062,9064,231,96,128,128,2,2,1,4,2,10616832,2,6,18,2,648,120988,128,pending_gpu_stop,pending_gpu_stop
1600,768,7168,9062,9064,210,48,64,128,1,4,1,4,1,0,1,12,34,1,0,61880,128,pending_gpu_stop,pending_gpu_stop
1600,768,7168,9062,9064,211,48,64,128,1,4,1,4,2,9830400,2,12,34,2,600,60508,128,pending_gpu_stop,pending_gpu_stop
1600,768,7168,9062,9064,220,64,128,128,2,2,1,4,1,0,1,6,25,1,0,105016,128,pending_gpu_stop,pending_gpu_stop
1600,768,7168,9062,9064,221,64,128,128,2,2,1,4,2,9830400,2,6,25,2,600,103196,128,pending_gpu_stop,pending_gpu_stop
1600,768,7168,9062,9064,230,96,128,128,2,2,1,4,1,0,1,6,17,1,0,123704,128,pending_gpu_stop,pending_gpu_stop
1600,768,7168,9062,9064,231,96,128,128,2,2,1,4,2,9830400,2,6,17,2,600,120988,128,pending_gpu_stop,pending_gpu_stop
128,7168,16384,9063,9067,210,48,64,128,1,4,1,4,1,0,1,112,3,1,0,65408,128,pending_gpu_stop,pending_gpu_stop
128,7168,16384,9063,9067,211,48,64,128,1,4,1,4,2,7340032,2,112,3,2,448,62272,128,pending_gpu_stop,pending_gpu_stop
128,7168,16384,9063,9067,220,64,128,128,2,2,1,4,1,0,1,56,2,1,0,109696,128,pending_gpu_stop,pending_gpu_stop
128,7168,16384,9063,9067,221,64,128,128,2,2,1,4,2,7340032,2,56,2,2,448,105536,128,pending_gpu_stop,pending_gpu_stop
128,7168,16384,9063,9067,230,96,128,128,2,2,1,4,1,0,1,56,2,1,0,130688,128,pending_gpu_stop,pending_gpu_stop
128,7168,16384,9063,9067,231,96,128,128,2,2,1,4,2,7340032,2,56,2,2,448,124480,128,pending_gpu_stop,pending_gpu_stop
4,65536,1536,9054,9054,110,16,16,128,1,1,1,1,4,4194304,2,4096,1,4,128,0,128,pending_gpu_stop,pending_gpu_stop
4,65536,1536,9054,9054,111,16,16,128,1,1,2,2,4,4194304,2,4096,1,4,128,1024,128,pending_gpu_stop,pending_gpu_stop
4,65536,1536,9054,9054,120,16,32,128,1,1,1,1,4,4194304,2,2048,1,4,128,0,128,pending_gpu_stop,pending_gpu_stop
4,65536,1536,9054,9054,121,16,32,128,1,1,2,2,4,4194304,2,2048,1,4,128,2048,128,pending_gpu_stop,pending_gpu_stop
4,65536,1536,9054,9054,130,32,32,128,1,1,1,1,4,4194304,2,2048,1,4,128,0,128,pending_gpu_stop,pending_gpu_stop
4,65536,1536,9054,9054,140,32,64,128,1,1,1,1,4,4194304,2,1024,1,4,128,0,128,pending_gpu_stop,pending_gpu_stop
4,768,7168,9041,9050,110,16,16,128,1,1,1,1,4,49152,2,48,1,4,2,0,128,pending_gpu_stop,pending_gpu_stop
4,768,7168,9041,9050,111,16,16,128,1,1,2,2,4,49152,2,48,1,4,2,1024,128,pending_gpu_stop,pending_gpu_stop
4,768,7168,9041,9050,120,16,32,128,1,1,1,1,4,49152,2,24,1,4,2,0,128,pending_gpu_stop,pending_gpu_stop
4,768,7168,9041,9050,121,16,32,128,1,1,2,2,4,49152,2,24,1,4,2,2048,128,pending_gpu_stop,pending_gpu_stop
4,768,7168,9041,9050,130,32,32,128,1,1,1,1,4,49152,2,24,1,4,2,0,128,pending_gpu_stop,pending_gpu_stop
4,768,7168,9041,9050,140,32,64,128,1,1,1,1,4,49152,2,12,1,4,2,0,128,pending_gpu_stop,pending_gpu_stop
704,768,7168,9063,9063,210,48,64,128,1,4,1,4,1,0,1,12,15,1,0,61880,128,pending_gpu_stop,pending_gpu_stop
704,768,7168,9063,9063,211,48,64,128,1,4,1,4,2,4325376,2,12,15,2,264,60508,128,pending_gpu_stop,pending_gpu_stop
704,768,7168,9063,9063,220,64,128,128,2,2,1,4,1,0,1,6,11,1,0,105016,128,pending_gpu_stop,pending_gpu_stop
704,768,7168,9063,9063,221,64,128,128,2,2,1,4,2,4325376,2,6,11,2,264,103196,128,pending_gpu_stop,pending_gpu_stop
704,768,7168,9063,9063,230,96,128,128,2,2,1,4,1,0,1,6,8,1,0,123704,128,pending_gpu_stop,pending_gpu_stop
704,768,7168,9063,9063,231,96,128,128,2,2,1,4,2,4325376,2,6,8,2,264,120988,128,pending_gpu_stop,pending_gpu_stop
1,7168,7168,9041,9041,110,16,16,128,1,1,1,1,4,114688,2,448,1,4,4,0,128,pending_gpu_stop,pending_gpu_stop
1,7168,7168,9041,9041,111,16,16,128,1,1,2,2,4,114688,2,448,1,4,4,1024,128,pending_gpu_stop,pending_gpu_stop
1,7168,7168,9041,9041,120,16,32,128,1,1,1,1,4,114688,2,224,1,4,4,0,128,pending_gpu_stop,pending_gpu_stop
1,7168,7168,9041,9041,121,16,32,128,1,1,2,2,4,114688,2,224,1,4,4,2048,128,pending_gpu_stop,pending_gpu_stop
1,7168,7168,9041,9041,130,32,32,128,1,1,1,1,4,114688,2,224,1,4,4,0,128,pending_gpu_stop,pending_gpu_stop
1,7168,7168,9041,9041,140,32,64,128,1,1,1,1,4,114688,2,112,1,4,4,0,128,pending_gpu_stop,pending_gpu_stop
4,2048,7168,9041,9050,110,16,16,128,1,1,1,1,4,131072,2,128,1,4,4,0,128,pending_gpu_stop,pending_gpu_stop
4,2048,7168,9041,9050,111,16,16,128,1,1,2,2,4,131072,2,128,1,4,4,1024,128,pending_gpu_stop,pending_gpu_stop
4,2048,7168,9041,9050,120,16,32,128,1,1,1,1,4,131072,2,64,1,4,4,0,128,pending_gpu_stop,pending_gpu_stop
4,2048,7168,9041,9050,121,16,32,128,1,1,2,2,4,131072,2,64,1,4,4,2048,128,pending_gpu_stop,pending_gpu_stop
4,2048,7168,9041,9050,130,32,32,128,1,1,1,1,4,131072,2,64,1,4,4,0,128,pending_gpu_stop,pending_gpu_stop
4,2048,7168,9041,9050,140,32,64,128,1,1,1,1,4,131072,2,32,1,4,4,0,128,pending_gpu_stop,pending_gpu_stop
2,7168,3072,9052,9052,110,16,16,128,1,1,1,1,4,229376,2,448,1,4,7,0,128,pending_gpu_stop,pending_gpu_stop
2,7168,3072,9052,9052,111,16,16,128,1,1,2,2,4,229376,2,448,1,4,7,1024,128,pending_gpu_stop,pending_gpu_stop
2,7168,3072,9052,9052,120,16,32,128,1,1,1,1,4,229376,2,224,1,4,7,0,128,pending_gpu_stop,pending_gpu_stop
2,7168,3072,9052,9052,121,16,32,128,1,1,2,2,4,229376,2,224,1,4,7,2048,128,pending_gpu_stop,pending_gpu_stop
2,7168,3072,9052,9052,130,32,32,128,1,1,1,1,4,229376,2,224,1,4,7,0,128,pending_gpu_stop,pending_gpu_stop
2,7168,3072,9052,9052,140,32,64,128,1,1,1,1,4,229376,2,112,1,4,7,0,128,pending_gpu_stop,pending_gpu_stop
4,7168,3072,9052,9052,110,16,16,128,1,1,1,1,4,458752,2,448,1,4,14,0,128,pending_gpu_stop,pending_gpu_stop
4,7168,3072,9052,9052,111,16,16,128,1,1,2,2,4,458752,2,448,1,4,14,1024,128,pending_gpu_stop,pending_gpu_stop
4,7168,3072,9052,9052,120,16,32,128,1,1,1,1,4,458752,2,224,1,4,14,0,128,pending_gpu_stop,pending_gpu_stop
4,7168,3072,9052,9052,121,16,32,128,1,1,2,2,4,458752,2,224,1,4,14,2048,128,pending_gpu_stop,pending_gpu_stop
4,7168,3072,9052,9052,130,32,32,128,1,1,1,1,4,458752,2,224,1,4,14,0,128,pending_gpu_stop,pending_gpu_stop
4,7168,3072,9052,9052,140,32,64,128,1,1,1,1,4,458752,2,112,1,4,14,0,128,pending_gpu_stop,pending_gpu_stop
320,2048,7168,9063,9063,210,48,64,128,1,4,1,4,1,0,1,32,7,1,0,61880,128,pending_gpu_stop,pending_gpu_stop
320,2048,7168,9063,9063,211,48,64,128,1,4,1,4,2,5242880,2,32,7,2,320,60508,128,pending_gpu_stop,pending_gpu_stop
320,2048,7168,9063,9063,220,64,128,128,2,2,1,4,1,0,1,16,5,1,0,105016,128,pending_gpu_stop,pending_gpu_stop
320,2048,7168,9063,9063,221,64,128,128,2,2,1,4,2,5242880,2,16,5,2,320,103196,128,pending_gpu_stop,pending_gpu_stop
320,2048,7168,9063,9063,230,96,128,128,2,2,1,4,1,0,1,16,4,1,0,123704,128,pending_gpu_stop,pending_gpu_stop
320,2048,7168,9063,9063,231,96,128,128,2,2,1,4,2,5242880,2,16,4,2,320,120988,128,pending_gpu_stop,pending_gpu_stop
64,7168,768,9054,9054,110,16,16,128,1,1,1,1,4,7340032,2,448,4,4,224,0,128,pending_gpu_stop,pending_gpu_stop
64,7168,768,9054,9054,111,16,16,128,1,1,2,2,4,7340032,2,448,4,4,224,1024,128,pending_gpu_stop,pending_gpu_stop
64,7168,768,9054,9054,120,16,32,128,1,1,1,1,4,7340032,2,224,4,4,224,0,128,pending_gpu_stop,pending_gpu_stop
64,7168,768,9054,9054,121,16,32,128,1,1,2,2,4,7340032,2,224,4,4,224,2048,128,pending_gpu_stop,pending_gpu_stop
64,7168,768,9054,9054,130,32,32,128,1,1,1,1,4,7340032,2,224,2,4,224,0,128,pending_gpu_stop,pending_gpu_stop
64,7168,768,9054,9054,140,32,64,128,1,1,1,1,4,7340032,2,112,2,4,224,0,128,pending_gpu_stop,pending_gpu_stop
1,7168,1024,9051,9051,110,16,16,128,1,1,1,1,4,114688,2,448,1,4,4,0,128,pending_gpu_stop,pending_gpu_stop
1,7168,1024,9051,9051,111,16,16,128,1,1,2,2,4,114688,2,448,1,4,4,1024,128,pending_gpu_stop,pending_gpu_stop
1,7168,1024,9051,9051,120,16,32,128,1,1,1,1,4,114688,2,224,1,4,4,0,128,pending_gpu_stop,pending_gpu_stop
1,7168,1024,9051,9051,121,16,32,128,1,1,2,2,4,114688,2,224,1,4,4,2048,128,pending_gpu_stop,pending_gpu_stop
1,7168,1024,9051,9051,130,32,32,128,1,1,1,1,4,114688,2,224,1,4,4,0,128,pending_gpu_stop,pending_gpu_stop
1,7168,1024,9051,9051,140,32,64,128,1,1,1,1,4,114688,2,112,1,4,4,0,128,pending_gpu_stop,pending_gpu_stop
2,65536,1536,9051,9051,110,16,16,128,1,1,1,1,4,2097152,2,4096,1,4,64,0,128,pending_gpu_stop,pending_gpu_stop
2,65536,1536,9051,9051,111,16,16,128,1,1,2,2,4,2097152,2,4096,1,4,64,1024,128,pending_gpu_stop,pending_gpu_stop
2,65536,1536,9051,9051,120,16,32,128,1,1,1,1,4,2097152,2,2048,1,4,64,0,128,pending_gpu_stop,pending_gpu_stop
2,65536,1536,9051,9051,121,16,32,128,1,1,2,2,4,2097152,2,2048,1,4,64,2048,128,pending_gpu_stop,pending_gpu_stop
2,65536,1536,9051,9051,130,32,32,128,1,1,1,1,4,2097152,2,2048,1,4,64,0,128,pending_gpu_stop,pending_gpu_stop
2,65536,1536,9051,9051,140,32,64,128,1,1,1,1,4,2097152,2,1024,1,4,64,0,128,pending_gpu_stop,pending_gpu_stop
8,7168,384,9040,9040,110,16,16,128,1,1,1,1,4,917504,2,448,1,4,28,0,128,pending_gpu_stop,pending_gpu_stop
8,7168,384,9040,9040,111,16,16,128,1,1,2,2,4,917504,2,448,1,4,28,1024,128,pending_gpu_stop,pending_gpu_stop
8,7168,384,9040,9040,120,16,32,128,1,1,1,1,4,917504,2,224,1,4,28,0,128,pending_gpu_stop,pending_gpu_stop
8,7168,384,9040,9040,121,16,32,128,1,1,2,2,4,917504,2,224,1,4,28,2048,128,pending_gpu_stop,pending_gpu_stop
8,7168,384,9040,9040,130,32,32,128,1,1,1,1,4,917504,2,224,1,4,28,0,128,pending_gpu_stop,pending_gpu_stop
8,7168,384,9040,9040,140,32,64,128,1,1,1,1,4,917504,2,112,1,4,28,0,128,pending_gpu_stop,pending_gpu_stop
352,2048,7168,9063,9065,210,48,64,128,1,4,1,4,1,0,1,32,8,1,0,61880,128,pending_gpu_stop,pending_gpu_stop
352,2048,7168,9063,9065,211,48,64,128,1,4,1,4,2,5767168,2,32,8,2,352,60508,128,pending_gpu_stop,pending_gpu_stop
352,2048,7168,9063,9065,220,64,128,128,2,2,1,4,1,0,1,16,6,1,0,105016,128,pending_gpu_stop,pending_gpu_stop
352,2048,7168,9063,9065,221,64,128,128,2,2,1,4,2,5767168,2,16,6,2,352,103196,128,pending_gpu_stop,pending_gpu_stop
352,2048,7168,9063,9065,230,96,128,128,2,2,1,4,1,0,1,16,4,1,0,123704,128,pending_gpu_stop,pending_gpu_stop
352,2048,7168,9063,9065,231,96,128,128,2,2,1,4,2,5767168,2,16,4,2,352,120988,128,pending_gpu_stop,pending_gpu_stop
4,7168,1024,9051,9051,110,16,16,128,1,1,1,1,4,458752,2,448,1,4,14,0,128,pending_gpu_stop,pending_gpu_stop
4,7168,1024,9051,9051,111,16,16,128,1,1,2,2,4,458752,2,448,1,4,14,1024,128,pending_gpu_stop,pending_gpu_stop
4,7168,1024,9051,9051,120,16,32,128,1,1,1,1,4,458752,2,224,1,4,14,0,128,pending_gpu_stop,pending_gpu_stop
4,7168,1024,9051,9051,121,16,32,128,1,1,2,2,4,458752,2,224,1,4,14,2048,128,pending_gpu_stop,pending_gpu_stop
4,7168,1024,9051,9051,130,32,32,128,1,1,1,1,4,458752,2,224,1,4,14,0,128,pending_gpu_stop,pending_gpu_stop
4,7168,1024,9051,9051,140,32,64,128,1,1,1,1,4,458752,2,112,1,4,14,0,128,pending_gpu_stop,pending_gpu_stop
2,7168,1024,9051,9051,110,16,16,128,1,1,1,1,4,229376,2,448,1,4,7,0,128,pending_gpu_stop,pending_gpu_stop
2,7168,1024,9051,9051,111,16,16,128,1,1,2,2,4,229376,2,448,1,4,7,1024,128,pending_gpu_stop,pending_gpu_stop
2,7168,1024,9051,9051,120,16,32,128,1,1,1,1,4,229376,2,224,1,4,7,0,128,pending_gpu_stop,pending_gpu_stop
2,7168,1024,9051,9051,121,16,32,128,1,1,2,2,4,229376,2,224,1,4,7,2048,128,pending_gpu_stop,pending_gpu_stop
2,7168,1024,9051,9051,130,32,32,128,1,1,1,1,4,229376,2,224,1,4,7,0,128,pending_gpu_stop,pending_gpu_stop
2,7168,1024,9051,9051,140,32,64,128,1,1,1,1,4,229376,2,112,1,4,7,0,128,pending_gpu_stop,pending_gpu_stop
8,16384,1536,9051,9051,110,16,16,128,1,1,1,1,4,2097152,2,1024,1,4,64,0,128,pending_gpu_stop,pending_gpu_stop
8,16384,1536,9051,9051,111,16,16,128,1,1,2,2,4,2097152,2,1024,1,4,64,1024,128,pending_gpu_stop,pending_gpu_stop
8,16384,1536,9051,9051,120,16,32,128,1,1,1,1,4,2097152,2,512,1,4,64,0,128,pending_gpu_stop,pending_gpu_stop
8,16384,1536,9051,9051,121,16,32,128,1,1,2,2,4,2097152,2,512,1,4,64,2048,128,pending_gpu_stop,pending_gpu_stop
8,16384,1536,9051,9051,130,32,32,128,1,1,1,1,4,2097152,2,512,1,4,64,0,128,pending_gpu_stop,pending_gpu_stop
8,16384,1536,9051,9051,140,32,64,128,1,1,1,1,4,2097152,2,256,1,4,64,0,128,pending_gpu_stop,pending_gpu_stop
1,2048,7168,9041,9050,110,16,16,128,1,1,1,1,4,32768,2,128,1,4,1,0,128,pending_gpu_stop,pending_gpu_stop
1,2048,7168,9041,9050,111,16,16,128,1,1,2,2,4,32768,2,128,1,4,1,1024,128,pending_gpu_stop,pending_gpu_stop
1,2048,7168,9041,9050,120,16,32,128,1,1,1,1,4,32768,2,64,1,4,1,0,128,pending_gpu_stop,pending_gpu_stop
1,2048,7168,9041,9050,121,16,32,128,1,1,2,2,4,32768,2,64,1,4,1,2048,128,pending_gpu_stop,pending_gpu_stop
1,2048,7168,9041,9050,130,32,32,128,1,1,1,1,4,32768,2,64,1,4,1,0,128,pending_gpu_stop,pending_gpu_stop
1,2048,7168,9041,9050,140,32,64,128,1,1,1,1,4,32768,2,32,1,4,1,0,128,pending_gpu_stop,pending_gpu_stop
80,768,7168,9041,9050,110,16,16,128,1,1,1,1,4,983040,2,48,5,4,30,0,128,pending_gpu_stop,pending_gpu_stop
80,768,7168,9041,9050,111,16,16,128,1,1,2,2,4,983040,2,48,5,4,30,1024,128,pending_gpu_stop,pending_gpu_stop
80,768,7168,9041,9050,120,16,32,128,1,1,1,1,4,983040,2,24,5,4,30,0,128,pending_gpu_stop,pending_gpu_stop
80,768,7168,9041,9050,121,16,32,128,1,1,2,2,4,983040,2,24,5,4,30,2048,128,pending_gpu_stop,pending_gpu_stop
80,768,7168,9041,9050,130,32,32,128,1,1,1,1,4,983040,2,24,3,4,30,0,128,pending_gpu_stop,pending_gpu_stop
80,768,7168,9041,9050,140,32,64,128,1,1,1,1,4,983040,2,12,3,4,30,0,128,pending_gpu_stop,pending_gpu_stop
1216,2048,7168,9060,9060,210,48,64,128,1,4,1,4,1,0,1,32,26,1,0,61880,128,pending_gpu_stop,pending_gpu_stop
1216,2048,7168,9060,9060,211,48,64,128,1,4,1,4,2,19922944,2,32,26,2,1216,60508,128,pending_gpu_stop,pending_gpu_stop
1216,2048,7168,9060,9060,220,64,128,128,2,2,1,4,1,0,1,16,19,1,0,105016,128,pending_gpu_stop,pending_gpu_stop
1216,2048,7168,9060,9060,221,64,128,128,2,2,1,4,2,19922944,2,16,19,2,1216,103196,128,pending_gpu_stop,pending_gpu_stop
1216,2048,7168,9060,9060,230,96,128,128,2,2,1,4,1,0,1,16,13,1,0,123704,128,pending_gpu_stop,pending_gpu_stop
1216,2048,7168,9060,9060,231,96,128,128,2,2,1,4,2,19922944,2,16,13,2,1216,120988,128,pending_gpu_stop,pending_gpu_stop
2,16384,1536,9051,9051,110,16,16,128,1,1,1,1,4,524288,2,1024,1,4,16,0,128,pending_gpu_stop,pending_gpu_stop
2,16384,1536,9051,9051,111,16,16,128,1,1,2,2,4,524288,2,1024,1,4,16,1024,128,pending_gpu_stop,pending_gpu_stop
2,16384,1536,9051,9051,120,16,32,128,1,1,1,1,4,524288,2,512,1,4,16,0,128,pending_gpu_stop,pending_gpu_stop
2,16384,1536,9051,9051,121,16,32,128,1,1,2,2,4,524288,2,512,1,4,16,2048,128,pending_gpu_stop,pending_gpu_stop
2,16384,1536,9051,9051,130,32,32,128,1,1,1,1,4,524288,2,512,1,4,16,0,128,pending_gpu_stop,pending_gpu_stop
2,16384,1536,9051,9051,140,32,64,128,1,1,1,1,4,524288,2,256,1,4,16,0,128,pending_gpu_stop,pending_gpu_stop
2,7168,7168,9041,9041,110,16,16,128,1,1,1,1,4,229376,2,448,1,4,7,0,128,pending_gpu_stop,pending_gpu_stop
2,7168,7168,9041,9041,111,16,16,128,1,1,2,2,4,229376,2,448,1,4,7,1024,128,pending_gpu_stop,pending_gpu_stop
2,7168,7168,9041,9041,120,16,32,128,1,1,1,1,4,229376,2,224,1,4,7,0,128,pending_gpu_stop,pending_gpu_stop
2,7168,7168,9041,9041,121,16,32,128,1,1,2,2,4,229376,2,224,1,4,7,2048,128,pending_gpu_stop,pending_gpu_stop
2,7168,7168,9041,9041,130,32,32,128,1,1,1,1,4,229376,2,224,1,4,7,0,128,pending_gpu_stop,pending_gpu_stop
2,7168,7168,9041,9041,140,32,64,128,1,1,1,1,4,229376,2,112,1,4,7,0,128,pending_gpu_stop,pending_gpu_stop
352,7168,3072,9061,9061,210,48,64,128,1,4,1,4,1,0,1,112,8,1,0,60312,128,pending_gpu_stop,pending_gpu_stop
352,7168,3072,9061,9061,211,48,64,128,1,4,1,4,2,20185088,2,112,8,2,1232,59724,128,pending_gpu_stop,pending_gpu_stop
352,7168,3072,9061,9061,220,64,128,128,2,2,1,4,1,0,1,56,6,1,0,102936,128,pending_gpu_stop,pending_gpu_stop
352,7168,3072,9061,9061,221,64,128,128,2,2,1,4,2,20185088,2,56,6,2,1232,102156,128,pending_gpu_stop,pending_gpu_stop
352,7168,3072,9061,9061,230,96,128,128,2,2,1,4,1,0,1,56,4,1,0,120600,128,pending_gpu_stop,pending_gpu_stop
352,7168,3072,9061,9061,231,96,128,128,2,2,1,4,2,20185088,2,56,4,2,1232,119436,128,pending_gpu_stop,pending_gpu_stop
576,2048,7168,9062,9064,210,48,64,128,1,4,1,4,1,0,1,32,12,1,0,61880,128,pending_gpu_stop,pending_gpu_stop
576,2048,7168,9062,9064,211,48,64,128,1,4,1,4,2,9437184,2,32,12,2,576,60508,128,pending_gpu_stop,pending_gpu_stop
576,2048,7168,9062,9064,220,64,128,128,2,2,1,4,1,0,1,16,9,1,0,105016,128,pending_gpu_stop,pending_gpu_stop
576,2048,7168,9062,9064,221,64,128,128,2,2,1,4,2,9437184,2,16,9,2,576,103196,128,pending_gpu_stop,pending_gpu_stop
576,2048,7168,9062,9064,230,96,128,128,2,2,1,4,1,0,1,16,6,1,0,123704,128,pending_gpu_stop,pending_gpu_stop
576,2048,7168,9062,9064,231,96,128,128,2,2,1,4,2,9437184,2,16,6,2,576,120988,128,pending_gpu_stop,pending_gpu_stop
1,65536,1536,9052,9052,110,16,16,128,1,1,1,1,4,1048576,2,4096,1,4,32,0,128,pending_gpu_stop,pending_gpu_stop
1,65536,1536,9052,9052,111,16,16,128,1,1,2,2,4,1048576,2,4096,1,4,32,1024,128,pending_gpu_stop,pending_gpu_stop
1,65536,1536,9052,9052,120,16,32,128,1,1,1,1,4,1048576,2,2048,1,4,32,0,128,pending_gpu_stop,pending_gpu_stop
1,65536,1536,9052,9052,121,16,32,128,1,1,2,2,4,1048576,2,2048,1,4,32,2048,128,pending_gpu_stop,pending_gpu_stop
1,65536,1536,9052,9052,130,32,32,128,1,1,1,1,4,1048576,2,2048,1,4,32,0,128,pending_gpu_stop,pending_gpu_stop
1,65536,1536,9052,9052,140,32,64,128,1,1,1,1,4,1048576,2,1024,1,4,32,0,128,pending_gpu_stop,pending_gpu_stop
544,2048,7168,9062,9064,210,48,64,128,1,4,1,4,1,0,1,32,12,1,0,61880,128,pending_gpu_stop,pending_gpu_stop
544,2048,7168,9062,9064,211,48,64,128,1,4,1,4,2,8912896,2,32,12,2,544,60508,128,pending_gpu_stop,pending_gpu_stop
544,2048,7168,9062,9064,220,64,128,128,2,2,1,4,1,0,1,16,9,1,0,105016,128,pending_gpu_stop,pending_gpu_stop
544,2048,7168,9062,9064,221,64,128,128,2,2,1,4,2,8912896,2,16,9,2,544,103196,128,pending_gpu_stop,pending_gpu_stop
544,2048,7168,9062,9064,230,96,128,128,2,2,1,4,1,0,1,16,6,1,0,123704,128,pending_gpu_stop,pending_gpu_stop
544,2048,7168,9062,9064,231,96,128,128,2,2,1,4,2,8912896,2,16,6,2,544,120988,128,pending_gpu_stop,pending_gpu_stop
144,16384,1536,9060,9060,210,48,64,128,1,4,1,4,1,0,1,256,3,1,0,59724,128,pending_gpu_stop,pending_gpu_stop
144,16384,1536,9060,9060,211,48,64,128,1,4,1,4,2,18874368,2,256,3,2,1152,59430,128,pending_gpu_stop,pending_gpu_stop
144,16384,1536,9060,9060,220,64,128,128,2,2,1,4,1,0,1,128,3,1,0,102156,128,pending_gpu_stop,pending_gpu_stop
144,16384,1536,9060,9060,221,64,128,128,2,2,1,4,2,18874368,2,128,3,2,1152,101766,128,pending_gpu_stop,pending_gpu_stop
144,16384,1536,9060,9060,230,96,128,128,2,2,1,4,1,0,1,128,2,1,0,119436,128,pending_gpu_stop,pending_gpu_stop
144,16384,1536,9060,9060,231,96,128,128,2,2,1,4,2,18874368,2,128,2,2,1152,118854,128,pending_gpu_stop,pending_gpu_stop
384,2048,7168,9063,9065,210,48,64,128,1,4,1,4,1,0,1,32,8,1,0,61880,128,pending_gpu_stop,pending_gpu_stop
384,2048,7168,9063,9065,211,48,64,128,1,4,1,4,2,6291456,2,32,8,2,384,60508,128,pending_gpu_stop,pending_gpu_stop
384,2048,7168,9063,9065,220,64,128,128,2,2,1,4,1,0,1,16,6,1,0,105016,128,pending_gpu_stop,pending_gpu_stop
384,2048,7168,9063,9065,221,64,128,128,2,2,1,4,2,6291456,2,16,6,2,384,103196,128,pending_gpu_stop,pending_gpu_stop
384,2048,7168,9063,9065,230,96,128,128,2,2,1,4,1,0,1,16,4,1,0,123704,128,pending_gpu_stop,pending_gpu_stop
384,2048,7168,9063,9065,231,96,128,128,2,2,1,4,2,6291456,2,16,4,2,384,120988,128,pending_gpu_stop,pending_gpu_stop
1344,2048,7168,9061,9061,210,48,64,128,1,4,1,4,1,0,1,32,28,1,0,61880,128,pending_gpu_stop,pending_gpu_stop
1344,2048,7168,9061,9061,211,48,64,128,1,4,1,4,2,22020096,2,32,28,2,1344,60508,128,pending_gpu_stop,pending_gpu_stop
1344,2048,7168,9061,9061,220,64,128,128,2,2,1,4,1,0,1,16,21,1,0,105016,128,pending_gpu_stop,pending_gpu_stop
1344,2048,7168,9061,9061,221,64,128,128,2,2,1,4,2,22020096,2,16,21,2,1344,103196,128,pending_gpu_stop,pending_gpu_stop
1344,2048,7168,9061,9061,230,96,128,128,2,2,1,4,1,0,1,16,14,1,0,123704,128,pending_gpu_stop,pending_gpu_stop
1344,2048,7168,9061,9061,231,96,128,128,2,2,1,4,2,22020096,2,16,14,2,1344,120988,128,pending_gpu_stop,pending_gpu_stop
1408,2048,7168,9061,9061,210,48,64,128,1,4,1,4,1,0,1,32,30,1,0,61880,128,pending_gpu_stop,pending_gpu_stop
1408,2048,7168,9061,9061,211,48,64,128,1,4,1,4,2,23068672,2,32,30,2,1408,60508,128,pending_gpu_stop,pending_gpu_stop
1408,2048,7168,9061,9061,220,64,128,128,2,2,1,4,1,0,1,16,22,1,0,105016,128,pending_gpu_stop,pending_gpu_stop
1408,2048,7168,9061,9061,221,64,128,128,2,2,1,4,2,23068672,2,16,22,2,1408,103196,128,pending_gpu_stop,pending_gpu_stop
1408,2048,7168,9061,9061,230,96,128,128,2,2,1,4,1,0,1,16,15,1,0,123704,128,pending_gpu_stop,pending_gpu_stop
1408,2048,7168,9061,9061,231,96,128,128,2,2,1,4,2,23068672,2,16,15,2,1408,120988,128,pending_gpu_stop,pending_gpu_stop
8,7168,768,9051,9051,110,16,16,128,1,1,1,1,4,917504,2,448,1,4,28,0,128,pending_gpu_stop,pending_gpu_stop
8,7168,768,9051,9051,111,16,16,128,1,1,2,2,4,917504,2,448,1,4,28,1024,128,pending_gpu_stop,pending_gpu_stop
8,7168,768,9051,9051,120,16,32,128,1,1,1,1,4,917504,2,224,1,4,28,0,128,pending_gpu_stop,pending_gpu_stop
8,7168,768,9051,9051,121,16,32,128,1,1,2,2,4,917504,2,224,1,4,28,2048,128,pending_gpu_stop,pending_gpu_stop
8,7168,768,9051,9051,130,32,32,128,1,1,1,1,4,917504,2,224,1,4,28,0,128,pending_gpu_stop,pending_gpu_stop
8,7168,768,9051,9051,140,32,64,128,1,1,1,1,4,917504,2,112,1,4,28,0,128,pending_gpu_stop,pending_gpu_stop
1152,2048,7168,9060,9060,210,48,64,128,1,4,1,4,1,0,1,32,24,1,0,61880,128,pending_gpu_stop,pending_gpu_stop
1152,2048,7168,9060,9060,211,48,64,128,1,4,1,4,2,18874368,2,32,24,2,1152,60508,128,pending_gpu_stop,pending_gpu_stop
1152,2048,7168,9060,9060,220,64,128,128,2,2,1,4,1,0,1,16,18,1,0,105016,128,pending_gpu_stop,pending_gpu_stop
1152,2048,7168,9060,9060,221,64,128,128,2,2,1,4,2,18874368,2,16,18,2,1152,103196,128,pending_gpu_stop,pending_gpu_stop
1152,2048,7168,9060,9060,230,96,128,128,2,2,1,4,1,0,1,16,12,1,0,123704,128,pending_gpu_stop,pending_gpu_stop
1152,2048,7168,9060,9060,231,96,128,128,2,2,1,4,2,18874368,2,16,12,2,1152,120988,128,pending_gpu_stop,pending_gpu_stop
1472,2048,7168,9061,9061,210,48,64,128,1,4,1,4,1,0,1,32,31,1,0,61880,128,pending_gpu_stop,pending_gpu_stop
1472,2048,7168,9061,9061,211,48,64,128,1,4,1,4,2,24117248,2,32,31,2,1472,60508,128,pending_gpu_stop,pending_gpu_stop
1472,2048,7168,9061,9061,220,64,128,128,2,2,1,4,1,0,1,16,23,1,0,105016,128,pending_gpu_stop,pending_gpu_stop
1472,2048,7168,9061,9061,221,64,128,128,2,2,1,4,2,24117248,2,16,23,2,1472,103196,128,pending_gpu_stop,pending_gpu_stop
1472,2048,7168,9061,9061,230,96,128,128,2,2,1,4,1,0,1,16,16,1,0,123704,128,pending_gpu_stop,pending_gpu_stop
1472,2048,7168,9061,9061,231,96,128,128,2,2,1,4,2,24117248,2,16,16,2,1472,120988,128,pending_gpu_stop,pending_gpu_stop
1280,2048,7168,9060,9060,210,48,64,128,1,4,1,4,1,0,1,32,27,1,0,61880,128,pending_gpu_stop,pending_gpu_stop
1280,2048,7168,9060,9060,211,48,64,128,1,4,1,4,2,20971520,2,32,27,2,1280,60508,128,pending_gpu_stop,pending_gpu_stop
1280,2048,7168,9060,9060,220,64,128,128,2,2,1,4,1,0,1,16,20,1,0,105016,128,pending_gpu_stop,pending_gpu_stop
1280,2048,7168,9060,9060,221,64,128,128,2,2,1,4,2,20971520,2,16,20,2,1280,103196,128,pending_gpu_stop,pending_gpu_stop
1280,2048,7168,9060,9060,230,96,128,128,2,2,1,4,1,0,1,16,14,1,0,123704,128,pending_gpu_stop,pending_gpu_stop
1280,2048,7168,9060,9060,231,96,128,128,2,2,1,4,2,20971520,2,16,14,2,1280,120988,128,pending_gpu_stop,pending_gpu_stop
8,7168,3072,9052,9052,110,16,16,128,1,1,1,1,4,917504,2,448,1,4,28,0,128,pending_gpu_stop,pending_gpu_stop
8,7168,3072,9052,9052,111,16,16,128,1,1,2,2,4,917504,2,448,1,4,28,1024,128,pending_gpu_stop,pending_gpu_stop
8,7168,3072,9052,9052,120,16,32,128,1,1,1,1,4,917504,2,224,1,4,28,0,128,pending_gpu_stop,pending_gpu_stop
8,7168,3072,9052,9052,121,16,32,128,1,1,2,2,4,917504,2,224,1,4,28,2048,128,pending_gpu_stop,pending_gpu_stop
8,7168,3072,9052,9052,130,32,32,128,1,1,1,1,4,917504,2,224,1,4,28,0,128,pending_gpu_stop,pending_gpu_stop
8,7168,3072,9052,9052,140,32,64,128,1,1,1,1,4,917504,2,112,1,4,28,0,128,pending_gpu_stop,pending_gpu_stop
80,7168,16384,9063,9063,210,48,64,128,1,4,1,4,1,0,1,112,2,1,0,65408,128,pending_gpu_stop,pending_gpu_stop
80,7168,16384,9063,9063,211,48,64,128,1,4,1,4,2,4587520,2,112,2,2,280,62272,128,pending_gpu_stop,pending_gpu_stop
80,7168,16384,9063,9063,220,64,128,128,2,2,1,4,1,0,1,56,2,1,0,109696,128,pending_gpu_stop,pending_gpu_stop
80,7168,16384,9063,9063,221,64,128,128,2,2,1,4,2,4587520,2,56,2,2,280,105536,128,pending_gpu_stop,pending_gpu_stop
80,7168,16384,9063,9063,230,96,128,128,2,2,1,4,1,0,1,56,1,1,0,130688,128,pending_gpu_stop,pending_gpu_stop
80,7168,16384,9063,9063,231,96,128,128,2,2,1,4,2,4587520,2,56,1,2,280,124480,128,pending_gpu_stop,pending_gpu_stop
832,7168,16384,9061,9061,210,48,64,128,1,4,1,4,1,0,1,112,18,1,0,65408,128,pending_gpu_stop,pending_gpu_stop
832,7168,16384,9061,9061,211,48,64,128,1,4,1,4,2,47710208,2,112,18,2,2912,62272,128,pending_gpu_stop,pending_gpu_stop
832,7168,16384,9061,9061,220,64,128,128,2,2,1,4,1,0,1,56,13,1,0,109696,128,pending_gpu_stop,pending_gpu_stop
832,7168,16384,9061,9061,221,64,128,128,2,2,1,4,2,47710208,2,56,13,2,2912,105536,128,pending_gpu_stop,pending_gpu_stop
832,7168,16384,9061,9061,230,96,128,128,2,2,1,4,1,0,1,56,9,1,0,130688,128,pending_gpu_stop,pending_gpu_stop
832,7168,16384,9061,9061,231,96,128,128,2,2,1,4,2,47710208,2,56,9,2,2912,124480,128,pending_gpu_stop,pending_gpu_stop
1536,2048,7168,9061,9061,210,48,64,128,1,4,1,4,1,0,1,32,32,1,0,61880,128,pending_gpu_stop,pending_gpu_stop
1536,2048,7168,9061,9061,211,48,64,128,1,4,1,4,2,25165824,2,32,32,2,1536,60508,128,pending_gpu_stop,pending_gpu_stop
1536,2048,7168,9061,9061,220,64,128,128,2,2,1,4,1,0,1,16,24,1,0,105016,128,pending_gpu_stop,pending_gpu_stop
1536,2048,7168,9061,9061,221,64,128,128,2,2,1,4,2,25165824,2,16,24,2,1536,103196,128,pending_gpu_stop,pending_gpu_stop
1536,2048,7168,9061,9061,230,96,128,128,2,2,1,4,1,0,1,16,16,1,0,123704,128,pending_gpu_stop,pending_gpu_stop
1536,2048,7168,9061,9061,231,96,128,128,2,2,1,4,2,25165824,2,16,16,2,1536,120988,128,pending_gpu_stop,pending_gpu_stop
16,7168,768,9040,9040,110,16,16,128,1,1,1,1,4,1835008,2,448,1,4,56,0,128,pending_gpu_stop,pending_gpu_stop
16,7168,768,9040,9040,111,16,16,128,1,1,2,2,4,1835008,2,448,1,4,56,1024,128,pending_gpu_stop,pending_gpu_stop
16,7168,768,9040,9040,120,16,32,128,1,1,1,1,4,1835008,2,224,1,4,56,0,128,pending_gpu_stop,pending_gpu_stop
16,7168,768,9040,9040,121,16,32,128,1,1,2,2,4,1835008,2,224,1,4,56,2048,128,pending_gpu_stop,pending_gpu_stop
16,7168,768,9040,9040,130,32,32,128,1,1,1,1,4,1835008,2,224,1,4,56,0,128,pending_gpu_stop,pending_gpu_stop
16,7168,768,9040,9040,140,32,64,128,1,1,1,1,4,1835008,2,112,1,4,56,0,128,pending_gpu_stop,pending_gpu_stop
2,7168,384,9040,9040,110,16,16,128,1,1,1,1,4,229376,2,448,1,4,7,0,128,pending_gpu_stop,pending_gpu_stop
2,7168,384,9040,9040,111,16,16,128,1,1,2,2,4,229376,2,448,1,4,7,1024,128,pending_gpu_stop,pending_gpu_stop
2,7168,384,9040,9040,120,16,32,128,1,1,1,1,4,229376,2,224,1,4,7,0,128,pending_gpu_stop,pending_gpu_stop
2,7168,384,9040,9040,121,16,32,128,1,1,2,2,4,229376,2,224,1,4,7,2048,128,pending_gpu_stop,pending_gpu_stop
2,7168,384,9040,9040,130,32,32,128,1,1,1,1,4,229376,2,224,1,4,7,0,128,pending_gpu_stop,pending_gpu_stop
2,7168,384,9040,9040,140,32,64,128,1,1,1,1,4,229376,2,112,1,4,7,0,128,pending_gpu_stop,pending_gpu_stop
1,7168,3072,9052,9052,110,16,16,128,1,1,1,1,4,114688,2,448,1,4,4,0,128,pending_gpu_stop,pending_gpu_stop
1,7168,3072,9052,9052,111,16,16,128,1,1,2,2,4,114688,2,448,1,4,4,1024,128,pending_gpu_stop,pending_gpu_stop
1,7168,3072,9052,9052,120,16,32,128,1,1,1,1,4,114688,2,224,1,4,4,0,128,pending_gpu_stop,pending_gpu_stop
1,7168,3072,9052,9052,121,16,32,128,1,1,2,2,4,114688,2,224,1,4,4,2048,128,pending_gpu_stop,pending_gpu_stop
1,7168,3072,9052,9052,130,32,32,128,1,1,1,1,4,114688,2,224,1,4,4,0,128,pending_gpu_stop,pending_gpu_stop
1,7168,3072,9052,9052,140,32,64,128,1,1,1,1,4,114688,2,112,1,4,4,0,128,pending_gpu_stop,pending_gpu_stop
160,16384,1536,9060,9060,210,48,64,128,1,4,1,4,1,0,1,256,4,1,0,59724,128,pending_gpu_stop,pending_gpu_stop
160,16384,1536,9060,9060,211,48,64,128,1,4,1,4,2,20971520,2,256,4,2,1280,59430,128,pending_gpu_stop,pending_gpu_stop
160,16384,1536,9060,9060,220,64,128,128,2,2,1,4,1,0,1,128,3,1,0,102156,128,pending_gpu_stop,pending_gpu_stop
160,16384,1536,9060,9060,221,64,128,128,2,2,1,4,2,20971520,2,128,3,2,1280,101766,128,pending_gpu_stop,pending_gpu_stop
160,16384,1536,9060,9060,230,96,128,128,2,2,1,4,1,0,1,128,2,1,0,119436,128,pending_gpu_stop,pending_gpu_stop
160,16384,1536,9060,9060,231,96,128,128,2,2,1,4,2,20971520,2,128,2,2,1280,118854,128,pending_gpu_stop,pending_gpu_stop
112,7168,16384,9063,9068,210,48,64,128,1,4,1,4,1,0,1,112,3,1,0,65408,128,pending_gpu_stop,pending_gpu_stop
112,7168,16384,9063,9068,211,48,64,128,1,4,1,4,2,6422528,2,112,3,2,392,62272,128,pending_gpu_stop,pending_gpu_stop
112,7168,16384,9063,9068,220,64,128,128,2,2,1,4,1,0,1,56,2,1,0,109696,128,pending_gpu_stop,pending_gpu_stop
112,7168,16384,9063,9068,221,64,128,128,2,2,1,4,2,6422528,2,56,2,2,392,105536,128,pending_gpu_stop,pending_gpu_stop
112,7168,16384,9063,9068,230,96,128,128,2,2,1,4,1,0,1,56,2,1,0,130688,128,pending_gpu_stop,pending_gpu_stop
112,7168,16384,9063,9068,231,96,128,128,2,2,1,4,2,6422528,2,56,2,2,392,124480,128,pending_gpu_stop,pending_gpu_stop
2,7168,768,9040,9040,110,16,16,128,1,1,1,1,4,229376,2,448,1,4,7,0,128,pending_gpu_stop,pending_gpu_stop
2,7168,768,9040,9040,111,16,16,128,1,1,2,2,4,229376,2,448,1,4,7,1024,128,pending_gpu_stop,pending_gpu_stop
2,7168,768,9040,9040,120,16,32,128,1,1,1,1,4,229376,2,224,1,4,7,0,128,pending_gpu_stop,pending_gpu_stop
2,7168,768,9040,9040,121,16,32,128,1,1,2,2,4,229376,2,224,1,4,7,2048,128,pending_gpu_stop,pending_gpu_stop
2,7168,768,9040,9040,130,32,32,128,1,1,1,1,4,229376,2,224,1,4,7,0,128,pending_gpu_stop,pending_gpu_stop
2,7168,768,9040,9040,140,32,64,128,1,1,1,1,4,229376,2,112,1,4,7,0,128,pending_gpu_stop,pending_gpu_stop
864,7168,16384,9061,9061,210,48,64,128,1,4,1,4,1,0,1,112,18,1,0,65408,128,pending_gpu_stop,pending_gpu_stop
864,7168,16384,9061,9061,211,48,64,128,1,4,1,4,2,49545216,2,112,18,2,3024,62272,128,pending_gpu_stop,pending_gpu_stop
864,7168,16384,9061,9061,220,64,128,128,2,2,1,4,1,0,1,56,14,1,0,109696,128,pending_gpu_stop,pending_gpu_stop
864,7168,16384,9061,9061,221,64,128,128,2,2,1,4,2,49545216,2,56,14,2,3024,105536,128,pending_gpu_stop,pending_gpu_stop
864,7168,16384,9061,9061,230,96,128,128,2,2,1,4,1,0,1,56,9,1,0,130688,128,pending_gpu_stop,pending_gpu_stop
864,7168,16384,9061,9061,231,96,128,128,2,2,1,4,2,49545216,2,56,9,2,3024,124480,128,pending_gpu_stop,pending_gpu_stop
