gfx,cu_num,M,N,K,libtype,kernelId,splitK,us,kernelName,tflops,bw,errRatio
gfx950,256,2048,768,7168,opus,9000,0,90.9574,opus_gemm_gfx950_a8w8_mxscale_gemm_bpreshuffle_256x256x256x128_2x2_16x16x128_1x128x128_tiles1_nooob,247.9,256.5,0.0
gfx950,256,4096,768,7168,opus,9000,0,90.4724,opus_gemm_gfx950_a8w8_mxscale_gemm_bpreshuffle_256x256x256x128_2x2_16x16x128_1x128x128_tiles1_nooob,498.46,454.91,0.0
gfx950,256,6144,768,7168,opus,9000,0,91.3172,opus_gemm_gfx950_a8w8_mxscale_gemm_bpreshuffle_256x256x256x128_2x2_16x16x128_1x128x128_tiles1_nooob,740.78,645.91,0.0
gfx950,256,8192,768,7168,opus,9000,0,93.0624,opus_gemm_gfx950_a8w8_mxscale_gemm_bpreshuffle_256x256x256x128_2x2_16x16x128_1x128x128_tiles1_nooob,969.18,825.34,0.0
gfx950,256,10240,768,7168,opus,9000,0,95.1932,opus_gemm_gfx950_a8w8_mxscale_gemm_bpreshuffle_256x256x256x128_2x2_16x16x128_1x128x128_tiles1_nooob,1184.36,994.13,0.0
gfx950,256,12288,768,7168,opus,9000,0,98.733,opus_gemm_gfx950_a8w8_mxscale_gemm_bpreshuffle_256x256x256x128_2x2_16x16x128_1x128x128_tiles1_nooob,1370.28,1139.03,0.0
gfx950,256,14336,768,7168,opus,9000,0,102.3319,opus_gemm_gfx950_a8w8_mxscale_gemm_bpreshuffle_256x256x256x128_2x2_16x16x128_1x128x128_tiles1_nooob,1542.43,1273.17,0.0
gfx950,256,16384,768,7168,opus,9000,0,106.5368,opus_gemm_gfx950_a8w8_mxscale_gemm_bpreshuffle_256x256x256x128_2x2_16x16x128_1x128x128_tiles1_nooob,1693.2,1390.24,0.0
gfx950,256,32768,768,7168,opus,9000,0,201.6256,opus_gemm_gfx950_a8w8_mxscale_gemm_bpreshuffle_256x256x256x128_2x2_16x16x128_1x128x128_tiles1_nooob,1789.34,1441.87,0.0
gfx950,256,2048,2048,7168,opus,9000,0,89.7207,opus_gemm_gfx950_a8w8_mxscale_gemm_bpreshuffle_256x256x256x128_2x2_16x16x128_1x128x128_tiles1_nooob,670.19,420.74,0.0
gfx950,256,4096,2048,7168,opus,9000,0,92.9781,opus_gemm_gfx950_a8w8_mxscale_gemm_bpreshuffle_256x256x256x128_2x2_16x16x128_1x128x128_tiles1_nooob,1293.41,654.1,0.0
gfx950,256,6144,2048,7168,opus,9000,0,102.4191,opus_gemm_gfx950_a8w8_mxscale_gemm_bpreshuffle_256x256x256x128_2x2_16x16x128_1x128x128_tiles1_nooob,1761.28,819.05,0.0
gfx950,256,8192,2048,7168,opus,9000,0,116.4462,opus_gemm_gfx950_a8w8_mxscale_gemm_bpreshuffle_256x256x256x128_2x2_16x16x128_1x128x128_tiles1_nooob,2065.49,918.49,0.0
gfx950,256,10240,2048,7168,opus,9000,0,192.0946,opus_gemm_gfx950_a8w8_mxscale_gemm_bpreshuffle_256x256x256x128_2x2_16x16x128_1x128x128_tiles1_nooob,1565.1,676.87,0.0
gfx950,256,12288,2048,7168,opus,9000,0,196.6547,opus_gemm_gfx950_a8w8_mxscale_gemm_bpreshuffle_256x256x256x128_2x2_16x16x128_1x128x128_tiles1_nooob,1834.57,778.48,0.0
gfx950,256,14336,2048,7168,opus,9000,0,202.216,opus_gemm_gfx950_a8w8_mxscale_gemm_bpreshuffle_256x256x256x128_2x2_16x16x128_1x128x128_tiles1_nooob,2081.47,871.15,0.0
gfx950,256,16384,2048,7168,opus,9000,0,213.3649,opus_gemm_gfx950_a8w8_mxscale_gemm_bpreshuffle_256x256x256x128_2x2_16x16x128_1x128x128_tiles1_nooob,2254.52,933.75,0.0
gfx950,256,32768,2048,7168,opus,9000,0,408.726,opus_gemm_gfx950_a8w8_mxscale_gemm_bpreshuffle_256x256x256x128_2x2_16x16x128_1x128x128_tiles1_nooob,2353.83,938.96,0.0
gfx950,256,2048,6144,7168,opus,9000,0,97.5007,opus_gemm_gfx950_a8w8_mxscale_gemm_bpreshuffle_256x256x256x128_2x2_16x16x128_1x128x128_tiles1_nooob,1850.13,860.36,0.0
gfx950,256,4096,6144,7168,opus,9000,0,188.7386,opus_gemm_gfx950_a8w8_mxscale_gemm_bpreshuffle_256x256x256x128_2x2_16x16x128_1x128x128_tiles1_nooob,1911.52,655.57,0.0
gfx950,256,6144,6144,7168,opus,9000,0,283.8824,opus_gemm_gfx950_a8w8_mxscale_gemm_bpreshuffle_256x256x256x128_2x2_16x16x128_1x128x128_tiles1_nooob,1906.3,576.22,0.0
gfx950,256,8192,6144,7168,opus,9000,0,296.2313,opus_gemm_gfx950_a8w8_mxscale_gemm_bpreshuffle_256x256x256x128_2x2_16x16x128_1x128x128_tiles1_nooob,2435.78,686.71,0.0
gfx950,256,10240,6144,7168,opus,9000,0,385.8977,opus_gemm_gfx950_a8w8_mxscale_gemm_bpreshuffle_256x256x256x128_2x2_16x16x128_1x128x128_tiles1_nooob,2337.26,630.4,0.0
gfx950,256,12288,6144,7168,opus,9000,0,474.9119,opus_gemm_gfx950_a8w8_mxscale_gemm_bpreshuffle_256x256x256x128_2x2_16x16x128_1x128x128_tiles1_nooob,2279.02,596.14,0.0
gfx950,256,14336,6144,7168,opus,9000,0,575.4883,opus_gemm_gfx950_a8w8_mxscale_gemm_bpreshuffle_256x256x256x128_2x2_16x16x128_1x128x128_tiles1_nooob,2194.17,561.2,0.0
gfx950,256,16384,6144,7168,opus,9000,0,583.2655,opus_gemm_gfx950_a8w8_mxscale_gemm_bpreshuffle_256x256x256x128_2x2_16x16x128_1x128x128_tiles1_nooob,2474.19,622.03,0.0
gfx950,256,20480,6144,7168,opus,9000,0,773.9428,opus_gemm_gfx950_a8w8_mxscale_gemm_bpreshuffle_256x256x256x128_2x2_16x16x128_1x128x128_tiles1_nooob,2330.77,571.75,0.0
gfx950,256,24576,6144,7168,opus,9000,0,867.1956,opus_gemm_gfx950_a8w8_mxscale_gemm_bpreshuffle_256x256x256x128_2x2_16x16x128_1x128x128_tiles1_nooob,2496.17,602.16,0.0
gfx950,256,28672,6144,7168,opus,9000,0,1066.4286,opus_gemm_gfx950_a8w8_mxscale_gemm_bpreshuffle_256x256x256x128_2x2_16x16x128_1x128x128_tiles1_nooob,2368.13,564.39,0.0
gfx950,256,32768,6144,7168,opus,9000,0,1168.8407,opus_gemm_gfx950_a8w8_mxscale_gemm_bpreshuffle_256x256x256x128_2x2_16x16x128_1x128x128_tiles1_nooob,2469.3,583.12,0.0
gfx950,256,40960,6144,7168,opus,9000,0,1463.6,opus_gemm_gfx950_a8w8_mxscale_gemm_bpreshuffle_256x256x256x128_2x2_16x16x128_1x128x128_tiles1_nooob,2465.0,574.58,0.0
gfx950,256,49152,6144,7168,opus,9000,0,1739.2507,opus_gemm_gfx950_a8w8_mxscale_gemm_bpreshuffle_256x256x256x128_2x2_16x16x128_1x128x128_tiles1_nooob,2489.19,575.16,0.0
gfx950,256,57344,6144,7168,opus,9000,0,2033.7209,opus_gemm_gfx950_a8w8_mxscale_gemm_bpreshuffle_256x256x256x128_2x2_16x16x128_1x128x128_tiles1_nooob,2483.57,570.25,0.0
gfx950,256,65536,6144,7168,opus,9000,0,2312.2491,opus_gemm_gfx950_a8w8_mxscale_gemm_bpreshuffle_256x256x256x128_2x2_16x16x128_1x128x128_tiles1_nooob,2496.46,570.49,0.0
gfx950,256,2048,7168,384,opus,9000,0,16.2,opus_gemm_gfx950_a8w8_mxscale_gemm_bpreshuffle_256x256x256x128_2x2_16x16x128_1x128x128_tiles1_nooob,695.94,2030.81,0.0
gfx950,256,2048,7168,768,opus,9000,0,20.7952,opus_gemm_gfx950_a8w8_mxscale_gemm_bpreshuffle_256x256x256x128_2x2_16x16x128_1x128x128_tiles1_nooob,1084.32,1752.23,0.0
gfx950,256,2048,7168,1024,opus,9000,0,23.2328,opus_gemm_gfx950_a8w8_mxscale_gemm_bpreshuffle_256x256x256x128_2x2_16x16x128_1x128x128_tiles1_nooob,1294.07,1669.94,0.0
gfx950,256,2048,7168,3072,opus,9000,0,49.2554,opus_gemm_gfx950_a8w8_mxscale_gemm_bpreshuffle_256x256x256x128_2x2_16x16x128_1x128x128_tiles1_nooob,1831.16,1170.87,0.0
gfx950,256,2048,7168,7168,opus,9000,0,101.0071,opus_gemm_gfx950_a8w8_mxscale_gemm_bpreshuffle_256x256x256x128_2x2_16x16x128_1x128x128_tiles1_nooob,2083.55,944.69,0.0
gfx950,256,2048,7168,16384,opus,9000,0,219.1273,opus_gemm_gfx950_a8w8_mxscale_gemm_bpreshuffle_256x256x256x128_2x2_16x16x128_1x128x128_tiles1_nooob,2195.24,823.06,0.0
gfx950,256,4096,7168,384,opus,9000,0,27.5352,opus_gemm_gfx950_a8w8_mxscale_gemm_bpreshuffle_256x256x256x128_2x2_16x16x128_1x128x128_tiles1_nooob,818.9,2289.64,0.0
gfx950,256,4096,7168,768,opus,9000,0,37.1602,opus_gemm_gfx950_a8w8_mxscale_gemm_bpreshuffle_256x256x256x128_2x2_16x16x128_1x128x128_tiles1_nooob,1213.59,1812.99,0.0
gfx950,256,4096,7168,1024,opus,9000,0,42.7806,opus_gemm_gfx950_a8w8_mxscale_gemm_bpreshuffle_256x256x256x128_2x2_16x16x128_1x128x128_tiles1_nooob,1405.53,1642.21,0.0
gfx950,256,4096,7168,3072,opus,9000,0,95.7623,opus_gemm_gfx950_a8w8_mxscale_gemm_bpreshuffle_256x256x256x128_2x2_16x16x128_1x128x128_tiles1_nooob,1883.71,974.53,0.0
gfx950,256,4096,7168,7168,opus,9000,0,193.0749,opus_gemm_gfx950_a8w8_mxscale_gemm_bpreshuffle_256x256x256x128_2x2_16x16x128_1x128x128_tiles1_nooob,2180.02,722.31,0.0
gfx950,256,4096,7168,16384,opus,9000,0,406.7107,opus_gemm_gfx950_a8w8_mxscale_gemm_bpreshuffle_256x256x256x128_2x2_16x16x128_1x128x128_tiles1_nooob,2365.5,598.14,0.0
gfx950,256,6144,7168,384,opus,9000,0,39.5365,opus_gemm_gfx950_a8w8_mxscale_gemm_bpreshuffle_256x256x256x128_2x2_16x16x128_1x128x128_tiles1_nooob,855.48,2357.12,0.0
gfx950,256,6144,7168,768,opus,9000,0,54.0117,opus_gemm_gfx950_a8w8_mxscale_gemm_bpreshuffle_256x256x256x128_2x2_16x16x128_1x128x128_tiles1_nooob,1252.43,1820.05,0.0
gfx950,256,6144,7168,3072,opus,9000,0,139.3406,opus_gemm_gfx950_a8w8_mxscale_gemm_bpreshuffle_256x256x256x128_2x2_16x16x128_1x128x128_tiles1_nooob,1941.88,925.61,0.0
gfx950,256,6144,7168,7168,opus,9000,0,287.605,opus_gemm_gfx950_a8w8_mxscale_gemm_bpreshuffle_256x256x256x128_2x2_16x16x128_1x128x128_tiles1_nooob,2195.23,638.03,0.0
gfx950,256,6144,7168,16384,opus,9000,0,612.9124,opus_gemm_gfx950_a8w8_mxscale_gemm_bpreshuffle_256x256x256x128_2x2_16x16x128_1x128x128_tiles1_nooob,2354.51,499.56,0.0
gfx950,256,8192,7168,384,opus,9000,0,50.5578,opus_gemm_gfx950_a8w8_mxscale_gemm_bpreshuffle_256x256x256x128_2x2_16x16x128_1x128x128_tiles1_nooob,891.99,2439.56,0.0
gfx950,256,8192,7168,768,opus,9000,0,71.714,opus_gemm_gfx950_a8w8_mxscale_gemm_bpreshuffle_256x256x256x128_2x2_16x16x128_1x128x128_tiles1_nooob,1257.69,1802.12,0.0
gfx950,256,8192,7168,1024,opus,9000,0,81.3581,opus_gemm_gfx950_a8w8_mxscale_gemm_bpreshuffle_256x256x256x128_2x2_16x16x128_1x128x128_tiles1_nooob,1478.15,1636.83,0.0
gfx950,256,8192,7168,3072,opus,9000,0,185.2071,opus_gemm_gfx950_a8w8_mxscale_gemm_bpreshuffle_256x256x256x128_2x2_16x16x128_1x128x128_tiles1_nooob,1947.97,888.88,0.0
gfx950,256,8192,7168,7168,opus,9000,0,384.6677,opus_gemm_gfx950_a8w8_mxscale_gemm_bpreshuffle_256x256x256x128_2x2_16x16x128_1x128x128_tiles1_nooob,2188.42,591.53,0.0
gfx950,256,8192,7168,16384,opus,9000,0,831.8096,opus_gemm_gfx950_a8w8_mxscale_gemm_bpreshuffle_256x256x256x128_2x2_16x16x128_1x128x128_tiles1_nooob,2313.2,443.73,0.0
gfx950,256,10240,7168,384,opus,9000,0,61.6495,opus_gemm_gfx950_a8w8_mxscale_gemm_bpreshuffle_256x256x256x128_2x2_16x16x128_1x128x128_tiles1_nooob,914.39,2489.64,0.0
gfx950,256,10240,7168,768,opus,9000,0,86.2473,opus_gemm_gfx950_a8w8_mxscale_gemm_bpreshuffle_256x256x256x128_2x2_16x16x128_1x128x128_tiles1_nooob,1307.2,1857.1,0.0
gfx950,256,10240,7168,3072,opus,9000,0,226.3349,opus_gemm_gfx950_a8w8_mxscale_gemm_bpreshuffle_256x256x256x128_2x2_16x16x128_1x128x128_tiles1_nooob,1992.5,884.87,0.0
gfx950,256,10240,7168,7168,opus,9000,0,467.5656,opus_gemm_gfx950_a8w8_mxscale_gemm_bpreshuffle_256x256x256x128_2x2_16x16x128_1x128x128_tiles1_nooob,2250.52,580.84,0.0
gfx950,256,10240,7168,16384,opus,9000,0,1005.8887,opus_gemm_gfx950_a8w8_mxscale_gemm_bpreshuffle_256x256x256x128_2x2_16x16x128_1x128x128_tiles1_nooob,2391.1,429.48,0.0
gfx950,256,12288,7168,384,opus,9000,0,73.9747,opus_gemm_gfx950_a8w8_mxscale_gemm_bpreshuffle_256x256x256x128_2x2_16x16x128_1x128x128_tiles1_nooob,914.44,2482.36,0.0
gfx950,256,12288,7168,768,opus,9000,0,100.6007,opus_gemm_gfx950_a8w8_mxscale_gemm_bpreshuffle_256x256x256x128_2x2_16x16x128_1x128x128_tiles1_nooob,1344.84,1899.62,0.0
gfx950,256,12288,7168,3072,opus,9000,0,266.3422,opus_gemm_gfx950_a8w8_mxscale_gemm_bpreshuffle_256x256x256x128_2x2_16x16x128_1x128x128_tiles1_nooob,2031.84,885.81,0.0
gfx950,256,12288,7168,7168,opus,9000,0,545.6151,opus_gemm_gfx950_a8w8_mxscale_gemm_bpreshuffle_256x256x256x128_2x2_16x16x128_1x128x128_tiles1_nooob,2314.31,578.47,0.0
gfx950,256,12288,7168,16384,opus,9000,0,1213.5554,opus_gemm_gfx950_a8w8_mxscale_gemm_bpreshuffle_256x256x256x128_2x2_16x16x128_1x128x128_tiles1_nooob,2378.32,407.83,0.0
gfx950,256,14336,7168,384,opus,9000,0,85.7895,opus_gemm_gfx950_a8w8_mxscale_gemm_bpreshuffle_256x256x256x128_2x2_16x16x128_1x128x128_tiles1_nooob,919.93,2491.9,0.0
gfx950,256,14336,7168,768,opus,9000,0,115.508,opus_gemm_gfx950_a8w8_mxscale_gemm_bpreshuffle_256x256x256x128_2x2_16x16x128_1x128x128_tiles1_nooob,1366.49,1922.26,0.0
gfx950,256,14336,7168,3072,opus,9000,0,299.7375,opus_gemm_gfx950_a8w8_mxscale_gemm_bpreshuffle_256x256x256x128_2x2_16x16x128_1x128x128_tiles1_nooob,2106.38,906.06,0.0
gfx950,256,14336,7168,7168,opus,9000,0,616.0589,opus_gemm_gfx950_a8w8_mxscale_gemm_bpreshuffle_256x256x256x128_2x2_16x16x128_1x128x128_tiles1_nooob,2391.29,583.81,0.0
gfx950,256,14336,7168,16384,opus,9000,0,1428.9541,opus_gemm_gfx950_a8w8_mxscale_gemm_bpreshuffle_256x256x256x128_2x2_16x16x128_1x128x128_tiles1_nooob,2356.45,390.39,0.0
gfx950,256,16384,7168,384,opus,9000,0,90.9246,opus_gemm_gfx950_a8w8_mxscale_gemm_bpreshuffle_256x256x256x128_2x2_16x16x128_1x128x128_tiles1_nooob,991.97,2682.72,0.0
gfx950,256,16384,7168,768,opus,9000,0,125.4601,opus_gemm_gfx950_a8w8_mxscale_gemm_bpreshuffle_256x256x256x128_2x2_16x16x128_1x128x128_tiles1_nooob,1437.82,2016.33,0.0
gfx950,256,16384,7168,1024,opus,9000,0,145.9636,opus_gemm_gfx950_a8w8_mxscale_gemm_bpreshuffle_256x256x256x128_2x2_16x16x128_1x128x128_tiles1_nooob,1647.8,1774.4,0.0
gfx950,256,16384,7168,3072,opus,9000,0,330.2224,opus_gemm_gfx950_a8w8_mxscale_gemm_bpreshuffle_256x256x256x128_2x2_16x16x128_1x128x128_tiles1_nooob,2185.06,930.38,0.0
gfx950,256,16384,7168,7168,opus,9000,0,687.5994,opus_gemm_gfx950_a8w8_mxscale_gemm_bpreshuffle_256x256x256x128_2x2_16x16x128_1x128x128_tiles1_nooob,2448.56,587.12,0.0
gfx950,256,16384,7168,16384,opus,9000,0,1516.7169,opus_gemm_gfx950_a8w8_mxscale_gemm_bpreshuffle_256x256x256x128_2x2_16x16x128_1x128x128_tiles1_nooob,2537.25,409.28,0.0
gfx950,256,20480,7168,768,opus,9000,0,156.3505,opus_gemm_gfx950_a8w8_mxscale_gemm_bpreshuffle_256x256x256x128_2x2_16x16x128_1x128x128_tiles1_nooob,1442.18,2013.65,0.0
gfx950,256,20480,7168,3072,opus,9000,0,419.9123,opus_gemm_gfx950_a8w8_mxscale_gemm_bpreshuffle_256x256x256x128_2x2_16x16x128_1x128x128_tiles1_nooob,2147.93,901.46,0.0
gfx950,256,20480,7168,7168,opus,9000,0,876.2172,opus_gemm_gfx950_a8w8_mxscale_gemm_bpreshuffle_256x256x256x128_2x2_16x16x128_1x128x128_tiles1_nooob,2401.84,561.26,0.0
gfx950,256,20480,7168,16384,opus,9000,0,1883.5349,opus_gemm_gfx950_a8w8_mxscale_gemm_bpreshuffle_256x256x256x128_2x2_16x16x128_1x128x128_tiles1_nooob,2553.9,396.37,0.0
gfx950,256,24576,7168,768,opus,9000,0,186.8529,opus_gemm_gfx950_a8w8_mxscale_gemm_bpreshuffle_256x256x256x128_2x2_16x16x128_1x128x128_tiles1_nooob,1448.11,2016.03,0.0
gfx950,256,24576,7168,3072,opus,9000,0,496.1935,opus_gemm_gfx950_a8w8_mxscale_gemm_bpreshuffle_256x256x256x128_2x2_16x16x128_1x128x128_tiles1_nooob,2181.27,906.58,0.0
gfx950,256,24576,7168,7168,opus,9000,0,1048.8131,opus_gemm_gfx950_a8w8_mxscale_gemm_bpreshuffle_256x256x256x128_2x2_16x16x128_1x128x128_tiles1_nooob,2407.9,552.87,0.0
gfx950,256,24576,7168,16384,opus,9000,0,2327.3869,opus_gemm_gfx950_a8w8_mxscale_gemm_bpreshuffle_256x256x256x128_2x2_16x16x128_1x128x128_tiles1_nooob,2480.22,374.85,0.0
gfx950,256,28672,7168,768,opus,9000,0,211.5936,opus_gemm_gfx950_a8w8_mxscale_gemm_bpreshuffle_256x256x256x128_2x2_16x16x128_1x128x128_tiles1_nooob,1491.92,2072.69,0.0
gfx950,256,28672,7168,3072,opus,9000,0,568.7961,opus_gemm_gfx950_a8w8_mxscale_gemm_bpreshuffle_256x256x256x128_2x2_16x16x128_1x128x128_tiles1_nooob,2219.99,916.22,0.0
gfx950,256,28672,7168,7168,opus,9000,0,1183.2112,opus_gemm_gfx950_a8w8_mxscale_gemm_bpreshuffle_256x256x256x128_2x2_16x16x128_1x128x128_tiles1_nooob,2490.13,564.52,0.0
gfx950,256,28672,7168,16384,opus,9000,0,2573.9616,opus_gemm_gfx950_a8w8_mxscale_gemm_bpreshuffle_256x256x256x128_2x2_16x16x128_1x128x128_tiles1_nooob,2616.4,387.82,0.0
gfx950,256,32768,7168,384,opus,9000,0,174.2278,opus_gemm_gfx950_a8w8_mxscale_gemm_bpreshuffle_256x256x256x128_2x2_16x16x128_1x128x128_tiles1_nooob,1035.36,2784.27,0.0
gfx950,256,32768,7168,768,opus,9000,0,242.1948,opus_gemm_gfx950_a8w8_mxscale_gemm_bpreshuffle_256x256x256x128_2x2_16x16x128_1x128x128_tiles1_nooob,1489.62,2066.24,0.0
gfx950,256,32768,7168,1024,opus,9000,0,281.1415,opus_gemm_gfx950_a8w8_mxscale_gemm_bpreshuffle_256x256x256x128_2x2_16x16x128_1x128x128_tiles1_nooob,1711.01,1816.37,0.0
gfx950,256,32768,7168,3072,opus,9000,0,655.3204,opus_gemm_gfx950_a8w8_mxscale_gemm_bpreshuffle_256x256x256x128_2x2_16x16x128_1x128x128_tiles1_nooob,2202.14,904.05,0.0
gfx950,256,32768,7168,7168,opus,9000,0,1372.4112,opus_gemm_gfx950_a8w8_mxscale_gemm_bpreshuffle_256x256x256x128_2x2_16x16x128_1x128x128_tiles1_nooob,2453.53,550.87,0.0
gfx950,256,32768,7168,16384,opus,9000,0,2990.4906,opus_gemm_gfx950_a8w8_mxscale_gemm_bpreshuffle_256x256x256x128_2x2_16x16x128_1x128x128_tiles1_nooob,2573.69,375.88,0.0
gfx950,256,40960,7168,768,opus,9000,0,299.7425,opus_gemm_gfx950_a8w8_mxscale_gemm_bpreshuffle_256x256x256x128_2x2_16x16x128_1x128x128_tiles1_nooob,1504.53,2082.34,0.0
gfx950,256,40960,7168,3072,opus,9000,0,793.1622,opus_gemm_gfx950_a8w8_mxscale_gemm_bpreshuffle_256x256x256x128_2x2_16x16x128_1x128x128_tiles1_nooob,2274.3,926.74,0.0
gfx950,256,40960,7168,7168,opus,9000,0,1675.9628,opus_gemm_gfx950_a8w8_mxscale_gemm_bpreshuffle_256x256x256x128_2x2_16x16x128_1x128x128_tiles1_nooob,2511.43,556.21,0.0
gfx950,256,40960,7168,16384,opus,9000,0,3666.0813,opus_gemm_gfx950_a8w8_mxscale_gemm_bpreshuffle_256x256x256x128_2x2_16x16x128_1x128x128_tiles1_nooob,2624.25,375.26,0.0
gfx950,256,49152,7168,768,opus,9000,0,360.3469,opus_gemm_gfx950_a8w8_mxscale_gemm_bpreshuffle_256x256x256x128_2x2_16x16x128_1x128x128_tiles1_nooob,1501.79,2075.49,0.0
gfx950,256,49152,7168,3072,opus,9000,0,961.3925,opus_gemm_gfx950_a8w8_mxscale_gemm_bpreshuffle_256x256x256x128_2x2_16x16x128_1x128x128_tiles1_nooob,2251.59,912.9,0.0
gfx950,256,49152,7168,7168,opus,9000,0,2051.0774,opus_gemm_gfx950_a8w8_mxscale_gemm_bpreshuffle_256x256x256x128_2x2_16x16x128_1x128x128_tiles1_nooob,2462.55,540.37,0.0
gfx950,256,49152,7168,16384,opus,9000,0,4517.7664,opus_gemm_gfx950_a8w8_mxscale_gemm_bpreshuffle_256x256x256x128_2x2_16x16x128_1x128x128_tiles1_nooob,2555.44,360.22,0.0
gfx950,256,57344,7168,768,opus,9000,0,413.1771,opus_gemm_gfx950_a8w8_mxscale_gemm_bpreshuffle_256x256x256x128_2x2_16x16x128_1x128x128_tiles1_nooob,1528.06,2109.58,0.0
gfx950,256,57344,7168,3072,opus,9000,0,1128.9212,opus_gemm_gfx950_a8w8_mxscale_gemm_bpreshuffle_256x256x256x128_2x2_16x16x128_1x128x128_tiles1_nooob,2237.04,903.75,0.0
gfx950,256,57344,7168,7168,opus,9000,0,2367.6303,opus_gemm_gfx950_a8w8_mxscale_gemm_bpreshuffle_256x256x256x128_2x2_16x16x128_1x128x128_tiles1_nooob,2488.86,542.53,0.0
gfx950,256,57344,7168,16384,opus,9000,0,5193.6912,opus_gemm_gfx950_a8w8_mxscale_gemm_bpreshuffle_256x256x256x128_2x2_16x16x128_1x128x128_tiles1_nooob,2593.34,361.79,0.0
gfx950,256,65536,7168,768,opus,9000,0,469.5167,opus_gemm_gfx950_a8w8_mxscale_gemm_bpreshuffle_256x256x256x128_2x2_16x16x128_1x128x128_tiles1_nooob,1536.8,2119.97,0.0
gfx950,256,65536,7168,3072,opus,9000,0,1277.82,opus_gemm_gfx950_a8w8_mxscale_gemm_bpreshuffle_256x256x256x128_2x2_16x16x128_1x128x128_tiles1_nooob,2258.7,910.04,0.0
gfx950,256,65536,7168,7168,opus,9000,0,2701.0023,opus_gemm_gfx950_a8w8_mxscale_gemm_bpreshuffle_256x256x256x128_2x2_16x16x128_1x128x128_tiles1_nooob,2493.34,540.79,0.0
gfx950,256,65536,7168,16384,opus,9000,0,5901.7956,opus_gemm_gfx950_a8w8_mxscale_gemm_bpreshuffle_256x256x256x128_2x2_16x16x128_1x128x128_tiles1_nooob,2608.22,361.03,0.0
gfx950,256,2048,16384,1536,opus,9000,0,59.5008,opus_gemm_gfx950_a8w8_mxscale_gemm_bpreshuffle_256x256x256x128_2x2_16x16x128_1x128x128_tiles1_nooob,1732.4,1603.68,0.0
gfx950,256,4096,16384,1536,opus,9000,0,113.2976,opus_gemm_gfx950_a8w8_mxscale_gemm_bpreshuffle_256x256x256x128_2x2_16x16x128_1x128x128_tiles1_nooob,1819.62,1462.3,0.0
gfx950,256,6144,16384,1536,opus,9000,0,167.7298,opus_gemm_gfx950_a8w8_mxscale_gemm_bpreshuffle_256x256x256x128_2x2_16x16x128_1x128x128_tiles1_nooob,1843.67,1406.61,0.0
gfx950,256,8192,16384,1536,opus,9000,0,222.4498,opus_gemm_gfx950_a8w8_mxscale_gemm_bpreshuffle_256x256x256x128_2x2_16x16x128_1x128x128_tiles1_nooob,1853.53,1376.42,0.0
gfx950,256,10240,16384,1536,opus,9000,0,275.5689,opus_gemm_gfx950_a8w8_mxscale_gemm_bpreshuffle_256x256x256x128_2x2_16x16x128_1x128x128_tiles1_nooob,1870.3,1366.04,0.0
gfx950,256,12288,16384,1536,opus,9000,0,327.3089,opus_gemm_gfx950_a8w8_mxscale_gemm_bpreshuffle_256x256x256x128_2x2_16x16x128_1x128x128_tiles1_nooob,1889.58,1364.75,0.0
gfx950,256,14336,16384,1536,opus,9000,0,384.3258,opus_gemm_gfx950_a8w8_mxscale_gemm_bpreshuffle_256x256x256x128_2x2_16x16x128_1x128x128_tiles1_nooob,1877.46,1345.08,0.0
gfx950,256,16384,16384,1536,opus,9000,0,441.8609,opus_gemm_gfx950_a8w8_mxscale_gemm_bpreshuffle_256x256x256x128_2x2_16x16x128_1x128x128_tiles1_nooob,1866.27,1328.93,0.0
gfx950,256,20480,16384,1536,opus,9000,0,548.1155,opus_gemm_gfx950_a8w8_mxscale_gemm_bpreshuffle_256x256x256x128_2x2_16x16x128_1x128x128_tiles1_nooob,1880.61,1327.66,0.0
gfx950,256,24576,16384,1536,opus,9000,0,651.4797,opus_gemm_gfx950_a8w8_mxscale_gemm_bpreshuffle_256x256x256x128_2x2_16x16x128_1x128x128_tiles1_nooob,1898.68,1332.69,0.0
gfx950,256,28672,16384,1536,opus,9000,0,767.2356,opus_gemm_gfx950_a8w8_mxscale_gemm_bpreshuffle_256x256x256x128_2x2_16x16x128_1x128x128_tiles1_nooob,1880.92,1314.76,0.0
gfx950,256,32768,16384,1536,opus,9000,0,880.8289,opus_gemm_gfx950_a8w8_mxscale_gemm_bpreshuffle_256x256x256x128_2x2_16x16x128_1x128x128_tiles1_nooob,1872.4,1304.72,0.0
gfx950,256,40960,16384,1536,opus,9000,0,1092.9719,opus_gemm_gfx950_a8w8_mxscale_gemm_bpreshuffle_256x256x256x128_2x2_16x16x128_1x128x128_tiles1_nooob,1886.22,1308.6,0.0
gfx950,256,49152,16384,1536,opus,9000,0,1299.1093,opus_gemm_gfx950_a8w8_mxscale_gemm_bpreshuffle_256x256x256x128_2x2_16x16x128_1x128x128_tiles1_nooob,1904.31,1317.27,0.0
gfx950,256,57344,16384,1536,opus,9000,0,1528.5041,opus_gemm_gfx950_a8w8_mxscale_gemm_bpreshuffle_256x256x256x128_2x2_16x16x128_1x128x128_tiles1_nooob,1888.26,1303.43,0.0
gfx950,256,2048,65536,1536,opus,9000,0,234.6511,opus_gemm_gfx950_a8w8_mxscale_gemm_bpreshuffle_256x256x256x128_2x2_16x16x128_1x128x128_tiles1_nooob,1757.15,1586.37,0.0
gfx950,256,4096,65536,1536,opus,9000,0,458.9381,opus_gemm_gfx950_a8w8_mxscale_gemm_bpreshuffle_256x256x256x128_2x2_16x16x128_1x128x128_tiles1_nooob,1796.83,1402.86,0.0
gfx950,256,6144,65536,1536,opus,9000,0,686.4203,opus_gemm_gfx950_a8w8_mxscale_gemm_bpreshuffle_256x256x256x128_2x2_16x16x128_1x128x128_tiles1_nooob,1802.03,1333.6,0.0
gfx950,256,8192,65536,1536,opus,9000,0,927.6426,opus_gemm_gfx950_a8w8_mxscale_gemm_bpreshuffle_256x256x256x128_2x2_16x16x128_1x128x128_tiles1_nooob,1777.91,1279.57,0.0
gfx950,256,10240,65536,1536,opus,9000,0,1137.7816,opus_gemm_gfx950_a8w8_mxscale_gemm_bpreshuffle_256x256x256x128_2x2_16x16x128_1x128x128_tiles1_nooob,1811.93,1281.94,0.0
gfx950,256,12288,65536,1536,opus,9000,0,1371.0124,opus_gemm_gfx950_a8w8_mxscale_gemm_bpreshuffle_256x256x256x128_2x2_16x16x128_1x128x128_tiles1_nooob,1804.43,1261.95,0.0
gfx950,256,14336,65536,1536,opus,9000,0,1612.0747,opus_gemm_gfx950_a8w8_mxscale_gemm_bpreshuffle_256x256x256x128_2x2_16x16x128_1x128x128_tiles1_nooob,1790.37,1241.71,0.0
