kernelId,compiler_major,enumerated,valid,opus_wins,all_backend_wins
9000,24,207,207,50,50
9001,24,207,207,75,75
9010,24,449,449,8,8
9011,24,449,449,23,23
9020,23,691,691,89,79
9021,23,735,735,45,45
9022,23,691,691,155,154
9023,23,735,735,4,4
9024,23,735,735,6,6
9030,23,10,10,10,10
9040,23,290,290,12,11
9041,23,290,290,27,26
9042,23,290,290,4,1
9043,23,612,612,3,2
9044,23,612,612,31,30
9045,23,612,612,13,13
9046,23,612,612,33,33
9047,23,290,290,24,24
9049,23,290,290,4,3
9051,23,290,290,8,8
9052,23,290,290,19,12
9053,23,290,290,4,4
9054,23,290,290,5,4
9055,23,612,612,33,14
9060,23,612,612,12,10
9061,23,612,612,16,14
9062,23,612,612,12,10
9063,23,612,612,20,20
