gfx,cu_num,M,N,K,libtype,kernelId_upstream,splitK,us_upstream,kernelName,tflops_upstream,bw_upstream,errRatio_upstream,identity_kid,kernelId_new,us_new,tflops_new,bw_new,errRatio_new,checkpoint,same_call_measured,same_call_valid,upstream_vs_new_speedup
gfx950,256,10240,768,7168,ck,13,1,76.7087,a8w8_blockscale_bpreshuffle_1x128x128_256x64x256x128_16x16_16x16_8x32x1_8x32x1_1x32x1x8_8_2x1_intrawave_v1,1469.75,1.23368,0.0,13,,,,,,,False,False,
gfx950,256,16384,768,7168,ck,13,2,117.3184,a8w8_blockscale_bpreshuffle_1x128x128_256x64x256x128_16x16_16x16_8x32x1_8x32x1_1x32x1x8_8_2x1_intrawave_v1,1537.6,1.26247,0.0,13,,,,,,,False,False,
gfx950,256,32768,768,7168,ck,13,2,216.586,a8w8_blockscale_bpreshuffle_1x128x128_256x64x256x128_16x16_16x16_8x32x1_8x32x1_1x32x1x8_8_2x1_intrawave_v1,1665.75,1.34227,0.0,13,,,,,,,False,False,
gfx950,256,1,2048,7168,triton,0,0,9.6,triton,3.06,1.53,0.0,0,,,,,,,False,False,
gfx950,256,2,2048,7168,triton,0,0,9.8,triton,5.99,1.5,0.0,0,,,,,,,False,False,
gfx950,256,4,2048,7168,triton,0,0,9.8,triton,11.98,1.5,0.0,0,,,,,,,False,False,
gfx950,256,8,2048,7168,triton,0,0,10.0,triton,23.49,1.48,0.0,0,,,,,,,False,False,
gfx950,256,16,2048,7168,triton,0,0,10.3,triton,45.61,1.44,0.0,0,,,,,,,False,False,
gfx950,256,32,2048,7168,triton,0,0,11.0,triton,85.41,1.37,0.0,0,,,,,,,False,False,
gfx950,256,48,2048,7168,triton,0,0,11.7,triton,120.45,1.3,0.0,0,,,,,,,False,False,
gfx950,256,64,2048,7168,triton,0,0,12.0,triton,156.59,1.28,0.0,0,,,,,,,False,False,
gfx950,256,80,2048,7168,triton,0,0,13.5,triton,173.99,1.15,0.0,0,,,,,,,False,False,
gfx950,256,128,2048,7168,triton,0,0,15.4,triton,244.03,1.05,0.0,0,,,,,,,False,False,
gfx950,256,1,7168,16384,triton,0,0,22.6,triton,10.39,5.2,0.0,0,,,,,,,False,False,
gfx950,256,2,7168,16384,triton,0,0,22.6,triton,20.79,5.2,0.0,0,,,,,,,False,False,
gfx950,256,4,7168,16384,triton,0,0,22.6,triton,41.57,5.2,0.0,0,,,,,,,False,False,
gfx950,256,8,7168,16384,triton,0,0,22.9,triton,82.05,5.14,0.0,0,,,,,,,False,False,
gfx950,256,16,7168,16384,triton,0,0,25.63,triton,146.63,4.6,0.0,0,,,,,,,False,False,
gfx950,256,32,7168,16384,triton,0,0,27.56,triton,272.72,4.3,0.0,0,,,,,,,False,False,
gfx950,256,64,7168,16384,triton,0,0,32.87,triton,457.33,3.63,0.0,0,,,,,,,False,False,
gfx950,256,736,7168,384,ck,9,1,11.2632,a8w8_blockscale_bpreshuffle_1x128x128_256x32x128x128_16x16_16x16_8x32x1_8x32x1_1x32x1x8_8_2x1_intrawave_v1,359.73,1.20627,0.0,9,,,,,,,False,False,
gfx950,256,1,65536,1536,triton,0,0,15.1533,triton,13.29,6.65,0.0,0,,,,,,,False,False,
gfx950,256,2,65536,1536,triton,0,0,14.9805,triton,26.88,6.74,0.0,0,,,,,,,False,False,
gfx950,256,4,65536,1536,triton,0,0,15.855,triton,50.79,6.38,0.0,0,,,,,,,False,False,
gfx950,256,8,65536,1536,triton,0,0,16.0049,triton,100.63,6.36,0.0,0,,,,,,,False,False,
gfx950,256,1,16384,1536,triton,0,0,5.3326,triton,9.44,4.73,0.0,0,,,,,,,False,False,
gfx950,256,4,16384,1536,triton,0,0,5.2574,triton,38.29,4.81,0.0,0,,,,,,,False,False,
gfx950,256,8,16384,1536,triton,0,0,5.9758,triton,67.38,4.26,0.0,0,,,,,,,False,False,
gfx950,256,16,16384,1536,triton,0,0,5.8646,triton,137.32,4.38,0.0,0,,,,,,,False,False,
