libtype,kernelId,kernelIds_seen,splitK,kernelName,family,candidate_rows,candidate_shapes,valid_rows,valid_shapes,unsupported_or_runtime_failure,numerical_rejection,other_invalid,selected_shapes
asm,per-shape,0,1,_ZN5aiter42fp8gemm_bf16_blockscale_BpreShuffle_32x128E,asm,305,305,0,0,0,305,0,0
asm,per-shape,3;4;5;7;8,1,_ZN5aiter42fp8gemm_bf16_blockscale_BpreShuffle_48x128E,asm,305,305,0,0,0,305,0,0
asm,per-shape,6;8;10;14;16,1,_ZN5aiter42fp8gemm_bf16_blockscale_BpreShuffle_64x128E,asm,305,305,0,0,0,305,0,0
asm,per-shape,9;12;15;21;24,1,_ZN5aiter42fp8gemm_bf16_blockscale_BpreShuffle_80x128E,asm,305,305,0,0,0,305,0,0
asm,per-shape,12;16;20;28;32,1,_ZN5aiter42fp8gemm_bf16_blockscale_BpreShuffle_96x128E,asm,305,305,0,0,0,305,0,0
asm,per-shape,15;20;25;35;40,1,_ZN5aiter43fp8gemm_bf16_blockscale_BpreShuffle_128x128E,asm,305,305,0,0,0,305,0,0
asm,per-shape,1,2,_ZN5aiter42fp8gemm_bf16_blockscale_BpreShuffle_32x128E,asm,305,305,0,0,0,305,0,0
asm,per-shape,4;5;6;8;9,2,_ZN5aiter42fp8gemm_bf16_blockscale_BpreShuffle_48x128E,asm,305,305,0,0,0,305,0,0
asm,per-shape,7;9;11;15;17,2,_ZN5aiter42fp8gemm_bf16_blockscale_BpreShuffle_64x128E,asm,305,305,0,0,0,305,0,0
asm,per-shape,10;13;16;22;25,2,_ZN5aiter42fp8gemm_bf16_blockscale_BpreShuffle_80x128E,asm,305,305,0,0,0,305,0,0
asm,per-shape,13;17;21;29;33,2,_ZN5aiter42fp8gemm_bf16_blockscale_BpreShuffle_96x128E,asm,305,305,0,0,0,305,0,0
asm,per-shape,16;21;26;36;41,2,_ZN5aiter43fp8gemm_bf16_blockscale_BpreShuffle_128x128E,asm,305,305,0,0,0,305,0,0
asm,per-shape,2,3,_ZN5aiter42fp8gemm_bf16_blockscale_BpreShuffle_32x128E,asm,305,305,0,0,0,305,0,0
asm,per-shape,5;6;7;9;10,3,_ZN5aiter42fp8gemm_bf16_blockscale_BpreShuffle_48x128E,asm,305,305,0,0,0,305,0,0
asm,per-shape,8;10;12;16;18,3,_ZN5aiter42fp8gemm_bf16_blockscale_BpreShuffle_64x128E,asm,305,305,0,0,0,305,0,0
asm,per-shape,11;14;17;23;26,3,_ZN5aiter42fp8gemm_bf16_blockscale_BpreShuffle_80x128E,asm,305,305,0,0,0,305,0,0
asm,per-shape,14;18;22;30;34,3,_ZN5aiter42fp8gemm_bf16_blockscale_BpreShuffle_96x128E,asm,305,305,0,0,0,305,0,0
asm,per-shape,17;22;27;37;42,3,_ZN5aiter43fp8gemm_bf16_blockscale_BpreShuffle_128x128E,asm,305,305,0,0,0,305,0,0
asm,per-shape,3,4,_ZN5aiter42fp8gemm_bf16_blockscale_BpreShuffle_32x128E,asm,248,248,0,0,0,248,0,0
asm,per-shape,8;10;11,4,_ZN5aiter42fp8gemm_bf16_blockscale_BpreShuffle_48x128E,asm,248,248,0,0,0,248,0,0
asm,per-shape,13;17;19,4,_ZN5aiter42fp8gemm_bf16_blockscale_BpreShuffle_64x128E,asm,248,248,0,0,0,248,0,0
asm,per-shape,18;24;27,4,_ZN5aiter42fp8gemm_bf16_blockscale_BpreShuffle_80x128E,asm,248,248,0,0,0,248,0,0
asm,per-shape,23;31;35,4,_ZN5aiter42fp8gemm_bf16_blockscale_BpreShuffle_96x128E,asm,248,248,0,0,0,248,0,0
asm,per-shape,28;38;43,4,_ZN5aiter43fp8gemm_bf16_blockscale_BpreShuffle_128x128E,asm,248,248,0,0,0,248,0,0
asm,per-shape,4,5,_ZN5aiter42fp8gemm_bf16_blockscale_BpreShuffle_32x128E,asm,178,178,0,0,0,178,0,0
asm,per-shape,11;12,5,_ZN5aiter42fp8gemm_bf16_blockscale_BpreShuffle_48x128E,asm,178,178,0,0,0,178,0,0
asm,per-shape,18;20,5,_ZN5aiter42fp8gemm_bf16_blockscale_BpreShuffle_64x128E,asm,178,178,0,0,0,178,0,0
asm,per-shape,25;28,5,_ZN5aiter42fp8gemm_bf16_blockscale_BpreShuffle_80x128E,asm,178,178,0,0,0,178,0,0
asm,per-shape,32;36,5,_ZN5aiter42fp8gemm_bf16_blockscale_BpreShuffle_96x128E,asm,178,178,0,0,0,178,0,0
asm,per-shape,39;44,5,_ZN5aiter43fp8gemm_bf16_blockscale_BpreShuffle_128x128E,asm,178,178,0,0,0,178,0,0
asm,per-shape,3;4;5,6,_ZN5aiter42fp8gemm_bf16_blockscale_BpreShuffle_32x128E,asm,274,274,0,0,0,274,0,0
asm,per-shape,7;9;12;13,6,_ZN5aiter42fp8gemm_bf16_blockscale_BpreShuffle_48x128E,asm,274,274,0,0,0,274,0,0
asm,per-shape,11;14;19;21,6,_ZN5aiter42fp8gemm_bf16_blockscale_BpreShuffle_64x128E,asm,274,274,0,0,0,274,0,0
asm,per-shape,15;19;26;29,6,_ZN5aiter42fp8gemm_bf16_blockscale_BpreShuffle_80x128E,asm,274,274,0,0,0,274,0,0
asm,per-shape,19;24;33;37,6,_ZN5aiter42fp8gemm_bf16_blockscale_BpreShuffle_96x128E,asm,274,274,0,0,0,274,0,0
asm,per-shape,23;29;40;45,6,_ZN5aiter43fp8gemm_bf16_blockscale_BpreShuffle_128x128E,asm,274,274,0,0,0,274,0,0
asm,per-shape,6,7,_ZN5aiter42fp8gemm_bf16_blockscale_BpreShuffle_32x128E,asm,146,146,0,0,0,146,0,0
asm,per-shape,14,7,_ZN5aiter42fp8gemm_bf16_blockscale_BpreShuffle_48x128E,asm,146,146,0,0,0,146,0,0
asm,per-shape,22,7,_ZN5aiter42fp8gemm_bf16_blockscale_BpreShuffle_64x128E,asm,146,146,0,0,0,146,0,0
asm,per-shape,30,7,_ZN5aiter42fp8gemm_bf16_blockscale_BpreShuffle_80x128E,asm,146,146,0,0,0,146,0,0
asm,per-shape,38,7,_ZN5aiter42fp8gemm_bf16_blockscale_BpreShuffle_96x128E,asm,146,146,0,0,0,146,0,0
asm,per-shape,46,7,_ZN5aiter43fp8gemm_bf16_blockscale_BpreShuffle_128x128E,asm,146,146,0,0,0,146,0,0
asm,per-shape,4;6;7,8,_ZN5aiter42fp8gemm_bf16_blockscale_BpreShuffle_32x128E,asm,184,184,0,0,0,184,0,0
asm,per-shape,9;13;15,8,_ZN5aiter42fp8gemm_bf16_blockscale_BpreShuffle_48x128E,asm,184,184,0,0,0,184,0,0
asm,per-shape,14;20;23,8,_ZN5aiter42fp8gemm_bf16_blockscale_BpreShuffle_64x128E,asm,184,184,0,0,0,184,0,0
asm,per-shape,19;27;31,8,_ZN5aiter42fp8gemm_bf16_blockscale_BpreShuffle_80x128E,asm,184,184,0,0,0,184,0,0
asm,per-shape,24;34;39,8,_ZN5aiter42fp8gemm_bf16_blockscale_BpreShuffle_96x128E,asm,184,184,0,0,0,184,0,0
asm,per-shape,29;41;47,8,_ZN5aiter43fp8gemm_bf16_blockscale_BpreShuffle_128x128E,asm,184,184,0,0,0,184,0,0
ck,0,0,0,a8w8_blockscale_bpreshuffle_1x128x128_256x128x128x128_16x16_16x16_8x32x1_8x32x1_1x32x1x8_8_2x1_intrawave_v3,ck,305,305,300,300,0,5,0,1
ck,1,1,0,a8w8_blockscale_bpreshuffle_1x128x128_256x64x128x128_16x16_16x16_8x32x1_8x32x1_1x32x1x8_8_2x1_intrawave_v3,ck,305,305,300,300,0,5,0,0
ck,2,2,0,a8w8_blockscale_bpreshuffle_1x128x128_256x64x64x128_16x16_16x16_8x32x1_8x32x1_1x32x1x8_8_2x1_intrawave_v3,ck,305,305,300,300,0,5,0,0
ck,3,3,0,a8w8_blockscale_bpreshuffle_1x128x128_256x16x256x128_8x16_16x16_16x16x1_8x32x1_1x16x1x16_8_1x2_intrawave_v1,ck,305,305,300,300,0,5,0,0
ck,4,4,0,a8w8_blockscale_bpreshuffle_1x128x128_256x16x128x128_8x16_16x16_16x16x1_8x32x1_1x16x1x16_8_1x2_intrawave_v1,ck,305,305,300,300,0,5,0,0
ck,5,5,0,a8w8_blockscale_bpreshuffle_1x128x128_256x16x64x128_8x16_16x16_16x16x1_8x32x1_1x16x1x16_4_1x1_intrawave_v1,ck,305,305,300,300,0,5,0,0
ck,6,6,0,Null,ck,25,25,0,0,25,0,0,0
ck,6,6,0,a8w8_blockscale_bpreshuffle_1x128x128_256x16x128x256_16x16_16x16_16x16x1_16x16x1_1x16x1x16_8_1x2_intrawave_v1,ck,280,280,275,275,0,5,0,0
ck,7,7,0,Null,ck,25,25,0,0,25,0,0,0
ck,7,7,0,a8w8_blockscale_bpreshuffle_1x128x128_256x16x64x256_16x16_16x16_16x16x1_16x16x1_1x16x1x16_4_1x1_intrawave_v1,ck,280,280,275,275,0,5,0,0
ck,8,8,0,a8w8_blockscale_bpreshuffle_1x128x128_256x32x256x128_16x16_16x16_8x32x1_8x32x1_1x32x1x8_8_2x1_intrawave_v1,ck,305,305,300,300,0,5,0,0
ck,9,9,0,a8w8_blockscale_bpreshuffle_1x128x128_256x32x128x128_16x16_16x16_8x32x1_8x32x1_1x32x1x8_8_2x1_intrawave_v1,ck,305,305,300,300,0,5,0,0
ck,10,10,0,a8w8_blockscale_bpreshuffle_1x128x128_256x32x64x128_16x16_16x16_8x32x1_8x32x1_1x32x1x8_8_2x1_intrawave_v1,ck,305,305,300,300,0,5,0,0
ck,11,11,0,Null,ck,25,25,0,0,25,0,0,0
ck,11,11,0,a8w8_blockscale_bpreshuffle_1x128x128_256x32x128x256_16x16_16x16_16x16x1_16x16x1_1x32x1x8_8_2x1_intrawave_v1,ck,280,280,275,275,0,5,0,1
ck,12,12,0,Null,ck,25,25,0,0,25,0,0,0
ck,12,12,0,a8w8_blockscale_bpreshuffle_1x128x128_256x32x64x256_16x16_16x16_16x16x1_16x16x1_1x32x1x8_8_2x1_intrawave_v1,ck,280,280,275,275,0,5,0,0
ck,13,13,0,a8w8_blockscale_bpreshuffle_1x128x128_256x64x256x128_16x16_16x16_8x32x1_8x32x1_1x32x1x8_8_2x1_intrawave_v1,ck,305,305,300,300,0,5,0,5
ck,14,14,0,a8w8_blockscale_bpreshuffle_1x128x128_256x64x128x128_16x16_16x16_8x32x1_8x32x1_1x32x1x8_8_2x1_intrawave_v1,ck,305,305,300,300,0,5,0,0
ck,15,15,0,a8w8_blockscale_bpreshuffle_1x128x128_256x64x64x128_16x16_16x16_8x32x1_8x32x1_1x32x1x8_8_2x1_intrawave_v1,ck,305,305,300,300,0,5,0,0
ck,16,16,0,Null,ck,25,25,0,0,25,0,0,0
ck,16,16,0,a8w8_blockscale_bpreshuffle_1x128x128_256x64x128x256_16x16_16x16_16x16x1_16x16x1_1x32x1x8_8_2x1_intrawave_v1,ck,280,280,275,275,0,5,0,0
ck,17,17,0,Null,ck,25,25,0,0,25,0,0,0
ck,17,17,0,a8w8_blockscale_bpreshuffle_1x128x128_256x64x64x256_16x16_16x16_16x16x1_16x16x1_1x32x1x8_8_2x1_intrawave_v1,ck,280,280,275,275,0,5,0,0
cktile,0,0,0,Null,cktile,35,35,0,0,35,0,0,0
cktile,0,0,0,a8w8_blockscale_cktile_16x128x256_1x4x1_16x16x128_intrawave_0x1x0_1,cktile,270,270,270,270,0,0,0,0
cktile,1,1,0,Null,cktile,35,35,0,0,35,0,0,0
cktile,1,1,0,a8w8_blockscale_cktile_16x128x256_1x4x1_16x16x128_intrawave_0x1x0_2,cktile,270,270,270,270,0,0,0,0
cktile,2,2,0,Null,cktile,35,35,0,0,35,0,0,0
cktile,2,2,0,a8w8_blockscale_cktile_16x128x256_1x4x1_16x16x64_intrawave_0x1x0_1,cktile,270,270,270,270,0,0,0,0
cktile,3,3,0,Null,cktile,35,35,0,0,35,0,0,0
cktile,3,3,0,a8w8_blockscale_cktile_16x128x256_1x4x1_16x16x64_intrawave_0x1x0_2,cktile,270,270,270,270,0,0,0,0
cktile,4,4,0,Null,cktile,10,10,0,0,10,0,0,0
cktile,4,4,0,a8w8_blockscale_cktile_32x128x128_1x4x1_16x16x128_intrawave_0x1x0_1,cktile,295,295,295,295,0,0,0,0
cktile,5,5,0,Null,cktile,10,10,0,0,10,0,0,0
cktile,5,5,0,a8w8_blockscale_cktile_32x128x128_1x4x1_16x16x128_intrawave_0x1x0_2,cktile,295,295,295,295,0,0,0,0
cktile,6,6,0,Null,cktile,10,10,0,0,10,0,0,0
cktile,6,6,0,a8w8_blockscale_cktile_32x128x128_1x4x1_16x16x64_intrawave_0x1x0_1,cktile,295,295,295,295,0,0,0,0
cktile,7,7,0,Null,cktile,10,10,0,0,10,0,0,0
cktile,7,7,0,a8w8_blockscale_cktile_32x128x128_1x4x1_16x16x64_intrawave_0x1x0_2,cktile,295,295,295,295,0,0,0,0
cktile,8,8,0,Null,cktile,10,10,0,0,10,0,0,0
cktile,8,8,0,a8w8_blockscale_cktile_128x128x128_1x4x1_16x16x128_intrawave_0x1x0_1,cktile,295,295,295,295,0,0,0,0
cktile,9,9,0,Null,cktile,10,10,0,0,10,0,0,0
cktile,9,9,0,a8w8_blockscale_cktile_128x128x128_1x4x1_16x16x128_intrawave_0x1x0_1,cktile,295,295,295,295,0,0,0,0
cktile,10,10,0,Null,cktile,10,10,0,0,10,0,0,0
cktile,10,10,0,a8w8_blockscale_cktile_128x128x128_2x2x1_16x16x128_intrawave_0x1x0_2,cktile,295,295,295,295,0,0,0,0
cktile,11,11,0,Null,cktile,10,10,0,0,10,0,0,0
cktile,11,11,0,a8w8_blockscale_cktile_192x256x128_4x2x1_16x16x128_intrawave_0x1x0_1,cktile,295,295,295,295,0,0,0,4
cktile,12,12,0,Null,cktile,10,10,0,0,10,0,0,0
cktile,12,12,0,a8w8_blockscale_cktile_192x256x128_4x2x1_16x16x128_intrawave_0x1x0_1_aqrm,cktile,295,295,295,295,0,0,0,0
cktile,13,13,0,Null,cktile,35,35,0,0,35,0,0,0
cktile,13,13,0,a8w8_blockscale_cktile_16x128x256_1x4x1_16x16x128_intrawave_0x1x0_3,cktile,270,270,270,270,0,0,0,0
cktile,14,14,0,Null,cktile,35,35,0,0,35,0,0,0
cktile,14,14,0,a8w8_blockscale_cktile_16x128x256_1x4x1_16x16x128_intrawave_0x1x0_4,cktile,270,270,270,270,0,0,0,0
cktile,15,15,0,Null,cktile,35,35,0,0,35,0,0,0
cktile,15,15,0,a8w8_blockscale_cktile_16x128x256_1x4x1_16x16x64_intrawave_0x1x0_3,cktile,270,270,270,270,0,0,0,0
cktile,16,16,0,Null,cktile,35,35,0,0,35,0,0,0
cktile,16,16,0,a8w8_blockscale_cktile_16x128x256_1x4x1_16x16x64_intrawave_0x1x0_4,cktile,270,270,270,270,0,0,0,0
cktile,17,17,0,Null,cktile,10,10,0,0,10,0,0,0
cktile,17,17,0,a8w8_blockscale_cktile_32x128x128_1x4x1_16x16x128_intrawave_0x1x0_3,cktile,295,295,295,295,0,0,0,0
cktile,18,18,0,Null,cktile,10,10,0,0,10,0,0,0
cktile,18,18,0,a8w8_blockscale_cktile_32x128x128_1x4x1_16x16x128_intrawave_0x1x0_4,cktile,295,295,295,295,0,0,0,0
cktile,19,19,0,Null,cktile,10,10,0,0,10,0,0,0
cktile,19,19,0,a8w8_blockscale_cktile_32x128x128_1x4x1_16x16x64_intrawave_0x1x0_3,cktile,295,295,295,295,0,0,0,0
cktile,20,20,0,Null,cktile,10,10,0,0,10,0,0,0
cktile,20,20,0,a8w8_blockscale_cktile_32x128x128_1x4x1_16x16x64_intrawave_0x1x0_4,cktile,295,295,295,295,0,0,0,0
cktile,21,21,0,Null,cktile,10,10,0,0,10,0,0,0
cktile,21,21,0,a8w8_blockscale_cktile_128x128x128_1x4x1_16x16x128_intrawave_0x1x0_2,cktile,295,295,295,295,0,0,0,0
cktile,22,22,0,Null,cktile,10,10,0,0,10,0,0,0
cktile,22,22,0,a8w8_blockscale_cktile_128x128x128_1x4x1_16x16x128_intrawave_0x1x0_3,cktile,295,295,295,295,0,0,0,0
cktile,23,23,0,Null,cktile,10,10,0,0,10,0,0,0
cktile,23,23,0,a8w8_blockscale_cktile_128x128x128_1x4x1_16x16x128_intrawave_0x1x0_4,cktile,295,295,295,295,0,0,0,0
cktile,24,24,0,Null,cktile,10,10,0,0,10,0,0,0
cktile,24,24,0,a8w8_blockscale_cktile_128x128x128_2x2x1_16x16x128_intrawave_0x1x0_1,cktile,295,295,295,295,0,0,0,0
cktile,25,25,0,Null,cktile,10,10,0,0,10,0,0,0
cktile,25,25,0,a8w8_blockscale_cktile_128x128x128_2x2x1_16x16x128_intrawave_0x1x0_3,cktile,295,295,295,295,0,0,0,0
cktile,26,26,0,Null,cktile,10,10,0,0,10,0,0,0
cktile,26,26,0,a8w8_blockscale_cktile_128x128x128_2x2x1_16x16x128_intrawave_0x1x0_4,cktile,295,295,295,295,0,0,0,0
cktile,27,27,0,Null,cktile,10,10,0,0,10,0,0,0
cktile,27,27,0,a8w8_blockscale_cktile_192x256x128_4x2x1_16x16x128_intrawave_0x1x0_2,cktile,295,295,295,295,0,0,0,4
cktile,28,28,0,Null,cktile,10,10,0,0,10,0,0,0
cktile,28,28,0,a8w8_blockscale_cktile_192x256x128_4x2x1_16x16x128_intrawave_0x1x0_3,cktile,295,295,295,295,0,0,0,0
cktile,29,29,0,Null,cktile,10,10,0,0,10,0,0,0
cktile,29,29,0,a8w8_blockscale_cktile_192x256x128_4x2x1_16x16x128_intrawave_0x1x0_4,cktile,295,295,295,295,0,0,0,3
cktile,30,30,0,Null,cktile,10,10,0,0,10,0,0,0
cktile,30,30,0,a8w8_blockscale_cktile_192x256x128_4x2x1_16x16x128_intrawave_0x1x0_2_aqrm,cktile,295,295,295,295,0,0,0,1
cktile,31,31,0,Null,cktile,10,10,0,0,10,0,0,0
cktile,31,31,0,a8w8_blockscale_cktile_192x256x128_4x2x1_16x16x128_intrawave_0x1x0_3_aqrm,cktile,295,295,295,295,0,0,0,1
cktile,32,32,0,Null,cktile,10,10,0,0,10,0,0,0
cktile,32,32,0,a8w8_blockscale_cktile_192x256x128_4x2x1_16x16x128_intrawave_0x1x0_4_aqrm,cktile,295,295,295,295,0,0,0,2
opus,9000,9000,0,opus_gemm_gfx950_a8w8_mxscale_gemm_bpreshuffle_256x256x256x128_2x2_16x16x128_1x128x128_tiles1_nooob,original2,175,175,175,175,0,0,0,132
opus,9020,9020,0,opus_gemm_gfx950_a8w8_mxscale_gemm_bpreshuffle_256x256x256x128_2x2_16x16x128_1x128x128_tiles1,original2,295,295,295,295,0,0,0,30
opus,9060,9060,0,opus_gemm_gfx950_a8w8_mxscale_gemm_bpreshuffle_512x192x256x128_4x2_16x16x128_1x128x128_tiles1_main,new5,295,295,295,295,0,0,0,31
opus,9061,9061,0,opus_gemm_gfx950_a8w8_mxscale_gemm_bpreshuffle_256x128x128x128_2x2_16x16x128_1x128x128_tiles1_small,new5,295,295,295,295,0,0,0,14
opus,9062,9062,0,opus_gemm_gfx950_a8w8_mxscale_gemm_bpreshuffle_256x160x128x128_2x2_16x16x128_1x128x128_tiles1_small,new5,295,295,295,295,0,0,0,50
opus,9063,9063,0,opus_gemm_gfx950_a8w8_mxscale_gemm_bpreshuffle_256x64x128x128_2x2_16x16x128_1x128x128_tiles1_narrow_nooob,new5,295,295,295,295,0,0,0,11
opus,9064,9064,0,opus_gemm_gfx950_a8w8_mxscale_gemm_bpreshuffle_256x64x64x128_2x2_16x16x128_1x128x128_tiles1_narrow_nooob,new5,295,295,295,295,0,0,0,10
