M,N,K,gpu,gpu_uuid,measurement_phase,rounds,opus,opus_us,reference,reference_us,reference_over_opus,opus_slower_pct,opus_wins,exact_tie,selected,selected_us,selected_backend,opus_faster_rounds,round_status_consistent,previous_ledger_opus_wins,status_vs_previous_ledger,full_sweep_opus_wins,ck_best,ck_us,cktile_best,cktile_us,asm_best,asm_us,opus_9000_us,opus_9010_us,opus_9011_us,opus_9012_us,opus_9020_us
10240,768,7168,6,GPU-56f0ab624008ec65,confirmation,5,opus_9010,88.80481999999996,cktile_28_split0,87.0677551020408,0.980439520085068,1.99507256839615,False,False,cktile_28_split0,87.0677551020408,cktile,0,True,False,still_loses,False,ck_0_split0,89.47362000000001,cktile_28_split0,87.0677551020408,,,96.04593750000004,88.80481999999996,93.54408000000004,123.1164,95.90731914893615
12288,768,7168,5,GPU-2d57f9bd7c2ee0fe,full_sweep,3,opus_9000,99.19583673469388,cktile_11_split0,91.98945999999992,0.9273520243196505,7.833915684138115,False,False,cktile_11_split0,91.98945999999992,cktile,0,True,False,still_loses,False,ck_14_split0,118.81209999999997,cktile_11_split0,91.98945999999992,,,99.19583673469388,122.9377400000001,116.76808000000003,145.90732558139533,99.33525531914893
14336,768,7168,6,GPU-56f0ab624008ec65,full_sweep,3,opus_9000,101.67585714285711,cktile_27_split0,95.33588,0.9376452058432192,6.650148027014713,False,False,cktile_27_split0,95.33588,cktile,0,True,False,still_loses,False,ck_0_split0,129.47379999999998,cktile_27_split0,95.33588,,,101.67585714285711,127.45538,132.30742000000004,167.15415999999996,102.57710204081631
10240,2048,7168,5,GPU-2d57f9bd7c2ee0fe,full_sweep,3,opus_9000,186.89710204081635,cktile_28_split0,175.58546000000013,0.9394766322361388,6.442243019903926,False,False,cktile_28_split0,175.58546000000013,cktile,0,True,False,still_loses,False,ck_0_split0,213.90103999999997,cktile_28_split0,175.58546000000013,,,186.89710204081635,206.48257999999996,222.28110000000004,276.9456199999999,190.0358979591837
12288,2048,7168,6,GPU-56f0ab624008ec65,confirmation,5,opus_9000,189.51381632653064,cktile_29_split0,186.70671999999996,0.9851879067133866,1.5034789998617626,False,False,cktile_29_split0,186.70671999999996,cktile,0,True,False,still_loses,False,,,cktile_29_split0,186.70671999999996,,,189.51381632653064,244.40258000000009,257.05951999999996,326.87712000000005,192.68629787234042
1088,6144,7168,5,GPU-2d57f9bd7c2ee0fe,full_sweep,3,opus_9011,85.03594000000002,cktile_27_split0,78.52497872340426,0.9234328299705306,8.291579803580618,False,False,cktile_27_split0,78.52497872340426,cktile,0,True,False,still_loses,False,ck_13_split0,88.52240000000003,cktile_27_split0,78.52497872340426,,,,,85.03594000000002,99.23771999999997,88.83489361702131
1152,6144,7168,6,GPU-56f0ab624008ec65,confirmation,5,opus_9010,80.8007,cktile_28_split0,78.34370212765957,0.969591873927572,3.1361779002182066,False,False,cktile_28_split0,78.34370212765957,cktile,0,True,False,still_loses,False,,,cktile_28_split0,78.34370212765957,,,,80.8007,85.49515999999998,101.26334000000003,88.98727272727268
1216,6144,7168,5,GPU-2d57f9bd7c2ee0fe,full_sweep,3,opus_9011,87.74944000000006,cktile_29_split0,80.73120408163267,0.9200195930781166,8.69333735103317,False,False,cktile_29_split0,80.73120408163267,cktile,0,True,False,still_loses,False,ck_13_split0,91.93508,cktile_29_split0,80.73120408163267,,,,,87.74944000000006,110.55341666666665,89.1955957446809
1280,6144,7168,6,GPU-56f0ab624008ec65,confirmation,5,opus_9010,81.89192000000003,cktile_29_split0,80.26406250000004,0.9801218789350647,2.0281274698748186,False,False,cktile_29_split0,80.26406250000004,cktile,0,True,False,still_loses,False,,,cktile_29_split0,80.26406250000004,,,88.28085106382984,81.89192000000003,88.67360000000001,113.24763265306126,90.19576595744685
1344,6144,7168,5,GPU-2d57f9bd7c2ee0fe,full_sweep,3,opus_9020,91.11668085106383,cktile_29_split0,81.44975510204083,0.8939060810959057,11.868575586153952,False,False,cktile_29_split0,81.44975510204083,cktile,0,True,False,still_loses,False,ck_13_split0,93.8409,cktile_29_split0,81.44975510204083,,,,,93.54491999999999,116.48677999999997,91.11668085106383
1408,6144,7168,4,GPU-23a6cd0d658d72b6,full_sweep,3,opus_9020,90.8611489361702,cktile_11_split0,82.79018000000002,0.9111724974792029,9.748703211141919,False,False,cktile_11_split0,82.79018000000002,cktile,0,True,False,still_loses,False,ck_14_split0,111.68248000000007,cktile_11_split0,82.79018000000002,,,,103.54798000000001,104.66959999999997,121.96495999999999,90.8611489361702
1472,6144,7168,5,GPU-2d57f9bd7c2ee0fe,full_sweep,3,opus_9020,91.49434042553186,cktile_11_split0,83.27900000000001,0.9102093048889904,9.86484038657025,False,False,cktile_11_split0,83.27900000000001,cktile,0,True,False,still_loses,False,ck_1_split0,117.64332,cktile_11_split0,83.27900000000001,,,,,110.10085999999995,129.59944000000002,91.49434042553186
1536,6144,7168,6,GPU-56f0ab624008ec65,full_sweep,3,opus_9000,89.93857446808511,cktile_11_split0,82.927,0.9220404091397605,8.45511650980393,False,False,cktile_11_split0,82.927,cktile,0,True,False,still_loses,False,ck_14_split0,118.62494000000004,cktile_11_split0,82.927,,,89.93857446808511,111.17687999999997,112.30317777777776,130.53704000000002,92.53008510638301
1600,6144,7168,6,GPU-56f0ab624008ec65,full_sweep,3,opus_9020,93.53008333333332,cktile_28_split0,86.38800000000003,0.9236386510222652,8.267448411044697,False,False,cktile_28_split0,86.38800000000003,cktile,0,True,False,still_loses,False,ck_14_split0,121.08040000000003,cktile_28_split0,86.38800000000003,,,,,112.17310000000006,140.29510638297873,93.53008333333332
1664,6144,7168,4,GPU-23a6cd0d658d72b6,full_sweep,3,opus_9020,93.13815217391301,cktile_29_split0,85.85904000000001,0.9218460748467393,8.477979923736623,False,False,cktile_29_split0,85.85904000000001,cktile,0,True,False,still_loses,False,ck_14_split0,121.32576000000003,cktile_29_split0,85.85904000000001,,,,115.6201086956521,115.54809999999999,140.26836,93.13815217391301
1728,6144,7168,5,GPU-2d57f9bd7c2ee0fe,full_sweep,3,opus_9020,95.38604081632651,cktile_29_split0,85.97262000000005,0.9013123855884452,10.949324117755687,False,False,cktile_29_split0,85.97262000000005,cktile,0,True,False,still_loses,False,ck_13_split0,131.47226,cktile_29_split0,85.97262000000005,,,,,123.78420000000011,151.10206,95.38604081632651
1792,6144,7168,6,GPU-56f0ab624008ec65,full_sweep,3,opus_9000,93.8048958333333,cktile_11_split0,89.17426000000003,0.9506354567936337,5.192794236064602,False,False,cktile_11_split0,89.17426000000003,cktile,0,True,False,still_loses,False,ck_0_split0,129.35384000000005,cktile_11_split0,89.17426000000003,,,93.8048958333333,117.85452000000001,127.52262000000002,151.67084000000006,94.65822916666671
1856,6144,7168,5,GPU-2d57f9bd7c2ee0fe,full_sweep,3,opus_9020,96.830306122449,cktile_29_split0,89.8016,0.9274121253571098,7.826927496223912,False,False,cktile_29_split0,89.8016,cktile,0,True,False,still_loses,False,ck_13_split0,136.86933999999997,cktile_29_split0,89.8016,,,,,131.39248000000006,156.83114,96.830306122449
1920,6144,7168,4,GPU-23a6cd0d658d72b6,full_sweep,3,opus_9020,96.60471999999999,cktile_29_split0,89.65426,0.9280525837660935,7.752515050595465,False,False,cktile_29_split0,89.65426,cktile,0,True,False,still_loses,False,ck_0_split0,131.52825999999996,cktile_29_split0,89.65426,,,,120.66497999999996,130.65226000000007,160.96856000000002,96.60471999999999
6144,6144,7168,6,GPU-56f0ab624008ec65,confirmation,5,opus_9000,263.27953061224486,cktile_11_split0,262.94595999999996,0.9987330172935618,0.12685899880147122,False,False,cktile_11_split0,262.94595999999996,cktile,1,False,False,still_loses,False,,,cktile_11_split0,262.94595999999996,,,263.27953061224486,344.9808775510204,365.31034,468.81792000000024,269.2061428571428
1024,7168,384,6,GPU-56f0ab624008ec65,full_sweep,3,opus_9000,11.588439024390246,cktile_27_split0,10.679999999999996,0.9216081628873178,8.50598337444055,False,False,cktile_27_split0,10.679999999999996,cktile,0,True,False,still_loses,False,ck_14_split0,13.322437499999994,cktile_27_split0,10.679999999999996,,,11.588439024390246,13.702816326530614,13.381142857142862,16.91828888888888,12.61512
1088,7168,384,6,GPU-56f0ab624008ec65,full_sweep,3,opus_9020,12.733836734693877,cktile_29_split0,10.702928571428563,0.8405108997720994,18.975256629169877,False,False,cktile_29_split0,10.702928571428563,cktile,0,True,False,still_loses,False,ck_9_split0,13.052195652173912,cktile_29_split0,10.702928571428563,,,,,13.46831249999999,17.09223913043479,12.733836734693877
1152,7168,384,4,GPU-23a6cd0d658d72b6,full_sweep,3,opus_9020,12.807244897959185,cktile_11_split0,10.98365909090909,0.8576129509836513,16.602716744544942,False,False,cktile_11_split0,10.98365909090909,cktile,0,True,False,still_loses,False,ck_14_split0,13.237489795918366,cktile_11_split0,10.98365909090909,,,,13.875630434782602,13.373020408163258,17.448760869565216,12.807244897959185
1216,7168,384,5,GPU-2d57f9bd7c2ee0fe,full_sweep,3,opus_9020,12.874279999999994,cktile_27_split0,11.27638636363636,0.8758848155886284,14.170263281475147,False,False,cktile_27_split0,11.27638636363636,cktile,0,True,False,still_loses,False,ck_9_split0,14.184166666666671,cktile_27_split0,11.27638636363636,,,,,16.881559999999993,18.949187499999997,12.874279999999994
1280,7168,384,6,GPU-56f0ab624008ec65,full_sweep,3,opus_9000,12.1591489361702,cktile_27_split0,11.70293617021276,0.9624798768110876,3.898276119104427,False,False,cktile_27_split0,11.70293617021276,cktile,0,True,False,still_loses,False,ck_9_split0,14.462106382978725,cktile_27_split0,11.70293617021276,,,12.1591489361702,18.7293829787234,17.568354166666673,20.43489130434783,13.296719999999993
1344,7168,384,6,GPU-56f0ab624008ec65,full_sweep,3,opus_9020,13.293040816326537,cktile_11_split0,11.835744680851063,0.8903714992219373,12.312669584983693,False,False,cktile_11_split0,11.835744680851063,cktile,0,True,False,still_loses,False,ck_14_split0,14.953448979591839,cktile_11_split0,11.835744680851063,,,,,17.816955555555545,20.74534693877551,13.293040816326537
1408,7168,384,4,GPU-23a6cd0d658d72b6,full_sweep,3,opus_9020,13.46958,cktile_11_split0,12.159978723404258,0.9027734141231024,10.769766184501272,False,False,cktile_11_split0,12.159978723404258,cktile,0,True,False,still_loses,False,ck_14_split0,14.940444444444449,cktile_11_split0,12.159978723404258,,,,20.13502083333334,18.05919565217391,21.04944680851064,13.46958
1472,7168,384,5,GPU-2d57f9bd7c2ee0fe,full_sweep,3,opus_9020,13.314488372093026,cktile_11_split0,12.444466666666663,0.9346560167306229,6.991233362830829,False,False,cktile_11_split0,12.444466666666663,cktile,0,True,False,still_loses,False,ck_9_split0,16.020468085106376,cktile_11_split0,12.444466666666663,,,,,18.492787234042563,21.88125,13.314488372093026
1536,7168,384,6,GPU-56f0ab624008ec65,confirmation,5,opus_9000,13.245957446808516,cktile_29_split0,12.811304347826091,0.9671859810264489,3.3927310380084785,False,False,cktile_29_split0,12.811304347826091,cktile,0,True,False,still_loses,False,,,cktile_29_split0,12.811304347826091,,,13.245957446808516,20.40657142857142,18.920063829787235,23.480957446808496,13.735469387755103
1600,7168,384,5,GPU-2d57f9bd7c2ee0fe,full_sweep,3,opus_9020,15.391816326530611,cktile_30_split0,12.988063829787228,0.8438291852144781,18.50739670088888,False,False,cktile_30_split0,12.988063829787228,cktile,0,True,False,still_loses,False,ck_14_split0,16.76811111111111,cktile_30_split0,12.988063829787228,,,,,19.17880851063829,24.17234693877549,15.391816326530611
1664,7168,384,4,GPU-23a6cd0d658d72b6,full_sweep,3,opus_9020,15.201559999999997,cktile_11_split0,13.310244444444445,0.8755841140280634,14.20947273695614,False,False,cktile_11_split0,13.310244444444445,cktile,0,True,False,still_loses,False,ck_14_split0,16.953312500000006,cktile_11_split0,13.310244444444445,,,,20.66644680851063,19.390204081632653,24.609044444444443,15.201559999999997
1728,7168,384,5,GPU-2d57f9bd7c2ee0fe,full_sweep,3,opus_9020,15.315940000000001,cktile_12_split0,13.612488888888898,0.8887791992452894,12.513884308853562,False,False,cktile_12_split0,13.612488888888898,cktile,0,True,False,still_loses,False,ck_14_split0,17.170854166666675,cktile_12_split0,13.612488888888898,,,,,19.559191489361694,24.909021276595734,15.315940000000001
1024,7168,768,6,GPU-56f0ab624008ec65,full_sweep,3,opus_9000,16.9395918367347,cktile_32_split0,14.902040816326528,0.8797166401619194,13.672966310599888,False,False,cktile_32_split0,14.902040816326528,cktile,0,True,False,still_loses,False,ck_13_split0,17.374531914893616,cktile_32_split0,14.902040816326528,,,16.9395918367347,18.142520833333336,17.835122448979593,21.42308510638298,18.425874999999994
1088,7168,768,4,GPU-23a6cd0d658d72b6,full_sweep,3,opus_9011,18.25876744186047,cktile_12_split0,15.120833333333328,0.8281409674273499,20.752388703403547,False,False,cktile_12_split0,15.120833333333328,cktile,0,True,False,still_loses,False,ck_14_split0,17.2513695652174,cktile_12_split0,15.120833333333328,,,,,18.25876744186047,21.724122448979596,18.401708333333332
1152,7168,768,5,GPU-2d57f9bd7c2ee0fe,full_sweep,3,opus_9010,18.59835416666667,cktile_11_split0,15.197500000000005,0.8171421978423271,22.377721116411674,False,False,cktile_11_split0,15.197500000000005,cktile,0,True,False,still_loses,False,ck_14_split0,17.556708333333336,cktile_11_split0,15.197500000000005,,,,18.59835416666667,18.602755555555568,22.115979591836734,18.800872340425542
1216,7168,768,6,GPU-56f0ab624008ec65,full_sweep,3,opus_9020,18.919208333333334,cktile_27_split0,15.320759999999993,0.8097992120001494,23.487400973145856,False,False,cktile_27_split0,15.320759999999993,cktile,0,True,False,still_loses,False,ck_14_split0,19.159200000000002,cktile_27_split0,15.320759999999993,,,,,21.48602127659574,24.720936170212756,18.919208333333334
1280,7168,768,6,GPU-56f0ab624008ec65,full_sweep,3,opus_9000,17.06777551020409,cktile_11_split0,15.816326530612255,0.9266776751988771,7.912387096774176,False,False,cktile_11_split0,15.816326530612255,cktile,0,True,False,still_loses,False,ck_14_split0,19.41473469387755,cktile_11_split0,15.816326530612255,,,17.06777551020409,24.07408695652173,22.000877551020416,26.19848979591837,19.226163265306123
1344,7168,768,4,GPU-23a6cd0d658d72b6,full_sweep,3,opus_9020,19.412800000000004,cktile_30_split0,16.068354166666662,0.8277195544520449,20.813866800815852,False,False,cktile_30_split0,16.068354166666662,cktile,0,True,False,still_loses,False,ck_14_split0,19.50899999999999,cktile_30_split0,16.068354166666662,,,,,22.34987234042554,26.40171428571428,19.412800000000004
1408,7168,768,5,GPU-2d57f9bd7c2ee0fe,full_sweep,3,opus_9020,19.430224489795908,cktile_12_split0,16.561666666666664,0.8523662027355519,17.32046587378029,False,False,cktile_12_split0,16.561666666666664,cktile,0,True,False,still_loses,False,ck_14_split0,19.731448979591843,cktile_12_split0,16.561666666666664,,,,25.77153061224489,23.01067346938776,26.922604166666662,19.430224489795908
1472,7168,768,6,GPU-56f0ab624008ec65,full_sweep,3,opus_9020,19.720874999999996,cktile_31_split0,17.350183673469385,0.8797877210554496,13.663782304251315,False,False,cktile_31_split0,17.350183673469385,cktile,0,True,False,still_loses,False,ck_14_split0,22.180020000000003,cktile_31_split0,17.350183673469385,,,,,23.853152173913053,28.829063829787238,19.720874999999996
1536,7168,768,5,GPU-2d57f9bd7c2ee0fe,full_sweep,3,opus_9000,18.452019999999994,cktile_30_split0,17.166708333333325,0.9303430374199319,7.487234254285813,False,False,cktile_30_split0,17.166708333333325,cktile,0,True,False,still_loses,False,ck_14_split0,22.46485999999999,cktile_30_split0,17.166708333333325,,,18.452019999999994,26.060510204081627,24.753551020408164,29.875891304347828,19.681639999999994
1600,7168,768,4,GPU-23a6cd0d658d72b6,full_sweep,3,opus_9020,19.996800000000004,cktile_30_split0,17.875854166666674,0.8939357380514218,11.86486426639284,False,False,cktile_30_split0,17.875854166666674,cktile,0,True,False,still_loses,False,ck_14_split0,22.734250000000003,cktile_30_split0,17.875854166666674,,,,,25.469872340425546,31.068119999999993,19.996800000000004
1664,7168,768,5,GPU-2d57f9bd7c2ee0fe,full_sweep,3,opus_9020,20.11360000000001,cktile_31_split0,18.254380000000005,0.9075640362739638,10.185062434330838,False,False,cktile_31_split0,18.254380000000005,cktile,0,True,False,still_loses,False,ck_14_split0,22.9279347826087,cktile_31_split0,18.254380000000005,,,,26.435,25.685660000000002,31.308255319148934,20.11360000000001
1728,7168,768,6,GPU-56f0ab624008ec65,full_sweep,3,opus_9020,20.457979591836736,cktile_27_split0,18.935179999999995,0.9255645170139686,8.04217119582038,False,False,cktile_27_split0,18.935179999999995,cktile,0,True,False,still_loses,False,ck_14_split0,23.375895833333335,cktile_27_split0,18.935179999999995,,,,,25.93368,31.83212,20.457979591836736
1024,7168,1024,5,GPU-2d57f9bd7c2ee0fe,full_sweep,3,opus_9000,19.37441999999999,cktile_28_split0,17.17797959183674,0.886631940044489,12.786372206467389,False,False,cktile_28_split0,17.17797959183674,cktile,0,True,False,still_loses,False,ck_0_split0,19.63753191489361,cktile_28_split0,17.17797959183674,,,19.37441999999999,20.655404255319148,20.36087500000001,23.781382978723393,20.98724
1024,7168,3072,5,GPU-2d57f9bd7c2ee0fe,full_sweep,3,opus_9010,40.342555555555556,cktile_28_split0,37.7854418604651,0.936614979892162,6.767457436473601,False,False,cktile_28_split0,37.7854418604651,cktile,0,True,False,still_loses,False,ck_0_split0,39.83614285714286,cktile_28_split0,37.7854418604651,,,41.33802325581398,40.342555555555556,41.76503999999999,48.0043,43.754714285714286
1088,7168,3072,6,GPU-56f0ab624008ec65,full_sweep,3,opus_9011,42.45864,cktile_29_split0,37.60668181818181,0.8857250684002551,12.901851339280878,False,False,cktile_29_split0,37.60668181818181,cktile,0,True,False,still_loses,False,ck_13_split0,41.610510638297875,cktile_29_split0,37.60668181818181,,,,,42.45864,52.62996000000001,43.852181818181826
1152,7168,3072,5,GPU-2d57f9bd7c2ee0fe,full_sweep,3,opus_9010,41.32906,cktile_29_split0,37.58609523809522,0.9094350376731342,9.958376197884778,False,False,cktile_29_split0,37.58609523809522,cktile,0,True,False,still_loses,False,ck_0_split0,42.374659999999984,cktile_29_split0,37.58609523809522,,,,41.32906,43.43865306122449,53.82999999999999,43.62711904761902
1216,7168,3072,4,GPU-23a6cd0d658d72b6,full_sweep,3,opus_9020,44.45376190476188,cktile_29_split0,38.54108333333334,0.8669926161908206,15.341236052684582,False,False,cktile_29_split0,38.54108333333334,cktile,0,True,False,still_loses,False,ck_14_split0,50.073682926829214,cktile_29_split0,38.54108333333334,,,,,51.10431999999998,57.369200000000006,44.45376190476188
1280,7168,3072,5,GPU-2d57f9bd7c2ee0fe,full_sweep,3,opus_9000,42.47309090909093,cktile_11_split0,38.30172093023255,0.9017879346764108,10.890816071832976,False,False,cktile_11_split0,38.30172093023255,cktile,0,True,False,still_loses,False,ck_14_split0,52.56116000000003,cktile_11_split0,38.30172093023255,,,42.47309090909093,54.0455319148936,53.43636000000001,60.825220000000016,45.272785714285725
1344,7168,3072,6,GPU-56f0ab624008ec65,full_sweep,3,opus_9020,44.90995238095235,cktile_27_split0,39.778562499999985,0.8857404737946518,12.899887674302878,False,False,cktile_27_split0,39.778562499999985,cktile,0,True,False,still_loses,False,ck_14_split0,53.77156000000001,cktile_27_split0,39.778562499999985,,,,,53.20195999999999,64.21807999999999,44.90995238095235
1408,7168,3072,5,GPU-2d57f9bd7c2ee0fe,full_sweep,3,opus_9020,46.42753999999998,cktile_28_split0,39.914560975609774,0.8597173353490146,16.317300917752874,False,False,cktile_28_split0,39.914560975609774,cktile,0,True,False,still_loses,False,ck_14_split0,55.75164000000001,cktile_28_split0,39.914560975609774,,,,58.95568000000002,54.979639999999996,65.85178000000002,46.42753999999998
1472,7168,3072,4,GPU-23a6cd0d658d72b6,full_sweep,3,opus_9020,46.62862499999998,cktile_27_split0,40.72025531914894,0.8732887860010661,14.509657747829973,False,False,cktile_27_split0,40.72025531914894,cktile,0,True,False,still_loses,False,ck_14_split0,59.56522000000001,cktile_27_split0,40.72025531914894,,,,,58.50842000000001,68.71652000000002,46.62862499999998
1536,7168,3072,5,GPU-2d57f9bd7c2ee0fe,full_sweep,3,opus_9000,43.51013953488372,cktile_11_split0,41.73577551020408,0.9592195280537524,4.25142219831478,False,False,cktile_11_split0,41.73577551020408,cktile,0,True,False,still_loses,False,ck_13_split0,62.00206000000002,cktile_11_split0,41.73577551020408,,,43.51013953488372,60.88043999999997,60.50924000000002,71.24054000000002,45.85062790697675
1600,7168,3072,6,GPU-56f0ab624008ec65,full_sweep,3,opus_9020,46.192809523809544,cktile_27_split0,43.291833333333315,0.937198533269968,6.700977914563322,False,False,cktile_27_split0,43.291833333333315,cktile,0,True,False,still_loses,False,ck_13_split0,62.95726000000001,cktile_27_split0,43.291833333333315,,,,,61.67084000000002,74.24456,46.192809523809544
1664,7168,3072,6,GPU-56f0ab624008ec65,full_sweep,3,opus_9020,46.92863636363638,cktile_28_split0,44.1091,0.9399186385517658,6.392187470695121,False,False,cktile_28_split0,44.1091,cktile,0,True,False,still_loses,False,ck_13_split0,63.438120000000026,cktile_28_split0,44.1091,,,,61.14130000000001,62.85734,75.19268000000002,46.92863636363638
1728,7168,3072,4,GPU-23a6cd0d658d72b6,full_sweep,3,opus_9020,48.02724489795918,cktile_28_split0,43.70127272727273,0.9099267055631111,9.898961519229932,False,False,cktile_28_split0,43.70127272727273,cktile,0,True,False,still_loses,False,ck_13_split0,64.43168,cktile_28_split0,43.70127272727273,,,,,63.41646000000001,78.34303999999997,48.02724489795918
1088,7168,7168,6,GPU-56f0ab624008ec65,full_sweep,3,opus_9011,88.19031999999997,cktile_27_split0,80.80652083333335,0.9162742672136055,9.137627867800413,False,False,cktile_27_split0,80.80652083333335,cktile,0,True,False,still_loses,False,ck_13_split0,93.63119999999998,cktile_27_split0,80.80652083333335,,,,,88.19031999999997,111.27376000000004,90.35485106382984
1152,7168,7168,6,GPU-56f0ab624008ec65,full_sweep,3,opus_9010,85.38318,cktile_28_split0,81.26077083333335,0.9517187206348294,5.073061853082517,False,False,cktile_28_split0,81.26077083333335,cktile,0,True,False,still_loses,False,ck_0_split0,91.82485999999999,cktile_28_split0,81.26077083333335,,,,85.38318,92.67526000000004,115.50912,90.84174468085106
1216,7168,7168,4,GPU-23a6cd0d658d72b6,full_sweep,3,opus_9020,91.23995833333333,cktile_29_split0,83.28308000000001,0.9127917364422297,9.554015453479048,False,False,cktile_29_split0,83.28308000000001,cktile,0,True,False,still_loses,False,ck_14_split0,113.8666,cktile_29_split0,83.28308000000001,,,,,105.38809999999995,123.8963,91.23995833333333
1280,7168,7168,5,GPU-2d57f9bd7c2ee0fe,full_sweep,3,opus_9000,90.74974468085107,cktile_11_split0,84.55909999999999,0.9317833377645044,7.321086294498258,False,False,cktile_11_split0,84.55909999999999,cktile,0,True,False,still_loses,False,ck_14_split0,116.59304,cktile_11_split0,84.55909999999999,,,90.74974468085107,109.85056,109.76816000000001,130.67237999999998,92.39823913043479
1344,7168,7168,6,GPU-56f0ab624008ec65,full_sweep,3,opus_9020,93.7191458333333,cktile_27_split0,83.7765625,0.8939108626639125,11.867977196287205,False,False,cktile_27_split0,83.7765625,cktile,0,True,False,still_loses,False,ck_14_split0,118.63706000000002,cktile_27_split0,83.7765625,,,,,111.00335999999997,136.07641999999996,93.7191458333333
1408,7168,7168,6,GPU-56f0ab624008ec65,full_sweep,3,opus_9020,94.270875,cktile_29_split0,86.89836,0.9217943505881323,8.48406690298875,False,False,cktile_29_split0,86.89836,cktile,0,True,False,still_loses,False,ck_14_split0,120.69793999999997,cktile_29_split0,86.89836,,,,116.06988,114.43866000000004,140.76935999999992,94.270875
1472,7168,7168,4,GPU-23a6cd0d658d72b6,full_sweep,3,opus_9020,95.04666666666667,cktile_11_split0,87.26794,0.9181588693273479,8.913613254382625,False,False,cktile_11_split0,87.26794,cktile,0,True,False,still_loses,False,ck_13_split0,128.82115999999994,cktile_11_split0,87.26794,,,,,123.24029999999999,149.11019999999996,95.04666666666667
1536,7168,7168,5,GPU-2d57f9bd7c2ee0fe,full_sweep,3,opus_9000,93.0633333333334,cktile_29_split0,88.87436000000001,0.9549879293670971,4.713365399574632,False,False,cktile_29_split0,88.87436000000001,cktile,0,True,False,still_loses,False,ck_0_split0,130.32118000000006,cktile_29_split0,88.87436000000001,,,93.0633333333334,120.26508,129.48036,154.95984000000004,95.1091875
1600,7168,7168,6,GPU-56f0ab624008ec65,full_sweep,3,opus_9020,97.22918750000001,cktile_29_split0,91.59516000000002,0.9420541542630911,6.151010053369621,False,False,cktile_29_split0,91.59516000000002,cktile,0,True,False,still_loses,False,ck_13_split0,134.67961999999997,cktile_29_split0,91.59516000000002,,,,,127.70354000000003,156.2678400000001,97.22918750000001
1664,7168,7168,5,GPU-2d57f9bd7c2ee0fe,full_sweep,3,opus_9020,98.24171999999999,cktile_28_split0,92.87605999999998,0.9453830816480004,5.777226122641288,False,False,cktile_28_split0,92.87605999999998,cktile,0,True,False,still_loses,False,ck_0_split0,135.41816,cktile_28_split0,92.87605999999998,,,,123.02040000000001,132.44052,166.08811999999995,98.24171999999999
1728,7168,7168,4,GPU-23a6cd0d658d72b6,full_sweep,3,opus_9020,98.02126530612244,cktile_29_split0,92.10478000000006,0.939640798477299,6.423646314688969,False,False,cktile_29_split0,92.10478000000006,cktile,0,True,False,still_loses,False,ck_13_split0,139.50607999999994,cktile_29_split0,92.10478000000006,,,,,132.57961999999995,167.4599799999999,98.02126530612244
1088,7168,16384,6,GPU-56f0ab624008ec65,full_sweep,3,opus_9011,183.45296000000002,cktile_27_split0,173.96646000000004,0.9482891963149573,5.45306261908185,False,False,cktile_27_split0,173.96646000000004,cktile,0,True,False,still_loses,False,ck_13_split0,195.47259574468077,cktile_27_split0,173.96646000000004,,,,,183.45296000000002,234.89911999999995,190.25143999999997
1216,7168,16384,4,GPU-23a6cd0d658d72b6,full_sweep,3,opus_9020,195.24602040816328,cktile_28_split0,178.97320408163273,0.916654811747189,9.092319942547512,False,False,cktile_28_split0,178.97320408163273,cktile,0,True,False,still_loses,False,ck_14_split0,235.32876000000005,cktile_28_split0,178.97320408163273,,,,,216.19736000000003,257.3585306122449,195.24602040816328
1280,7168,16384,5,GPU-2d57f9bd7c2ee0fe,full_sweep,3,opus_9000,199.40276000000003,cktile_27_split0,181.51935999999998,0.9103151832000718,9.852062061038591,False,False,cktile_27_split0,181.51935999999998,cktile,0,True,False,still_loses,False,ck_14_split0,244.81829166666662,cktile_27_split0,181.51935999999998,,,199.40276000000003,220.34058000000002,227.94306,268.1818999999999,204.70161224489794
1344,7168,16384,6,GPU-56f0ab624008ec65,full_sweep,3,opus_9020,195.47549999999995,cktile_11_split0,180.4809400000001,0.9232918703366925,8.308112756948116,False,False,cktile_11_split0,180.4809400000001,cktile,0,True,False,still_loses,False,ck_14_split0,247.05366,cktile_11_split0,180.4809400000001,,,,,228.99586000000002,286.22608000000014,195.47549999999995
1408,7168,16384,6,GPU-56f0ab624008ec65,full_sweep,3,opus_9020,195.42922,cktile_28_split0,186.3349795918367,0.9534652985456152,4.880586794859476,False,False,cktile_28_split0,186.3349795918367,cktile,0,True,False,still_loses,False,ck_14_split0,254.3571,cktile_28_split0,186.3349795918367,,,,229.94240000000002,235.43765999999994,293.70355102040816,195.42922
1472,7168,16384,4,GPU-23a6cd0d658d72b6,full_sweep,3,opus_9020,201.402875,cktile_27_split0,185.04102040816323,0.918760570861579,8.84228510832128,False,False,cktile_27_split0,185.04102040816323,cktile,0,True,False,still_loses,False,ck_13_split0,268.59190909090916,cktile_27_split0,185.04102040816323,,,,,249.66695652173925,308.4323541666666,201.402875
1536,7168,16384,5,GPU-2d57f9bd7c2ee0fe,full_sweep,3,opus_9000,195.59872000000007,cktile_11_split0,189.09064,0.9667273896270893,3.441777974837912,False,False,cktile_11_split0,189.09064,cktile,0,True,False,still_loses,False,ck_0_split0,270.5721276595744,cktile_11_split0,189.09064,,,195.59872000000007,236.09914,261.4402400000001,321.8931020408165,198.90159999999997
1600,7168,16384,6,GPU-56f0ab624008ec65,full_sweep,3,opus_9020,202.34197999999998,cktile_28_split0,193.6146800000001,0.9568685647931295,4.5075611002223015,False,False,cktile_28_split0,193.6146800000001,cktile,0,True,False,still_loses,False,ck_13_split0,282.68926000000016,cktile_28_split0,193.6146800000001,,,,,263.25944,325.0858936170214,202.34197999999998
1664,7168,16384,5,GPU-2d57f9bd7c2ee0fe,full_sweep,3,opus_9020,203.0452400000001,cktile_28_split0,195.84435999999994,0.9645355882265443,3.6768380769301556,False,False,cktile_28_split0,195.84435999999994,cktile,0,True,False,still_loses,False,ck_0_split0,279.6484545454545,cktile_28_split0,195.84435999999994,,,,246.6681400000001,268.29986842105257,349.5262765957446,203.0452400000001
1728,7168,16384,4,GPU-23a6cd0d658d72b6,full_sweep,3,opus_9020,206.10443999999993,cktile_28_split0,193.6963200000001,0.9397969301389149,6.4059657922255875,False,False,cktile_28_split0,193.6963200000001,cktile,0,True,False,still_loses,False,ck_13_split0,291.4445800000001,cktile_28_split0,193.6963200000001,,,,,269.94194,352.5475531914892,206.10443999999993
1088,16384,1536,6,GPU-56f0ab624008ec65,full_sweep,3,opus_9020,49.30195999999998,cktile_28_split0,43.914068181818195,0.8907164782458591,12.269170316615163,False,False,cktile_28_split0,43.914068181818195,cktile,0,True,False,still_loses,False,ck_14_split0,54.9212,cktile_28_split0,43.914068181818195,,,,,55.63482000000002,68.20140816326533,49.30195999999998
1152,16384,1536,5,GPU-2d57f9bd7c2ee0fe,full_sweep,3,opus_9020,51.03774418604653,cktile_29_split0,44.48036956521741,0.8715191134442444,14.742176571205533,False,False,cktile_29_split0,44.48036956521741,cktile,0,True,False,still_loses,False,ck_14_split0,54.635620000000024,cktile_29_split0,44.48036956521741,,,,62.75808000000001,57.714839999999995,71.77659999999997,51.03774418604653
1216,16384,1536,4,GPU-23a6cd0d658d72b6,full_sweep,3,opus_9020,51.961476190476205,cktile_11_split0,44.93257142857144,0.8647285397331906,15.643228371824858,False,False,cktile_11_split0,44.93257142857144,cktile,0,True,False,still_loses,False,ck_13_split0,55.50683999999998,cktile_11_split0,44.93257142857144,,,,,61.004479999999965,76.70307999999999,51.961476190476205
1280,16384,1536,5,GPU-2d57f9bd7c2ee0fe,full_sweep,3,opus_9000,50.94980000000002,cktile_27_split0,46.26726530612243,0.9080951310137119,10.120621270559415,False,False,cktile_27_split0,46.26726530612243,cktile,0,True,False,still_loses,False,ck_13_split0,57.045239999999964,cktile_27_split0,46.26726530612243,,,50.94980000000002,64.36531999999998,62.96370000000004,79.85027999999997,54.83621276595745
1344,16384,1536,6,GPU-56f0ab624008ec65,full_sweep,3,opus_9020,54.34322727272731,cktile_11_split0,47.53704166666669,0.8747555868939647,14.317646549791863,False,False,cktile_11_split0,47.53704166666669,cktile,0,True,False,still_loses,False,ck_13_split0,64.66612000000003,cktile_11_split0,47.53704166666669,,,,,67.69256000000001,84.97595999999997,54.34322727272731
1408,16384,1536,5,GPU-2d57f9bd7c2ee0fe,full_sweep,3,opus_9020,55.41129166666667,cktile_27_split0,49.45441860465118,0.8924971267977332,12.045178631329101,False,False,cktile_27_split0,49.45441860465118,cktile,0,True,False,still_loses,False,ck_13_split0,65.61414,cktile_27_split0,49.45441860465118,,,,74.37345454545449,69.07338,88.57439999999993,55.41129166666667
1472,16384,1536,4,GPU-23a6cd0d658d72b6,full_sweep,3,opus_9020,55.45838297872339,cktile_11_split0,49.87865116279067,0.8993888477045321,11.186613282147428,False,False,cktile_11_split0,49.87865116279067,cktile,0,True,False,still_loses,False,ck_13_split0,65.65974000000001,cktile_11_split0,49.87865116279067,,,,,73.35105999999999,91.98086,55.45838297872339
1536,16384,1536,5,GPU-2d57f9bd7c2ee0fe,full_sweep,3,opus_9000,52.76677999999999,cktile_29_split0,51.0350227272727,0.9671809181320654,3.393272267128533,False,False,cktile_29_split0,51.0350227272727,cktile,0,True,False,still_loses,False,ck_13_split0,68.53496000000004,cktile_29_split0,51.0350227272727,,,52.76677999999999,77.13905999999996,76.41105999999999,95.92086,57.344459999999984
