M,N,K,name,lib,kid,splitK,kernelName,round,order,us,error,status,reason
1472,768,7168,ck_9_split0,ck,9,0,a8w8_blockscale_bpreshuffle_1x128x128_256x32x128x128_16x16_16x16_8x32x1_8x32x1_1x32x1x8_8_2x1_intrawave_v1,0,0,31.024159999999988,0.0,passed,
1472,768,7168,ck_10_split0,ck,10,0,a8w8_blockscale_bpreshuffle_1x128x128_256x32x64x128_16x16_16x16_8x32x1_8x32x1_1x32x1x8_8_2x1_intrawave_v1,0,1,31.497760000000007,0.0,passed,
1472,768,7168,ck_11_split0,ck,11,0,a8w8_blockscale_bpreshuffle_1x128x128_256x32x128x256_16x16_16x16_16x16x1_16x16x1_1x32x1x8_8_2x1_intrawave_v1,0,2,31.12095999999999,0.0,passed,
1472,768,7168,ck_12_split0,ck,12,0,a8w8_blockscale_bpreshuffle_1x128x128_256x32x64x256_16x16_16x16_16x16x1_16x16x1_1x32x1x8_8_2x1_intrawave_v1,0,3,32.29458,0.0,passed,
1472,768,7168,ck_15_split0,ck,15,0,a8w8_blockscale_bpreshuffle_1x128x128_256x64x64x128_16x16_16x16_8x32x1_8x32x1_1x32x1x8_8_2x1_intrawave_v1,0,4,30.964139999999993,0.0,passed,
1472,768,7168,ck_17_split0,ck,17,0,a8w8_blockscale_bpreshuffle_1x128x128_256x64x64x256_16x16_16x16_16x16x1_16x16x1_1x32x1x8_8_2x1_intrawave_v1,0,5,30.491543478260866,0.0,passed,
1472,768,7168,opus_9011,opus,9011,0,opus_gemm_gfx950_a8w8_mxscale_gemm_bpreshuffle_256x64x128x128_2x2_16x16x128_1x128x128_tiles1_nooob,0,6,29.910540000000005,0.0,passed,
1472,768,7168,opus_9012,opus,9012,0,opus_gemm_gfx950_a8w8_mxscale_gemm_bpreshuffle_256x64x64x128_2x2_16x16x128_1x128x128_tiles1_nooob,0,7,30.485740000000007,0.0,passed,
1472,768,7168,opus_9020,opus,9020,0,opus_gemm_gfx950_a8w8_mxscale_gemm_bpreshuffle_256x256x256x128_2x2_16x16x128_1x128x128_tiles1,0,8,90.8900416666667,0.0,passed,
1472,768,7168,ck_9_split0,ck,9,0,a8w8_blockscale_bpreshuffle_1x128x128_256x32x128x128_16x16_16x16_8x32x1_8x32x1_1x32x1x8_8_2x1_intrawave_v1,1,0,31.125739999999993,0.0,passed,
1472,768,7168,opus_9020,opus,9020,0,opus_gemm_gfx950_a8w8_mxscale_gemm_bpreshuffle_256x256x256x128_2x2_16x16x128_1x128x128_tiles1,1,1,90.95430612244901,0.0,passed,
1472,768,7168,opus_9012,opus,9012,0,opus_gemm_gfx950_a8w8_mxscale_gemm_bpreshuffle_256x64x64x128_2x2_16x16x128_1x128x128_tiles1_nooob,1,2,30.480139999999995,0.0,passed,
1472,768,7168,opus_9011,opus,9011,0,opus_gemm_gfx950_a8w8_mxscale_gemm_bpreshuffle_256x64x128x128_2x2_16x16x128_1x128x128_tiles1_nooob,1,3,29.88254,0.0,passed,
1472,768,7168,ck_17_split0,ck,17,0,a8w8_blockscale_bpreshuffle_1x128x128_256x64x64x256_16x16_16x16_16x16x1_16x16x1_1x32x1x8_8_2x1_intrawave_v1,1,4,30.99120408163265,0.0,passed,
1472,768,7168,ck_15_split0,ck,15,0,a8w8_blockscale_bpreshuffle_1x128x128_256x64x64x128_16x16_16x16_8x32x1_8x32x1_1x32x1x8_8_2x1_intrawave_v1,1,5,30.947360000000003,0.0,passed,
1472,768,7168,ck_12_split0,ck,12,0,a8w8_blockscale_bpreshuffle_1x128x128_256x32x64x256_16x16_16x16_16x16x1_16x16x1_1x32x1x8_8_2x1_intrawave_v1,1,6,32.06712244897959,0.0,passed,
1472,768,7168,ck_11_split0,ck,11,0,a8w8_blockscale_bpreshuffle_1x128x128_256x32x128x256_16x16_16x16_16x16x1_16x16x1_1x32x1x8_8_2x1_intrawave_v1,1,7,30.865744680851076,0.0,passed,
1472,768,7168,ck_10_split0,ck,10,0,a8w8_blockscale_bpreshuffle_1x128x128_256x32x64x128_16x16_16x16_8x32x1_8x32x1_1x32x1x8_8_2x1_intrawave_v1,1,8,31.658559999999998,0.0,passed,
1472,768,7168,ck_11_split0,ck,11,0,a8w8_blockscale_bpreshuffle_1x128x128_256x32x128x256_16x16_16x16_16x16x1_16x16x1_1x32x1x8_8_2x1_intrawave_v1,2,0,31.212960000000002,0.0,passed,
1472,768,7168,ck_12_split0,ck,12,0,a8w8_blockscale_bpreshuffle_1x128x128_256x32x64x256_16x16_16x16_16x16x1_16x16x1_1x32x1x8_8_2x1_intrawave_v1,2,1,32.15295999999999,0.0,passed,
1472,768,7168,ck_15_split0,ck,15,0,a8w8_blockscale_bpreshuffle_1x128x128_256x64x64x128_16x16_16x16_8x32x1_8x32x1_1x32x1x8_8_2x1_intrawave_v1,2,2,30.887359999999994,0.0,passed,
1472,768,7168,ck_17_split0,ck,17,0,a8w8_blockscale_bpreshuffle_1x128x128_256x64x64x256_16x16_16x16_16x16x1_16x16x1_1x32x1x8_8_2x1_intrawave_v1,2,3,30.64704255319149,0.0,passed,
1472,768,7168,opus_9011,opus,9011,0,opus_gemm_gfx950_a8w8_mxscale_gemm_bpreshuffle_256x64x128x128_2x2_16x16x128_1x128x128_tiles1_nooob,2,4,29.912940000000003,0.0,passed,
1472,768,7168,opus_9012,opus,9012,0,opus_gemm_gfx950_a8w8_mxscale_gemm_bpreshuffle_256x64x64x128_2x2_16x16x128_1x128x128_tiles1_nooob,2,5,30.44174000000001,0.0,passed,
1472,768,7168,opus_9020,opus,9020,0,opus_gemm_gfx950_a8w8_mxscale_gemm_bpreshuffle_256x256x256x128_2x2_16x16x128_1x128x128_tiles1,2,6,91.28404,0.0,passed,
1472,768,7168,ck_9_split0,ck,9,0,a8w8_blockscale_bpreshuffle_1x128x128_256x32x128x128_16x16_16x16_8x32x1_8x32x1_1x32x1x8_8_2x1_intrawave_v1,2,7,31.09696,0.0,passed,
1472,768,7168,ck_10_split0,ck,10,0,a8w8_blockscale_bpreshuffle_1x128x128_256x32x64x128_16x16_16x16_8x32x1_8x32x1_1x32x1x8_8_2x1_intrawave_v1,2,8,31.43855102040817,0.0,passed,
1472,768,7168,ck_11_split0,ck,11,0,a8w8_blockscale_bpreshuffle_1x128x128_256x32x128x256_16x16_16x16_16x16x1_16x16x1_1x32x1x8_8_2x1_intrawave_v1,3,0,31.22096,0.0,passed,
1472,768,7168,ck_10_split0,ck,10,0,a8w8_blockscale_bpreshuffle_1x128x128_256x32x64x128_16x16_16x16_8x32x1_8x32x1_1x32x1x8_8_2x1_intrawave_v1,3,1,31.532940000000007,0.0,passed,
1472,768,7168,ck_9_split0,ck,9,0,a8w8_blockscale_bpreshuffle_1x128x128_256x32x128x128_16x16_16x16_8x32x1_8x32x1_1x32x1x8_8_2x1_intrawave_v1,3,2,31.19136,0.0,passed,
1472,768,7168,opus_9020,opus,9020,0,opus_gemm_gfx950_a8w8_mxscale_gemm_bpreshuffle_256x256x256x128_2x2_16x16x128_1x128x128_tiles1,3,3,91.16002000000005,0.0,passed,
1472,768,7168,opus_9012,opus,9012,0,opus_gemm_gfx950_a8w8_mxscale_gemm_bpreshuffle_256x64x64x128_2x2_16x16x128_1x128x128_tiles1_nooob,3,4,30.461740000000006,0.0,passed,
1472,768,7168,opus_9011,opus,9011,0,opus_gemm_gfx950_a8w8_mxscale_gemm_bpreshuffle_256x64x128x128_2x2_16x16x128_1x128x128_tiles1_nooob,3,5,29.874520000000004,0.0,passed,
1472,768,7168,ck_17_split0,ck,17,0,a8w8_blockscale_bpreshuffle_1x128x128_256x64x64x256_16x16_16x16_16x16x1_16x16x1_1x32x1x8_8_2x1_intrawave_v1,3,6,31.008939999999992,0.0,passed,
1472,768,7168,ck_15_split0,ck,15,0,a8w8_blockscale_bpreshuffle_1x128x128_256x64x64x128_16x16_16x16_8x32x1_8x32x1_1x32x1x8_8_2x1_intrawave_v1,3,7,31.115339999999996,0.0,passed,
1472,768,7168,ck_12_split0,ck,12,0,a8w8_blockscale_bpreshuffle_1x128x128_256x32x64x256_16x16_16x16_16x16x1_16x16x1_1x32x1x8_8_2x1_intrawave_v1,3,8,32.14095999999999,0.0,passed,
1472,768,7168,ck_15_split0,ck,15,0,a8w8_blockscale_bpreshuffle_1x128x128_256x64x64x128_16x16_16x16_8x32x1_8x32x1_1x32x1x8_8_2x1_intrawave_v1,4,0,30.95856,0.0,passed,
1472,768,7168,ck_17_split0,ck,17,0,a8w8_blockscale_bpreshuffle_1x128x128_256x64x64x256_16x16_16x16_16x16x1_16x16x1_1x32x1x8_8_2x1_intrawave_v1,4,1,30.520979166666667,0.0,passed,
1472,768,7168,opus_9011,opus,9011,0,opus_gemm_gfx950_a8w8_mxscale_gemm_bpreshuffle_256x64x128x128_2x2_16x16x128_1x128x128_tiles1_nooob,4,2,29.989739999999987,0.0,passed,
1472,768,7168,opus_9012,opus,9012,0,opus_gemm_gfx950_a8w8_mxscale_gemm_bpreshuffle_256x64x64x128_2x2_16x16x128_1x128x128_tiles1_nooob,4,3,30.42573999999999,0.0,passed,
1472,768,7168,opus_9020,opus,9020,0,opus_gemm_gfx950_a8w8_mxscale_gemm_bpreshuffle_256x256x256x128_2x2_16x16x128_1x128x128_tiles1,4,4,90.80820408163264,0.0,passed,
1472,768,7168,ck_9_split0,ck,9,0,a8w8_blockscale_bpreshuffle_1x128x128_256x32x128x128_16x16_16x16_8x32x1_8x32x1_1x32x1x8_8_2x1_intrawave_v1,4,5,31.089760000000005,0.0,passed,
1472,768,7168,ck_10_split0,ck,10,0,a8w8_blockscale_bpreshuffle_1x128x128_256x32x64x128_16x16_16x16_8x32x1_8x32x1_1x32x1x8_8_2x1_intrawave_v1,4,6,31.3585306122449,0.0,passed,
1472,768,7168,ck_11_split0,ck,11,0,a8w8_blockscale_bpreshuffle_1x128x128_256x32x128x256_16x16_16x16_16x16x1_16x16x1_1x32x1x8_8_2x1_intrawave_v1,4,7,31.090187500000013,0.0,passed,
1472,768,7168,ck_12_split0,ck,12,0,a8w8_blockscale_bpreshuffle_1x128x128_256x32x64x256_16x16_16x16_16x16x1_16x16x1_1x32x1x8_8_2x1_intrawave_v1,4,8,32.008959999999995,0.0,passed,
8192,768,7168,ck_1_split0,ck,1,0,a8w8_blockscale_bpreshuffle_1x128x128_256x64x128x128_16x16_16x16_8x32x1_8x32x1_1x32x1x8_8_2x1_intrawave_v3,0,0,80.88392,0.0,passed,
8192,768,7168,ck_13_split0,ck,13,0,a8w8_blockscale_bpreshuffle_1x128x128_256x64x256x128_16x16_16x16_8x32x1_8x32x1_1x32x1x8_8_2x1_intrawave_v1,0,1,82.55033999999999,0.0,passed,
8192,768,7168,ck_14_split0,ck,14,0,a8w8_blockscale_bpreshuffle_1x128x128_256x64x128x128_16x16_16x16_8x32x1_8x32x1_1x32x1x8_8_2x1_intrawave_v1,0,2,79.66952000000003,0.0,passed,
8192,768,7168,cktile_29_split0,cktile,29,0,a8w8_blockscale_cktile_192x256x128_4x2x1_16x16x128_intrawave_0x1x0_4,0,3,83.6774375,0.0,passed,
8192,768,7168,opus_9000,opus,9000,0,opus_gemm_gfx950_a8w8_mxscale_gemm_bpreshuffle_256x256x256x128_2x2_16x16x128_1x128x128_tiles1_nooob,0,4,93.1158958333333,0.0,passed,
8192,768,7168,opus_9010,opus,9010,0,opus_gemm_gfx950_a8w8_mxscale_gemm_bpreshuffle_256x128x128x128_2x2_16x16x128_1x128x128_tiles1_nooob,0,5,84.35755999999999,0.0,passed,
8192,768,7168,opus_9011,opus,9011,0,opus_gemm_gfx950_a8w8_mxscale_gemm_bpreshuffle_256x64x128x128_2x2_16x16x128_1x128x128_tiles1_nooob,0,6,77.97908,0.0,passed,
8192,768,7168,opus_9012,opus,9012,0,opus_gemm_gfx950_a8w8_mxscale_gemm_bpreshuffle_256x64x64x128_2x2_16x16x128_1x128x128_tiles1_nooob,0,7,98.11692000000005,0.0,passed,
8192,768,7168,opus_9020,opus,9020,0,opus_gemm_gfx950_a8w8_mxscale_gemm_bpreshuffle_256x256x256x128_2x2_16x16x128_1x128x128_tiles1,0,8,94.18258333333331,0.0,passed,
8192,768,7168,ck_0_split0,ck,0,0,a8w8_blockscale_bpreshuffle_1x128x128_256x128x128x128_16x16_16x16_8x32x1_8x32x1_1x32x1x8_8_2x1_intrawave_v3,0,9,81.32073999999997,0.0,passed,
8192,768,7168,ck_1_split0,ck,1,0,a8w8_blockscale_bpreshuffle_1x128x128_256x64x128x128_16x16_16x16_8x32x1_8x32x1_1x32x1x8_8_2x1_intrawave_v3,1,0,84.00956000000001,0.0,passed,
8192,768,7168,ck_0_split0,ck,0,0,a8w8_blockscale_bpreshuffle_1x128x128_256x128x128x128_16x16_16x16_8x32x1_8x32x1_1x32x1x8_8_2x1_intrawave_v3,1,1,79.35430000000002,0.0,passed,
8192,768,7168,opus_9020,opus,9020,0,opus_gemm_gfx950_a8w8_mxscale_gemm_bpreshuffle_256x256x256x128_2x2_16x16x128_1x128x128_tiles1,1,2,93.94985106382973,0.0,passed,
8192,768,7168,opus_9012,opus,9012,0,opus_gemm_gfx950_a8w8_mxscale_gemm_bpreshuffle_256x64x64x128_2x2_16x16x128_1x128x128_tiles1_nooob,1,3,98.45769999999995,0.0,passed,
8192,768,7168,opus_9011,opus,9011,0,opus_gemm_gfx950_a8w8_mxscale_gemm_bpreshuffle_256x64x128x128_2x2_16x16x128_1x128x128_tiles1_nooob,1,4,76.00546000000003,0.0,passed,
8192,768,7168,opus_9010,opus,9010,0,opus_gemm_gfx950_a8w8_mxscale_gemm_bpreshuffle_256x128x128x128_2x2_16x16x128_1x128x128_tiles1_nooob,1,5,84.09113999999998,0.0,passed,
8192,768,7168,opus_9000,opus,9000,0,opus_gemm_gfx950_a8w8_mxscale_gemm_bpreshuffle_256x256x256x128_2x2_16x16x128_1x128x128_tiles1_nooob,1,6,93.62589583333335,0.0,passed,
8192,768,7168,cktile_29_split0,cktile,29,0,a8w8_blockscale_cktile_192x256x128_4x2x1_16x16x128_intrawave_0x1x0_4,1,7,83.96327083333337,0.0,passed,
8192,768,7168,ck_14_split0,ck,14,0,a8w8_blockscale_bpreshuffle_1x128x128_256x64x128x128_16x16_16x16_8x32x1_8x32x1_1x32x1x8_8_2x1_intrawave_v1,1,8,77.43748,0.0,passed,
8192,768,7168,ck_13_split0,ck,13,0,a8w8_blockscale_bpreshuffle_1x128x128_256x64x256x128_16x16_16x16_8x32x1_8x32x1_1x32x1x8_8_2x1_intrawave_v1,1,9,84.27836000000003,0.0,passed,
8192,768,7168,ck_14_split0,ck,14,0,a8w8_blockscale_bpreshuffle_1x128x128_256x64x128x128_16x16_16x16_8x32x1_8x32x1_1x32x1x8_8_2x1_intrawave_v1,2,0,80.98232,0.0,passed,
8192,768,7168,cktile_29_split0,cktile,29,0,a8w8_blockscale_cktile_192x256x128_4x2x1_16x16x128_intrawave_0x1x0_4,2,1,84.00329166666668,0.0,passed,
8192,768,7168,opus_9000,opus,9000,0,opus_gemm_gfx950_a8w8_mxscale_gemm_bpreshuffle_256x256x256x128_2x2_16x16x128_1x128x128_tiles1_nooob,2,2,92.57004166666677,0.0,passed,
8192,768,7168,opus_9010,opus,9010,0,opus_gemm_gfx950_a8w8_mxscale_gemm_bpreshuffle_256x128x128x128_2x2_16x16x128_1x128x128_tiles1_nooob,2,3,84.82715999999996,0.0,passed,
8192,768,7168,opus_9011,opus,9011,0,opus_gemm_gfx950_a8w8_mxscale_gemm_bpreshuffle_256x64x128x128_2x2_16x16x128_1x128x128_tiles1_nooob,2,4,78.22149999999999,0.0,passed,
8192,768,7168,opus_9012,opus,9012,0,opus_gemm_gfx950_a8w8_mxscale_gemm_bpreshuffle_256x64x64x128_2x2_16x16x128_1x128x128_tiles1_nooob,2,5,97.0913,0.0,passed,
8192,768,7168,opus_9020,opus,9020,0,opus_gemm_gfx950_a8w8_mxscale_gemm_bpreshuffle_256x256x256x128_2x2_16x16x128_1x128x128_tiles1,2,6,93.82339583333335,0.0,passed,
8192,768,7168,ck_0_split0,ck,0,0,a8w8_blockscale_bpreshuffle_1x128x128_256x128x128x128_16x16_16x16_8x32x1_8x32x1_1x32x1x8_8_2x1_intrawave_v3,2,7,83.31594000000003,0.0,passed,
8192,768,7168,ck_1_split0,ck,1,0,a8w8_blockscale_bpreshuffle_1x128x128_256x64x128x128_16x16_16x16_8x32x1_8x32x1_1x32x1x8_8_2x1_intrawave_v3,2,8,82.13994000000002,0.0,passed,
8192,768,7168,ck_13_split0,ck,13,0,a8w8_blockscale_bpreshuffle_1x128x128_256x64x256x128_16x16_16x16_8x32x1_8x32x1_1x32x1x8_8_2x1_intrawave_v1,2,9,83.06396000000001,0.0,passed,
8192,768,7168,ck_14_split0,ck,14,0,a8w8_blockscale_bpreshuffle_1x128x128_256x64x128x128_16x16_16x16_8x32x1_8x32x1_1x32x1x8_8_2x1_intrawave_v1,3,0,79.3047,0.0,passed,
8192,768,7168,ck_13_split0,ck,13,0,a8w8_blockscale_bpreshuffle_1x128x128_256x64x256x128_16x16_16x16_8x32x1_8x32x1_1x32x1x8_8_2x1_intrawave_v1,3,1,80.39509999999999,0.0,passed,
8192,768,7168,ck_1_split0,ck,1,0,a8w8_blockscale_bpreshuffle_1x128x128_256x64x128x128_16x16_16x16_8x32x1_8x32x1_1x32x1x8_8_2x1_intrawave_v3,3,2,81.25992000000002,0.0,passed,
8192,768,7168,ck_0_split0,ck,0,0,a8w8_blockscale_bpreshuffle_1x128x128_256x128x128x128_16x16_16x16_8x32x1_8x32x1_1x32x1x8_8_2x1_intrawave_v3,3,3,77.55588000000003,0.0,passed,
8192,768,7168,opus_9020,opus,9020,0,opus_gemm_gfx950_a8w8_mxscale_gemm_bpreshuffle_256x256x256x128_2x2_16x16x128_1x128x128_tiles1,3,4,93.86839583333331,0.0,passed,
8192,768,7168,opus_9012,opus,9012,0,opus_gemm_gfx950_a8w8_mxscale_gemm_bpreshuffle_256x64x64x128_2x2_16x16x128_1x128x128_tiles1_nooob,3,5,99.57774,0.0,passed,
8192,768,7168,opus_9011,opus,9011,0,opus_gemm_gfx950_a8w8_mxscale_gemm_bpreshuffle_256x64x128x128_2x2_16x16x128_1x128x128_tiles1_nooob,3,6,77.44467999999999,0.0,passed,
8192,768,7168,opus_9010,opus,9010,0,opus_gemm_gfx950_a8w8_mxscale_gemm_bpreshuffle_256x128x128x128_2x2_16x16x128_1x128x128_tiles1_nooob,3,7,83.57434,0.0,passed,
8192,768,7168,opus_9000,opus,9000,0,opus_gemm_gfx950_a8w8_mxscale_gemm_bpreshuffle_256x256x256x128_2x2_16x16x128_1x128x128_tiles1_nooob,3,8,92.79256249999999,0.0,passed,
8192,768,7168,cktile_29_split0,cktile,29,0,a8w8_blockscale_cktile_192x256x128_4x2x1_16x16x128_intrawave_0x1x0_4,3,9,82.89473913043483,0.0,passed,
8192,768,7168,opus_9000,opus,9000,0,opus_gemm_gfx950_a8w8_mxscale_gemm_bpreshuffle_256x256x256x128_2x2_16x16x128_1x128x128_tiles1_nooob,4,0,93.2142083333333,0.0,passed,
8192,768,7168,opus_9010,opus,9010,0,opus_gemm_gfx950_a8w8_mxscale_gemm_bpreshuffle_256x128x128x128_2x2_16x16x128_1x128x128_tiles1_nooob,4,1,86.40717999999995,0.0,passed,
8192,768,7168,opus_9011,opus,9011,0,opus_gemm_gfx950_a8w8_mxscale_gemm_bpreshuffle_256x64x128x128_2x2_16x16x128_1x128x128_tiles1_nooob,4,2,77.46306000000006,0.0,passed,
8192,768,7168,opus_9012,opus,9012,0,opus_gemm_gfx950_a8w8_mxscale_gemm_bpreshuffle_256x64x64x128_2x2_16x16x128_1x128x128_tiles1_nooob,4,3,98.06331999999995,0.0,passed,
8192,768,7168,opus_9020,opus,9020,0,opus_gemm_gfx950_a8w8_mxscale_gemm_bpreshuffle_256x256x256x128_2x2_16x16x128_1x128x128_tiles1,4,4,93.5061521739131,0.0,passed,
8192,768,7168,ck_0_split0,ck,0,0,a8w8_blockscale_bpreshuffle_1x128x128_256x128x128x128_16x16_16x16_8x32x1_8x32x1_1x32x1x8_8_2x1_intrawave_v3,4,5,78.40470000000002,0.0,passed,
8192,768,7168,ck_1_split0,ck,1,0,a8w8_blockscale_bpreshuffle_1x128x128_256x64x128x128_16x16_16x16_8x32x1_8x32x1_1x32x1x8_8_2x1_intrawave_v3,4,6,82.54794000000001,0.0,passed,
8192,768,7168,ck_13_split0,ck,13,0,a8w8_blockscale_bpreshuffle_1x128x128_256x64x256x128_16x16_16x16_8x32x1_8x32x1_1x32x1x8_8_2x1_intrawave_v1,4,7,81.88794,0.0,passed,
8192,768,7168,ck_14_split0,ck,14,0,a8w8_blockscale_bpreshuffle_1x128x128_256x64x128x128_16x16_16x16_8x32x1_8x32x1_1x32x1x8_8_2x1_intrawave_v1,4,8,81.42631999999998,0.0,passed,
8192,768,7168,cktile_29_split0,cktile,29,0,a8w8_blockscale_cktile_192x256x128_4x2x1_16x16x128_intrawave_0x1x0_4,4,9,83.84910416666665,0.0,passed,
6144,2048,7168,cktile_28_split0,cktile,28,0,a8w8_blockscale_cktile_192x256x128_4x2x1_16x16x128_intrawave_0x1x0_3,0,0,98.80972,0.0,passed,
6144,2048,7168,cktile_29_split0,cktile,29,0,a8w8_blockscale_cktile_192x256x128_4x2x1_16x16x128_intrawave_0x1x0_4,0,1,98.36171999999996,0.0,passed,
6144,2048,7168,opus_9000,opus,9000,0,opus_gemm_gfx950_a8w8_mxscale_gemm_bpreshuffle_256x256x256x128_2x2_16x16x128_1x128x128_tiles1_nooob,0,2,97.87846938775503,0.0,passed,
6144,2048,7168,opus_9010,opus,9010,0,opus_gemm_gfx950_a8w8_mxscale_gemm_bpreshuffle_256x128x128x128_2x2_16x16x128_1x128x128_tiles1_nooob,0,3,126.66843999999998,0.0,passed,
6144,2048,7168,opus_9011,opus,9011,0,opus_gemm_gfx950_a8w8_mxscale_gemm_bpreshuffle_256x64x128x128_2x2_16x16x128_1x128x128_tiles1_nooob,0,4,140.4613999999999,0.0,passed,
6144,2048,7168,opus_9012,opus,9012,0,opus_gemm_gfx950_a8w8_mxscale_gemm_bpreshuffle_256x64x64x128_2x2_16x16x128_1x128x128_tiles1_nooob,0,5,173.49461363636374,0.0,passed,
6144,2048,7168,opus_9020,opus,9020,0,opus_gemm_gfx950_a8w8_mxscale_gemm_bpreshuffle_256x256x256x128_2x2_16x16x128_1x128x128_tiles1,0,6,100.76413999999995,0.0,passed,
6144,2048,7168,cktile_11_split0,cktile,11,0,a8w8_blockscale_cktile_192x256x128_4x2x1_16x16x128_intrawave_0x1x0_1,0,7,98.91931999999998,0.0,passed,
6144,2048,7168,cktile_27_split0,cktile,27,0,a8w8_blockscale_cktile_192x256x128_4x2x1_16x16x128_intrawave_0x1x0_2,0,8,100.00254000000004,0.0,passed,
6144,2048,7168,cktile_28_split0,cktile,28,0,a8w8_blockscale_cktile_192x256x128_4x2x1_16x16x128_intrawave_0x1x0_3,1,0,97.8409,0.0,passed,
6144,2048,7168,cktile_27_split0,cktile,27,0,a8w8_blockscale_cktile_192x256x128_4x2x1_16x16x128_intrawave_0x1x0_2,1,1,101.50335999999997,0.0,passed,
6144,2048,7168,cktile_11_split0,cktile,11,0,a8w8_blockscale_cktile_192x256x128_4x2x1_16x16x128_intrawave_0x1x0_1,1,2,100.17854,0.0,passed,
6144,2048,7168,opus_9020,opus,9020,0,opus_gemm_gfx950_a8w8_mxscale_gemm_bpreshuffle_256x256x256x128_2x2_16x16x128_1x128x128_tiles1,1,3,100.55293999999998,0.0,passed,
6144,2048,7168,opus_9012,opus,9012,0,opus_gemm_gfx950_a8w8_mxscale_gemm_bpreshuffle_256x64x64x128_2x2_16x16x128_1x128x128_tiles1_nooob,1,4,175.31298000000007,0.0,passed,
6144,2048,7168,opus_9011,opus,9011,0,opus_gemm_gfx950_a8w8_mxscale_gemm_bpreshuffle_256x64x128x128_2x2_16x16x128_1x128x128_tiles1_nooob,1,5,138.92056000000002,0.0,passed,
6144,2048,7168,opus_9010,opus,9010,0,opus_gemm_gfx950_a8w8_mxscale_gemm_bpreshuffle_256x128x128x128_2x2_16x16x128_1x128x128_tiles1_nooob,1,6,128.01963999999995,0.0,passed,
6144,2048,7168,opus_9000,opus,9000,0,opus_gemm_gfx950_a8w8_mxscale_gemm_bpreshuffle_256x256x256x128_2x2_16x16x128_1x128x128_tiles1_nooob,1,7,97.9217,0.0,passed,
6144,2048,7168,cktile_29_split0,cktile,29,0,a8w8_blockscale_cktile_192x256x128_4x2x1_16x16x128_intrawave_0x1x0_4,1,8,97.37691999999998,0.0,passed,
6144,2048,7168,opus_9000,opus,9000,0,opus_gemm_gfx950_a8w8_mxscale_gemm_bpreshuffle_256x256x256x128_2x2_16x16x128_1x128x128_tiles1_nooob,2,0,98.27450000000005,0.0,passed,
6144,2048,7168,opus_9010,opus,9010,0,opus_gemm_gfx950_a8w8_mxscale_gemm_bpreshuffle_256x128x128x128_2x2_16x16x128_1x128x128_tiles1_nooob,2,1,130.23567999999995,0.0,passed,
6144,2048,7168,opus_9011,opus,9011,0,opus_gemm_gfx950_a8w8_mxscale_gemm_bpreshuffle_256x64x128x128_2x2_16x16x128_1x128x128_tiles1_nooob,2,2,138.86617999999996,0.0,passed,
6144,2048,7168,opus_9012,opus,9012,0,opus_gemm_gfx950_a8w8_mxscale_gemm_bpreshuffle_256x64x64x128_2x2_16x16x128_1x128x128_tiles1_nooob,2,3,173.89457999999996,0.0,passed,
6144,2048,7168,opus_9020,opus,9020,0,opus_gemm_gfx950_a8w8_mxscale_gemm_bpreshuffle_256x256x256x128_2x2_16x16x128_1x128x128_tiles1,2,4,99.50092000000002,0.0,passed,
6144,2048,7168,cktile_11_split0,cktile,11,0,a8w8_blockscale_cktile_192x256x128_4x2x1_16x16x128_intrawave_0x1x0_1,2,5,99.57054000000002,0.0,passed,
6144,2048,7168,cktile_27_split0,cktile,27,0,a8w8_blockscale_cktile_192x256x128_4x2x1_16x16x128_intrawave_0x1x0_2,2,6,99.39132,0.0,passed,
6144,2048,7168,cktile_28_split0,cktile,28,0,a8w8_blockscale_cktile_192x256x128_4x2x1_16x16x128_intrawave_0x1x0_3,2,7,98.17692000000005,0.0,passed,
6144,2048,7168,cktile_29_split0,cktile,29,0,a8w8_blockscale_cktile_192x256x128_4x2x1_16x16x128_intrawave_0x1x0_4,2,8,99.38092,0.0,passed,
6144,2048,7168,opus_9000,opus,9000,0,opus_gemm_gfx950_a8w8_mxscale_gemm_bpreshuffle_256x256x256x128_2x2_16x16x128_1x128x128_tiles1_nooob,3,0,97.71440816326532,0.0,passed,
6144,2048,7168,cktile_29_split0,cktile,29,0,a8w8_blockscale_cktile_192x256x128_4x2x1_16x16x128_intrawave_0x1x0_4,3,1,97.71209999999995,0.0,passed,
6144,2048,7168,cktile_28_split0,cktile,28,0,a8w8_blockscale_cktile_192x256x128_4x2x1_16x16x128_intrawave_0x1x0_3,3,2,98.88009999999998,0.0,passed,
6144,2048,7168,cktile_27_split0,cktile,27,0,a8w8_blockscale_cktile_192x256x128_4x2x1_16x16x128_intrawave_0x1x0_2,3,3,96.66490000000002,0.0,passed,
6144,2048,7168,cktile_11_split0,cktile,11,0,a8w8_blockscale_cktile_192x256x128_4x2x1_16x16x128_intrawave_0x1x0_1,3,4,100.84573999999996,0.0,passed,
6144,2048,7168,opus_9020,opus,9020,0,opus_gemm_gfx950_a8w8_mxscale_gemm_bpreshuffle_256x256x256x128_2x2_16x16x128_1x128x128_tiles1,3,5,100.37288636363634,0.0,passed,
6144,2048,7168,opus_9012,opus,9012,0,opus_gemm_gfx950_a8w8_mxscale_gemm_bpreshuffle_256x64x64x128_2x2_16x16x128_1x128x128_tiles1_nooob,3,6,172.35615999999993,0.0,passed,
6144,2048,7168,opus_9011,opus,9011,0,opus_gemm_gfx950_a8w8_mxscale_gemm_bpreshuffle_256x64x128x128_2x2_16x16x128_1x128x128_tiles1_nooob,3,7,139.79739999999995,0.0,passed,
6144,2048,7168,opus_9010,opus,9010,0,opus_gemm_gfx950_a8w8_mxscale_gemm_bpreshuffle_256x128x128x128_2x2_16x16x128_1x128x128_tiles1_nooob,3,8,129.79727999999997,0.0,passed,
6144,2048,7168,opus_9011,opus,9011,0,opus_gemm_gfx950_a8w8_mxscale_gemm_bpreshuffle_256x64x128x128_2x2_16x16x128_1x128x128_tiles1_nooob,4,0,139.69738000000007,0.0,passed,
6144,2048,7168,opus_9012,opus,9012,0,opus_gemm_gfx950_a8w8_mxscale_gemm_bpreshuffle_256x64x64x128_2x2_16x16x128_1x128x128_tiles1_nooob,4,1,177.12342000000004,0.0,passed,
6144,2048,7168,opus_9020,opus,9020,0,opus_gemm_gfx950_a8w8_mxscale_gemm_bpreshuffle_256x256x256x128_2x2_16x16x128_1x128x128_tiles1,4,2,99.03604081632652,0.0,passed,
6144,2048,7168,cktile_11_split0,cktile,11,0,a8w8_blockscale_cktile_192x256x128_4x2x1_16x16x128_intrawave_0x1x0_1,4,3,101.61453999999999,0.0,passed,
6144,2048,7168,cktile_27_split0,cktile,27,0,a8w8_blockscale_cktile_192x256x128_4x2x1_16x16x128_intrawave_0x1x0_2,4,4,97.92411999999999,0.0,passed,
6144,2048,7168,cktile_28_split0,cktile,28,0,a8w8_blockscale_cktile_192x256x128_4x2x1_16x16x128_intrawave_0x1x0_3,4,5,100.28254000000003,0.0,passed,
6144,2048,7168,cktile_29_split0,cktile,29,0,a8w8_blockscale_cktile_192x256x128_4x2x1_16x16x128_intrawave_0x1x0_4,4,6,100.00574000000005,0.0,passed,
6144,2048,7168,opus_9000,opus,9000,0,opus_gemm_gfx950_a8w8_mxscale_gemm_bpreshuffle_256x256x256x128_2x2_16x16x128_1x128x128_tiles1_nooob,4,7,99.6331,0.0,passed,
6144,2048,7168,opus_9010,opus,9010,0,opus_gemm_gfx950_a8w8_mxscale_gemm_bpreshuffle_256x128x128x128_2x2_16x16x128_1x128x128_tiles1_nooob,4,8,128.34446000000003,0.0,passed,
1024,7168,7168,cktile_29_split0,cktile,29,0,a8w8_blockscale_cktile_192x256x128_4x2x1_16x16x128_intrawave_0x1x0_4,0,0,81.79585714285713,0.0,passed,
1024,7168,7168,opus_9000,opus,9000,0,opus_gemm_gfx950_a8w8_mxscale_gemm_bpreshuffle_256x256x256x128_2x2_16x16x128_1x128x128_tiles1_nooob,0,1,87.83914893617026,0.0,passed,
1024,7168,7168,opus_9010,opus,9010,0,opus_gemm_gfx950_a8w8_mxscale_gemm_bpreshuffle_256x128x128x128_2x2_16x16x128_1x128x128_tiles1_nooob,0,2,81.19512000000002,0.0,passed,
1024,7168,7168,opus_9011,opus,9011,0,opus_gemm_gfx950_a8w8_mxscale_gemm_bpreshuffle_256x64x128x128_2x2_16x16x128_1x128x128_tiles1_nooob,0,3,86.99757999999996,0.0,passed,
1024,7168,7168,opus_9012,opus,9012,0,opus_gemm_gfx950_a8w8_mxscale_gemm_bpreshuffle_256x64x64x128_2x2_16x16x128_1x128x128_tiles1_nooob,0,4,104.74177999999998,0.0,passed,
1024,7168,7168,opus_9020,opus,9020,0,opus_gemm_gfx950_a8w8_mxscale_gemm_bpreshuffle_256x256x256x128_2x2_16x16x128_1x128x128_tiles1,0,5,89.62980851063837,0.0,passed,
1024,7168,7168,cktile_11_split0,cktile,11,0,a8w8_blockscale_cktile_192x256x128_4x2x1_16x16x128_intrawave_0x1x0_1,0,6,81.92391999999997,0.0,passed,
1024,7168,7168,cktile_27_split0,cktile,27,0,a8w8_blockscale_cktile_192x256x128_4x2x1_16x16x128_intrawave_0x1x0_2,0,7,80.29989583333338,0.0,passed,
1024,7168,7168,cktile_28_split0,cktile,28,0,a8w8_blockscale_cktile_192x256x128_4x2x1_16x16x128_intrawave_0x1x0_3,0,8,81.94153999999995,0.0,passed,
1024,7168,7168,cktile_29_split0,cktile,29,0,a8w8_blockscale_cktile_192x256x128_4x2x1_16x16x128_intrawave_0x1x0_4,1,0,81.88791999999998,0.0,passed,
1024,7168,7168,cktile_28_split0,cktile,28,0,a8w8_blockscale_cktile_192x256x128_4x2x1_16x16x128_intrawave_0x1x0_3,1,1,81.96872000000005,0.0,passed,
1024,7168,7168,cktile_27_split0,cktile,27,0,a8w8_blockscale_cktile_192x256x128_4x2x1_16x16x128_intrawave_0x1x0_2,1,2,81.57353999999998,0.0,passed,
1024,7168,7168,cktile_11_split0,cktile,11,0,a8w8_blockscale_cktile_192x256x128_4x2x1_16x16x128_intrawave_0x1x0_1,1,3,81.03658333333335,0.0,passed,
1024,7168,7168,opus_9020,opus,9020,0,opus_gemm_gfx950_a8w8_mxscale_gemm_bpreshuffle_256x256x256x128_2x2_16x16x128_1x128x128_tiles1,1,4,89.78129787234047,0.0,passed,
1024,7168,7168,opus_9012,opus,9012,0,opus_gemm_gfx950_a8w8_mxscale_gemm_bpreshuffle_256x64x64x128_2x2_16x16x128_1x128x128_tiles1_nooob,1,5,102.36418000000002,0.0,passed,
1024,7168,7168,opus_9011,opus,9011,0,opus_gemm_gfx950_a8w8_mxscale_gemm_bpreshuffle_256x64x128x128_2x2_16x16x128_1x128x128_tiles1_nooob,1,6,86.82000000000008,0.0,passed,
1024,7168,7168,opus_9010,opus,9010,0,opus_gemm_gfx950_a8w8_mxscale_gemm_bpreshuffle_256x128x128x128_2x2_16x16x128_1x128x128_tiles1_nooob,1,7,81.47354000000001,0.0,passed,
1024,7168,7168,opus_9000,opus,9000,0,opus_gemm_gfx950_a8w8_mxscale_gemm_bpreshuffle_256x256x256x128_2x2_16x16x128_1x128x128_tiles1_nooob,1,8,87.65130434782611,0.0,passed,
1024,7168,7168,opus_9010,opus,9010,0,opus_gemm_gfx950_a8w8_mxscale_gemm_bpreshuffle_256x128x128x128_2x2_16x16x128_1x128x128_tiles1_nooob,2,0,80.46311999999998,0.0,passed,
1024,7168,7168,opus_9011,opus,9011,0,opus_gemm_gfx950_a8w8_mxscale_gemm_bpreshuffle_256x64x128x128_2x2_16x16x128_1x128x128_tiles1_nooob,2,1,88.59600000000005,0.0,passed,
1024,7168,7168,opus_9012,opus,9012,0,opus_gemm_gfx950_a8w8_mxscale_gemm_bpreshuffle_256x64x64x128_2x2_16x16x128_1x128x128_tiles1_nooob,2,2,108.36582000000004,0.0,passed,
1024,7168,7168,opus_9020,opus,9020,0,opus_gemm_gfx950_a8w8_mxscale_gemm_bpreshuffle_256x256x256x128_2x2_16x16x128_1x128x128_tiles1,2,3,90.12427659574473,0.0,passed,
1024,7168,7168,cktile_11_split0,cktile,11,0,a8w8_blockscale_cktile_192x256x128_4x2x1_16x16x128_intrawave_0x1x0_1,2,4,81.98279591836734,0.0,passed,
1024,7168,7168,cktile_27_split0,cktile,27,0,a8w8_blockscale_cktile_192x256x128_4x2x1_16x16x128_intrawave_0x1x0_2,2,5,82.17832000000003,0.0,passed,
1024,7168,7168,cktile_28_split0,cktile,28,0,a8w8_blockscale_cktile_192x256x128_4x2x1_16x16x128_intrawave_0x1x0_3,2,6,82.52632000000001,0.0,passed,
1024,7168,7168,cktile_29_split0,cktile,29,0,a8w8_blockscale_cktile_192x256x128_4x2x1_16x16x128_intrawave_0x1x0_4,2,7,81.16408333333331,0.0,passed,
1024,7168,7168,opus_9000,opus,9000,0,opus_gemm_gfx950_a8w8_mxscale_gemm_bpreshuffle_256x256x256x128_2x2_16x16x128_1x128x128_tiles1_nooob,2,8,87.73531914893614,0.0,passed,
1024,7168,7168,opus_9010,opus,9010,0,opus_gemm_gfx950_a8w8_mxscale_gemm_bpreshuffle_256x128x128x128_2x2_16x16x128_1x128x128_tiles1_nooob,3,0,79.14949999999995,0.0,passed,
1024,7168,7168,opus_9000,opus,9000,0,opus_gemm_gfx950_a8w8_mxscale_gemm_bpreshuffle_256x256x256x128_2x2_16x16x128_1x128x128_tiles1_nooob,3,1,88.30893617021277,0.0,passed,
1024,7168,7168,cktile_29_split0,cktile,29,0,a8w8_blockscale_cktile_192x256x128_4x2x1_16x16x128_intrawave_0x1x0_4,3,2,80.65908333333334,0.0,passed,
1024,7168,7168,cktile_28_split0,cktile,28,0,a8w8_blockscale_cktile_192x256x128_4x2x1_16x16x128_intrawave_0x1x0_3,3,3,81.64563265306126,0.0,passed,
1024,7168,7168,cktile_27_split0,cktile,27,0,a8w8_blockscale_cktile_192x256x128_4x2x1_16x16x128_intrawave_0x1x0_2,3,4,81.62685714285716,0.0,passed,
1024,7168,7168,cktile_11_split0,cktile,11,0,a8w8_blockscale_cktile_192x256x128_4x2x1_16x16x128_intrawave_0x1x0_1,3,5,80.46325000000006,0.0,passed,
1024,7168,7168,opus_9020,opus,9020,0,opus_gemm_gfx950_a8w8_mxscale_gemm_bpreshuffle_256x256x256x128_2x2_16x16x128_1x128x128_tiles1,3,6,89.98214893617029,0.0,passed,
1024,7168,7168,opus_9012,opus,9012,0,opus_gemm_gfx950_a8w8_mxscale_gemm_bpreshuffle_256x64x64x128_2x2_16x16x128_1x128x128_tiles1_nooob,3,7,106.15939999999999,0.0,passed,
1024,7168,7168,opus_9011,opus,9011,0,opus_gemm_gfx950_a8w8_mxscale_gemm_bpreshuffle_256x64x128x128_2x2_16x16x128_1x128x128_tiles1_nooob,3,8,87.7432,0.0,passed,
1024,7168,7168,opus_9012,opus,9012,0,opus_gemm_gfx950_a8w8_mxscale_gemm_bpreshuffle_256x64x64x128_2x2_16x16x128_1x128x128_tiles1_nooob,4,0,103.81857999999994,0.0,passed,
1024,7168,7168,opus_9020,opus,9020,0,opus_gemm_gfx950_a8w8_mxscale_gemm_bpreshuffle_256x256x256x128_2x2_16x16x128_1x128x128_tiles1,4,1,89.82214893617022,0.0,passed,
1024,7168,7168,cktile_11_split0,cktile,11,0,a8w8_blockscale_cktile_192x256x128_4x2x1_16x16x128_intrawave_0x1x0_1,4,2,81.43175510204078,0.0,passed,
1024,7168,7168,cktile_27_split0,cktile,27,0,a8w8_blockscale_cktile_192x256x128_4x2x1_16x16x128_intrawave_0x1x0_2,4,3,81.27667346938772,0.0,passed,
1024,7168,7168,cktile_28_split0,cktile,28,0,a8w8_blockscale_cktile_192x256x128_4x2x1_16x16x128_intrawave_0x1x0_3,4,4,80.98908333333334,0.0,passed,
1024,7168,7168,cktile_29_split0,cktile,29,0,a8w8_blockscale_cktile_192x256x128_4x2x1_16x16x128_intrawave_0x1x0_4,4,5,80.82408333333332,0.0,passed,
1024,7168,7168,opus_9000,opus,9000,0,opus_gemm_gfx950_a8w8_mxscale_gemm_bpreshuffle_256x256x256x128_2x2_16x16x128_1x128x128_tiles1_nooob,4,6,87.79404255319155,0.0,passed,
1024,7168,7168,opus_9010,opus,9010,0,opus_gemm_gfx950_a8w8_mxscale_gemm_bpreshuffle_256x128x128x128_2x2_16x16x128_1x128x128_tiles1_nooob,4,7,80.95192000000002,0.0,passed,
1024,7168,7168,opus_9011,opus,9011,0,opus_gemm_gfx950_a8w8_mxscale_gemm_bpreshuffle_256x64x128x128_2x2_16x16x128_1x128x128_tiles1_nooob,4,8,90.26162000000002,0.0,passed,
1152,7168,16384,opus_9010,opus,9010,0,opus_gemm_gfx950_a8w8_mxscale_gemm_bpreshuffle_256x128x128x128_2x2_16x16x128_1x128x128_tiles1_nooob,0,0,172.99444897959182,0.0,passed,
1152,7168,16384,opus_9011,opus,9011,0,opus_gemm_gfx950_a8w8_mxscale_gemm_bpreshuffle_256x64x128x128_2x2_16x16x128_1x128x128_tiles1_nooob,0,1,190.2901224489796,0.0,passed,
1152,7168,16384,opus_9012,opus,9012,0,opus_gemm_gfx950_a8w8_mxscale_gemm_bpreshuffle_256x64x64x128_2x2_16x16x128_1x128x128_tiles1_nooob,0,2,243.13695999999996,0.0,passed,
1152,7168,16384,opus_9020,opus,9020,0,opus_gemm_gfx950_a8w8_mxscale_gemm_bpreshuffle_256x256x256x128_2x2_16x16x128_1x128x128_tiles1,0,3,188.88274,0.0,passed,
1152,7168,16384,cktile_11_split0,cktile,11,0,a8w8_blockscale_cktile_192x256x128_4x2x1_16x16x128_intrawave_0x1x0_1,0,4,175.09457999999998,0.0,passed,
1152,7168,16384,cktile_27_split0,cktile,27,0,a8w8_blockscale_cktile_192x256x128_4x2x1_16x16x128_intrawave_0x1x0_2,0,5,176.27460000000002,0.0,passed,
1152,7168,16384,cktile_28_split0,cktile,28,0,a8w8_blockscale_cktile_192x256x128_4x2x1_16x16x128_intrawave_0x1x0_3,0,6,175.11537999999996,0.0,passed,
1152,7168,16384,cktile_29_split0,cktile,29,0,a8w8_blockscale_cktile_192x256x128_4x2x1_16x16x128_intrawave_0x1x0_4,0,7,176.77782,0.0,passed,
1152,7168,16384,opus_9010,opus,9010,0,opus_gemm_gfx950_a8w8_mxscale_gemm_bpreshuffle_256x128x128x128_2x2_16x16x128_1x128x128_tiles1_nooob,1,0,171.22333999999998,0.0,passed,
1152,7168,16384,cktile_29_split0,cktile,29,0,a8w8_blockscale_cktile_192x256x128_4x2x1_16x16x128_intrawave_0x1x0_4,1,1,176.58979999999997,0.0,passed,
1152,7168,16384,cktile_28_split0,cktile,28,0,a8w8_blockscale_cktile_192x256x128_4x2x1_16x16x128_intrawave_0x1x0_3,1,2,176.0746,0.0,passed,
1152,7168,16384,cktile_27_split0,cktile,27,0,a8w8_blockscale_cktile_192x256x128_4x2x1_16x16x128_intrawave_0x1x0_2,1,3,175.65379999999996,0.0,passed,
1152,7168,16384,cktile_11_split0,cktile,11,0,a8w8_blockscale_cktile_192x256x128_4x2x1_16x16x128_intrawave_0x1x0_1,1,4,176.44099999999997,0.0,passed,
1152,7168,16384,opus_9020,opus,9020,0,opus_gemm_gfx950_a8w8_mxscale_gemm_bpreshuffle_256x256x256x128_2x2_16x16x128_1x128x128_tiles1,1,5,190.1003333333333,0.0,passed,
1152,7168,16384,opus_9012,opus,9012,0,opus_gemm_gfx950_a8w8_mxscale_gemm_bpreshuffle_256x64x64x128_2x2_16x16x128_1x128x128_tiles1_nooob,1,6,242.76176000000004,0.0,passed,
1152,7168,16384,opus_9011,opus,9011,0,opus_gemm_gfx950_a8w8_mxscale_gemm_bpreshuffle_256x64x128x128_2x2_16x16x128_1x128x128_tiles1_nooob,1,7,187.78191999999999,0.0,passed,
1152,7168,16384,opus_9012,opus,9012,0,opus_gemm_gfx950_a8w8_mxscale_gemm_bpreshuffle_256x64x64x128_2x2_16x16x128_1x128x128_tiles1_nooob,2,0,241.67693999999995,0.0,passed,
1152,7168,16384,opus_9020,opus,9020,0,opus_gemm_gfx950_a8w8_mxscale_gemm_bpreshuffle_256x256x256x128_2x2_16x16x128_1x128x128_tiles1,2,1,190.63787755102044,0.0,passed,
1152,7168,16384,cktile_11_split0,cktile,11,0,a8w8_blockscale_cktile_192x256x128_4x2x1_16x16x128_intrawave_0x1x0_1,2,2,175.83526530612244,0.0,passed,
1152,7168,16384,cktile_27_split0,cktile,27,0,a8w8_blockscale_cktile_192x256x128_4x2x1_16x16x128_intrawave_0x1x0_2,2,3,176.6466,0.0,passed,
1152,7168,16384,cktile_28_split0,cktile,28,0,a8w8_blockscale_cktile_192x256x128_4x2x1_16x16x128_intrawave_0x1x0_3,2,4,176.15350000000004,0.0,passed,
1152,7168,16384,cktile_29_split0,cktile,29,0,a8w8_blockscale_cktile_192x256x128_4x2x1_16x16x128_intrawave_0x1x0_4,2,5,177.15860000000004,0.0,passed,
1152,7168,16384,opus_9010,opus,9010,0,opus_gemm_gfx950_a8w8_mxscale_gemm_bpreshuffle_256x128x128x128_2x2_16x16x128_1x128x128_tiles1_nooob,2,6,170.94814,0.0,passed,
1152,7168,16384,opus_9011,opus,9011,0,opus_gemm_gfx950_a8w8_mxscale_gemm_bpreshuffle_256x64x128x128_2x2_16x16x128_1x128x128_tiles1_nooob,2,7,190.98240816326535,0.0,passed,
1152,7168,16384,opus_9012,opus,9012,0,opus_gemm_gfx950_a8w8_mxscale_gemm_bpreshuffle_256x64x64x128_2x2_16x16x128_1x128x128_tiles1_nooob,3,0,242.7875833333333,0.0,passed,
1152,7168,16384,opus_9011,opus,9011,0,opus_gemm_gfx950_a8w8_mxscale_gemm_bpreshuffle_256x64x128x128_2x2_16x16x128_1x128x128_tiles1_nooob,3,1,191.24517999999998,0.0,passed,
1152,7168,16384,opus_9010,opus,9010,0,opus_gemm_gfx950_a8w8_mxscale_gemm_bpreshuffle_256x128x128x128_2x2_16x16x128_1x128x128_tiles1_nooob,3,2,171.56253999999998,0.0,passed,
1152,7168,16384,cktile_29_split0,cktile,29,0,a8w8_blockscale_cktile_192x256x128_4x2x1_16x16x128_intrawave_0x1x0_4,3,3,173.45696,0.0,passed,
1152,7168,16384,cktile_28_split0,cktile,28,0,a8w8_blockscale_cktile_192x256x128_4x2x1_16x16x128_intrawave_0x1x0_3,3,4,174.94465306122441,0.0,passed,
1152,7168,16384,cktile_27_split0,cktile,27,0,a8w8_blockscale_cktile_192x256x128_4x2x1_16x16x128_intrawave_0x1x0_2,3,5,176.01539999999997,0.0,passed,
1152,7168,16384,cktile_11_split0,cktile,11,0,a8w8_blockscale_cktile_192x256x128_4x2x1_16x16x128_intrawave_0x1x0_1,3,6,174.8284791666666,0.0,passed,
1152,7168,16384,opus_9020,opus,9020,0,opus_gemm_gfx950_a8w8_mxscale_gemm_bpreshuffle_256x256x256x128_2x2_16x16x128_1x128x128_tiles1,3,7,188.93177551020406,0.0,passed,
1152,7168,16384,cktile_11_split0,cktile,11,0,a8w8_blockscale_cktile_192x256x128_4x2x1_16x16x128_intrawave_0x1x0_1,4,0,175.22178,0.0,passed,
1152,7168,16384,cktile_27_split0,cktile,27,0,a8w8_blockscale_cktile_192x256x128_4x2x1_16x16x128_intrawave_0x1x0_2,4,1,175.61460000000002,0.0,passed,
1152,7168,16384,cktile_28_split0,cktile,28,0,a8w8_blockscale_cktile_192x256x128_4x2x1_16x16x128_intrawave_0x1x0_3,4,2,176.85780000000003,0.0,passed,
1152,7168,16384,cktile_29_split0,cktile,29,0,a8w8_blockscale_cktile_192x256x128_4x2x1_16x16x128_intrawave_0x1x0_4,4,3,176.30980000000008,0.0,passed,
1152,7168,16384,opus_9010,opus,9010,0,opus_gemm_gfx950_a8w8_mxscale_gemm_bpreshuffle_256x128x128x128_2x2_16x16x128_1x128x128_tiles1_nooob,4,4,172.80096000000006,0.0,passed,
1152,7168,16384,opus_9011,opus,9011,0,opus_gemm_gfx950_a8w8_mxscale_gemm_bpreshuffle_256x64x128x128_2x2_16x16x128_1x128x128_tiles1_nooob,4,5,191.42318367346945,0.0,passed,
1152,7168,16384,opus_9012,opus,9012,0,opus_gemm_gfx950_a8w8_mxscale_gemm_bpreshuffle_256x64x64x128_2x2_16x16x128_1x128x128_tiles1_nooob,4,6,239.53371999999993,0.0,passed,
1152,7168,16384,opus_9020,opus,9020,0,opus_gemm_gfx950_a8w8_mxscale_gemm_bpreshuffle_256x256x256x128_2x2_16x16x128_1x128x128_tiles1,4,7,189.32594000000006,0.0,passed,
1344,65536,1536,cktile_30_split0,cktile,30,0,a8w8_blockscale_cktile_192x256x128_4x2x1_16x16x128_intrawave_0x1x0_2_aqrm,0,0,185.2675,0.0,passed,
1344,65536,1536,cktile_31_split0,cktile,31,0,a8w8_blockscale_cktile_192x256x128_4x2x1_16x16x128_intrawave_0x1x0_3_aqrm,0,1,186.01171428571422,0.0,passed,
1344,65536,1536,cktile_32_split0,cktile,32,0,a8w8_blockscale_cktile_192x256x128_4x2x1_16x16x128_intrawave_0x1x0_4_aqrm,0,2,185.87783673469383,0.0,passed,
1344,65536,1536,opus_9011,opus,9011,0,opus_gemm_gfx950_a8w8_mxscale_gemm_bpreshuffle_256x64x128x128_2x2_16x16x128_1x128x128_tiles1_nooob,0,3,310.77851999999996,0.0,passed,
1344,65536,1536,opus_9012,opus,9012,0,opus_gemm_gfx950_a8w8_mxscale_gemm_bpreshuffle_256x64x64x128_2x2_16x16x128_1x128x128_tiles1_nooob,0,4,319.76097916666663,0.0,passed,
1344,65536,1536,opus_9020,opus,9020,0,opus_gemm_gfx950_a8w8_mxscale_gemm_bpreshuffle_256x256x256x128_2x2_16x16x128_1x128x128_tiles1,0,5,174.55281632653057,0.0,passed,
1344,65536,1536,cktile_11_split0,cktile,11,0,a8w8_blockscale_cktile_192x256x128_4x2x1_16x16x128_intrawave_0x1x0_1,0,6,181.38799999999995,0.0,passed,
1344,65536,1536,cktile_12_split0,cktile,12,0,a8w8_blockscale_cktile_192x256x128_4x2x1_16x16x128_intrawave_0x1x0_1_aqrm,0,7,184.68443749999997,0.0,passed,
1344,65536,1536,cktile_27_split0,cktile,27,0,a8w8_blockscale_cktile_192x256x128_4x2x1_16x16x128_intrawave_0x1x0_2,0,8,182.49659183673464,0.0,passed,
1344,65536,1536,cktile_28_split0,cktile,28,0,a8w8_blockscale_cktile_192x256x128_4x2x1_16x16x128_intrawave_0x1x0_3,0,9,181.82775000000007,0.0,passed,
1344,65536,1536,cktile_29_split0,cktile,29,0,a8w8_blockscale_cktile_192x256x128_4x2x1_16x16x128_intrawave_0x1x0_4,0,10,181.01983673469383,0.0,passed,
1344,65536,1536,cktile_30_split0,cktile,30,0,a8w8_blockscale_cktile_192x256x128_4x2x1_16x16x128_intrawave_0x1x0_2_aqrm,1,0,185.4892653061225,0.0,passed,
1344,65536,1536,cktile_29_split0,cktile,29,0,a8w8_blockscale_cktile_192x256x128_4x2x1_16x16x128_intrawave_0x1x0_4,1,1,181.27439583333344,0.0,passed,
1344,65536,1536,cktile_28_split0,cktile,28,0,a8w8_blockscale_cktile_192x256x128_4x2x1_16x16x128_intrawave_0x1x0_3,1,2,181.01106249999998,0.0,passed,
1344,65536,1536,cktile_27_split0,cktile,27,0,a8w8_blockscale_cktile_192x256x128_4x2x1_16x16x128_intrawave_0x1x0_2,1,3,181.31785999999997,0.0,passed,
1344,65536,1536,cktile_12_split0,cktile,12,0,a8w8_blockscale_cktile_192x256x128_4x2x1_16x16x128_intrawave_0x1x0_1_aqrm,1,4,186.79152,0.0,passed,
1344,65536,1536,cktile_11_split0,cktile,11,0,a8w8_blockscale_cktile_192x256x128_4x2x1_16x16x128_intrawave_0x1x0_1,1,5,181.37248979591837,0.0,passed,
1344,65536,1536,opus_9020,opus,9020,0,opus_gemm_gfx950_a8w8_mxscale_gemm_bpreshuffle_256x256x256x128_2x2_16x16x128_1x128x128_tiles1,1,6,175.4673829787234,0.0,passed,
1344,65536,1536,opus_9012,opus,9012,0,opus_gemm_gfx950_a8w8_mxscale_gemm_bpreshuffle_256x64x64x128_2x2_16x16x128_1x128x128_tiles1_nooob,1,7,320.45544000000007,0.0,passed,
1344,65536,1536,opus_9011,opus,9011,0,opus_gemm_gfx950_a8w8_mxscale_gemm_bpreshuffle_256x64x128x128_2x2_16x16x128_1x128x128_tiles1_nooob,1,8,310.6090408163267,0.0,passed,
1344,65536,1536,cktile_32_split0,cktile,32,0,a8w8_blockscale_cktile_192x256x128_4x2x1_16x16x128_intrawave_0x1x0_4_aqrm,1,9,187.01632000000006,0.0,passed,
1344,65536,1536,cktile_31_split0,cktile,31,0,a8w8_blockscale_cktile_192x256x128_4x2x1_16x16x128_intrawave_0x1x0_3_aqrm,1,10,184.9251836734693,0.0,passed,
1344,65536,1536,cktile_32_split0,cktile,32,0,a8w8_blockscale_cktile_192x256x128_4x2x1_16x16x128_intrawave_0x1x0_4_aqrm,2,0,185.77661224489788,0.0,passed,
1344,65536,1536,opus_9011,opus,9011,0,opus_gemm_gfx950_a8w8_mxscale_gemm_bpreshuffle_256x64x128x128_2x2_16x16x128_1x128x128_tiles1_nooob,2,1,311.1353399999999,0.0,passed,
1344,65536,1536,opus_9012,opus,9012,0,opus_gemm_gfx950_a8w8_mxscale_gemm_bpreshuffle_256x64x64x128_2x2_16x16x128_1x128x128_tiles1_nooob,2,2,319.94023999999996,0.0,passed,
1344,65536,1536,opus_9020,opus,9020,0,opus_gemm_gfx950_a8w8_mxscale_gemm_bpreshuffle_256x256x256x128_2x2_16x16x128_1x128x128_tiles1,2,3,175.85895918367348,0.0,passed,
1344,65536,1536,cktile_11_split0,cktile,11,0,a8w8_blockscale_cktile_192x256x128_4x2x1_16x16x128_intrawave_0x1x0_1,2,4,181.1112448979592,0.0,passed,
1344,65536,1536,cktile_12_split0,cktile,12,0,a8w8_blockscale_cktile_192x256x128_4x2x1_16x16x128_intrawave_0x1x0_1_aqrm,2,5,185.75027083333347,0.0,passed,
1344,65536,1536,cktile_27_split0,cktile,27,0,a8w8_blockscale_cktile_192x256x128_4x2x1_16x16x128_intrawave_0x1x0_2,2,6,181.6116734693877,0.0,passed,
1344,65536,1536,cktile_28_split0,cktile,28,0,a8w8_blockscale_cktile_192x256x128_4x2x1_16x16x128_intrawave_0x1x0_3,2,7,181.70799999999994,0.0,passed,
1344,65536,1536,cktile_29_split0,cktile,29,0,a8w8_blockscale_cktile_192x256x128_4x2x1_16x16x128_intrawave_0x1x0_4,2,8,180.82939583333328,0.0,passed,
1344,65536,1536,cktile_30_split0,cktile,30,0,a8w8_blockscale_cktile_192x256x128_4x2x1_16x16x128_intrawave_0x1x0_2_aqrm,2,9,186.04989999999998,0.0,passed,
1344,65536,1536,cktile_31_split0,cktile,31,0,a8w8_blockscale_cktile_192x256x128_4x2x1_16x16x128_intrawave_0x1x0_3_aqrm,2,10,184.68109999999996,0.0,passed,
1344,65536,1536,cktile_32_split0,cktile,32,0,a8w8_blockscale_cktile_192x256x128_4x2x1_16x16x128_intrawave_0x1x0_4_aqrm,3,0,186.1986734693877,0.0,passed,
1344,65536,1536,cktile_31_split0,cktile,31,0,a8w8_blockscale_cktile_192x256x128_4x2x1_16x16x128_intrawave_0x1x0_3_aqrm,3,1,186.49471999999997,0.0,passed,
1344,65536,1536,cktile_30_split0,cktile,30,0,a8w8_blockscale_cktile_192x256x128_4x2x1_16x16x128_intrawave_0x1x0_2_aqrm,3,2,185.76752000000005,0.0,passed,
1344,65536,1536,cktile_29_split0,cktile,29,0,a8w8_blockscale_cktile_192x256x128_4x2x1_16x16x128_intrawave_0x1x0_4,3,3,180.8500408163265,0.0,passed,
1344,65536,1536,cktile_28_split0,cktile,28,0,a8w8_blockscale_cktile_192x256x128_4x2x1_16x16x128_intrawave_0x1x0_3,3,4,180.58270833333336,0.0,passed,
1344,65536,1536,cktile_27_split0,cktile,27,0,a8w8_blockscale_cktile_192x256x128_4x2x1_16x16x128_intrawave_0x1x0_2,3,5,181.17106249999995,0.0,passed,
1344,65536,1536,cktile_12_split0,cktile,12,0,a8w8_blockscale_cktile_192x256x128_4x2x1_16x16x128_intrawave_0x1x0_1_aqrm,3,6,184.6961041666667,0.0,passed,
1344,65536,1536,cktile_11_split0,cktile,11,0,a8w8_blockscale_cktile_192x256x128_4x2x1_16x16x128_intrawave_0x1x0_1,3,7,180.86389795918376,0.0,passed,
1344,65536,1536,opus_9020,opus,9020,0,opus_gemm_gfx950_a8w8_mxscale_gemm_bpreshuffle_256x256x256x128_2x2_16x16x128_1x128x128_tiles1,3,8,175.93159183673464,0.0,passed,
1344,65536,1536,opus_9012,opus,9012,0,opus_gemm_gfx950_a8w8_mxscale_gemm_bpreshuffle_256x64x64x128_2x2_16x16x128_1x128x128_tiles1_nooob,3,9,320.85463999999996,0.0,passed,
1344,65536,1536,opus_9011,opus,9011,0,opus_gemm_gfx950_a8w8_mxscale_gemm_bpreshuffle_256x64x128x128_2x2_16x16x128_1x128x128_tiles1_nooob,3,10,310.64337499999993,0.0,passed,
1344,65536,1536,opus_9012,opus,9012,0,opus_gemm_gfx950_a8w8_mxscale_gemm_bpreshuffle_256x64x64x128_2x2_16x16x128_1x128x128_tiles1_nooob,4,0,321.45968085106364,0.0,passed,
1344,65536,1536,opus_9020,opus,9020,0,opus_gemm_gfx950_a8w8_mxscale_gemm_bpreshuffle_256x256x256x128_2x2_16x16x128_1x128x128_tiles1,4,1,176.11099999999996,0.0,passed,
1344,65536,1536,cktile_11_split0,cktile,11,0,a8w8_blockscale_cktile_192x256x128_4x2x1_16x16x128_intrawave_0x1x0_1,4,2,181.48272916666664,0.0,passed,
1344,65536,1536,cktile_12_split0,cktile,12,0,a8w8_blockscale_cktile_192x256x128_4x2x1_16x16x128_intrawave_0x1x0_1_aqrm,4,3,186.66031999999987,0.0,passed,
1344,65536,1536,cktile_27_split0,cktile,27,0,a8w8_blockscale_cktile_192x256x128_4x2x1_16x16x128_intrawave_0x1x0_2,4,4,182.00922448979594,0.0,passed,
1344,65536,1536,cktile_28_split0,cktile,28,0,a8w8_blockscale_cktile_192x256x128_4x2x1_16x16x128_intrawave_0x1x0_3,4,5,182.40272916666663,0.0,passed,
1344,65536,1536,cktile_29_split0,cktile,29,0,a8w8_blockscale_cktile_192x256x128_4x2x1_16x16x128_intrawave_0x1x0_4,4,6,180.71371428571425,0.0,passed,
1344,65536,1536,cktile_30_split0,cktile,30,0,a8w8_blockscale_cktile_192x256x128_4x2x1_16x16x128_intrawave_0x1x0_2_aqrm,4,7,188.92435999999995,0.0,passed,
1344,65536,1536,cktile_31_split0,cktile,31,0,a8w8_blockscale_cktile_192x256x128_4x2x1_16x16x128_intrawave_0x1x0_3_aqrm,4,8,188.50833999999995,0.0,passed,
1344,65536,1536,cktile_32_split0,cktile,32,0,a8w8_blockscale_cktile_192x256x128_4x2x1_16x16x128_intrawave_0x1x0_4_aqrm,4,9,186.2307200000001,0.0,passed,
1344,65536,1536,opus_9011,opus,9011,0,opus_gemm_gfx950_a8w8_mxscale_gemm_bpreshuffle_256x64x128x128_2x2_16x16x128_1x128x128_tiles1_nooob,4,10,310.55036956521735,0.0,passed,
