M,N,K,reference,reference_us,opus,opus_us,speedup,opus_faster,opus_9010_us,opus_9011_us,best_9010_9011,best_9010_9011_us,target_speedup,target_faster
1216,768,7168,ck_12_split0,23.691219999999998,opus_9012,20.80718,1.138607922842019,True,,30.012880000000006,opus_9011,30.012880000000006,0.7893684311535578,False
1472,768,7168,ck_17_split0,30.586531914893623,opus_9011,29.725104166666643,1.0289798058703852,True,,29.725104166666643,opus_9011,29.725104166666643,1.0289798058703852,True
1728,768,7168,ck_17_split0,31.208595744680853,opus_9011,30.278448979591847,1.0307197626178257,True,,30.278448979591847,opus_9011,30.278448979591847,1.0307197626178257,True
1984,768,7168,ck_17_split0,34.263170212765964,opus_9011,30.438479999999984,1.1256531276452038,True,,30.438479999999984,opus_9011,30.438479999999984,1.1256531276452038,True
8192,768,7168,ck_14_split0,78.61573999999999,opus_9011,73.80622448979591,1.0651640907450701,True,85.32380000000003,73.80622448979591,opus_9011,73.80622448979591,1.0651640907450701,True
16384,768,7168,ck_0_split0,136.25946,opus_9000,104.76475999999995,1.300623033928585,True,135.65785999999997,141.59469999999993,opus_9010,135.65785999999997,1.004434685907621,True
1152,2048,7168,ck_14_split0,42.96340000000001,opus_9010,38.35283720930233,1.1202143863708578,True,38.35283720930233,38.65216,opus_9010,38.35283720930233,1.1202143863708578,True
1408,2048,7168,ck_14_split0,44.11222000000002,opus_9010,39.02663636363638,1.130310580419434,True,39.02663636363638,39.499808510638296,opus_9010,39.02663636363638,1.130310580419434,True
1664,2048,7168,ck_14_split0,46.631440000000005,opus_9010,40.21067391304348,1.1596781516480321,True,40.21067391304348,45.264106382978724,opus_9010,40.21067391304348,1.1596781516480321,True
1920,2048,7168,ck_14_split0,51.45710000000001,opus_9010,41.023377777777775,1.2543360100365541,True,41.023377777777775,46.998640000000016,opus_9010,41.023377777777775,1.2543360100365541,True
6144,2048,7168,cktile_29_split0,97.67191999999997,opus_9000,97.32910416666664,1.0035222335217049,True,128.95622,137.58430000000007,opus_9010,128.95622,0.7574037142217721,False
14336,2048,7168,cktile_28_split0,253.015,opus_9000,195.97391836734693,1.2910646585416095,True,280.52245999999997,299.60264,opus_9010,280.52245999999997,0.9019420405767153,False
