M,N,K,gpu,gpu_uuid,measurement_phase,rounds,opus,opus_us,reference,reference_us,reference_over_opus,opus_slower_pct,opus_wins,exact_tie,selected,selected_us,selected_backend,opus_faster_rounds,round_status_consistent,previous_ledger_opus_wins,status_vs_previous_ledger,full_sweep_opus_wins,ck_best,ck_us,cktile_best,cktile_us,asm_best,asm_us,opus_9000_us,opus_9010_us,opus_9011_us,opus_9012_us,opus_9020_us,delta_us,opus_time_reduction_to_tie_pct
1216,7168,768,6,GPU-56f0ab624008ec65,full_sweep,3,opus_9020,18.919208333333334,cktile_27_split0,15.320759999999993,0.8097992120001494,23.487400973145856,False,False,cktile_27_split0,15.320759999999993,cktile,0,True,False,still_loses,False,ck_14_split0,19.159200000000002,cktile_27_split0,15.320759999999993,,,,,21.48602127659574,24.720936170212756,18.919208333333334,3.598448333333341,19.020078799985065
1344,7168,768,4,GPU-23a6cd0d658d72b6,full_sweep,3,opus_9020,19.412800000000004,cktile_30_split0,16.068354166666662,0.8277195544520449,20.813866800815852,False,False,cktile_30_split0,16.068354166666662,cktile,0,True,False,still_loses,False,ck_14_split0,19.50899999999999,cktile_30_split0,16.068354166666662,,,,,22.34987234042554,26.40171428571428,19.412800000000004,3.344445833333342,17.228044554795506
1088,7168,384,6,GPU-56f0ab624008ec65,full_sweep,3,opus_9020,12.733836734693877,cktile_29_split0,10.702928571428563,0.8405108997720994,18.975256629169877,False,False,cktile_29_split0,10.702928571428563,cktile,0,True,False,still_loses,False,ck_9_split0,13.052195652173912,cktile_29_split0,10.702928571428563,,,,,13.46831249999999,17.09223913043479,12.733836734693877,2.0309081632653143,15.948910022790063
1600,7168,384,5,GPU-2d57f9bd7c2ee0fe,full_sweep,3,opus_9020,15.391816326530611,cktile_30_split0,12.988063829787228,0.8438291852144781,18.50739670088888,False,False,cktile_30_split0,12.988063829787228,cktile,0,True,False,still_loses,False,ck_14_split0,16.76811111111111,cktile_30_split0,12.988063829787228,,,,,19.17880851063829,24.17234693877549,15.391816326530611,2.403752496743383,15.617081478552187
1408,7168,768,5,GPU-2d57f9bd7c2ee0fe,full_sweep,3,opus_9020,19.430224489795908,cktile_12_split0,16.561666666666664,0.8523662027355519,17.32046587378029,False,False,cktile_12_split0,16.561666666666664,cktile,0,True,False,still_loses,False,ck_14_split0,19.731448979591843,cktile_12_split0,16.561666666666664,,,,25.77153061224489,23.01067346938776,26.922604166666662,19.430224489795908,2.868557823129244,14.763379726444814
1152,7168,384,4,GPU-23a6cd0d658d72b6,full_sweep,3,opus_9020,12.807244897959185,cktile_11_split0,10.98365909090909,0.8576129509836513,16.602716744544942,False,False,cktile_11_split0,10.98365909090909,cktile,0,True,False,still_loses,False,ck_14_split0,13.237489795918366,cktile_11_split0,10.98365909090909,,,,13.875630434782602,13.373020408163258,17.448760869565216,12.807244897959185,1.8235858070500957,14.238704901634868
1408,7168,3072,5,GPU-2d57f9bd7c2ee0fe,full_sweep,3,opus_9020,46.42753999999998,cktile_28_split0,39.914560975609774,0.8597173353490146,16.317300917752874,False,False,cktile_28_split0,39.914560975609774,cktile,0,True,False,still_loses,False,ck_14_split0,55.75164000000001,cktile_28_split0,39.914560975609774,,,,58.95568000000002,54.979639999999996,65.85178000000002,46.42753999999998,6.512979024390205,14.028266465098538
1216,16384,1536,4,GPU-23a6cd0d658d72b6,full_sweep,3,opus_9020,51.961476190476205,cktile_11_split0,44.93257142857144,0.8647285397331906,15.643228371824858,False,False,cktile_11_split0,44.93257142857144,cktile,0,True,False,still_loses,False,ck_13_split0,55.50683999999998,cktile_11_split0,44.93257142857144,,,,,61.004479999999965,76.70307999999999,51.961476190476205,7.028904761904762,13.527146026680937
1216,7168,3072,4,GPU-23a6cd0d658d72b6,full_sweep,3,opus_9020,44.45376190476188,cktile_29_split0,38.54108333333334,0.8669926161908206,15.341236052684582,False,False,cktile_29_split0,38.54108333333334,cktile,0,True,False,still_loses,False,ck_14_split0,50.073682926829214,cktile_29_split0,38.54108333333334,,,,,51.10431999999998,57.369200000000006,44.45376190476188,5.912678571428543,13.300738380917942
1152,16384,1536,5,GPU-2d57f9bd7c2ee0fe,full_sweep,3,opus_9020,51.03774418604653,cktile_29_split0,44.48036956521741,0.8715191134442444,14.742176571205533,False,False,cktile_29_split0,44.48036956521741,cktile,0,True,False,still_loses,False,ck_14_split0,54.635620000000024,cktile_29_split0,44.48036956521741,,,,62.75808000000001,57.714839999999995,71.77659999999997,51.03774418604653,6.557374620829123,12.848088655575562
1472,7168,3072,4,GPU-23a6cd0d658d72b6,full_sweep,3,opus_9020,46.62862499999998,cktile_27_split0,40.72025531914894,0.8732887860010661,14.509657747829973,False,False,cktile_27_split0,40.72025531914894,cktile,0,True,False,still_loses,False,ck_14_split0,59.56522000000001,cktile_27_split0,40.72025531914894,,,,,58.50842000000001,68.71652000000002,46.62862499999998,5.908369680851038,12.671121399893392
1344,16384,1536,6,GPU-56f0ab624008ec65,full_sweep,3,opus_9020,54.34322727272731,cktile_11_split0,47.53704166666669,0.8747555868939647,14.317646549791863,False,False,cktile_11_split0,47.53704166666669,cktile,0,True,False,still_loses,False,ck_13_split0,64.66612000000003,cktile_11_split0,47.53704166666669,,,,,67.69256000000001,84.97595999999997,54.34322727272731,6.806185606060623,12.524441310603528
1664,7168,384,4,GPU-23a6cd0d658d72b6,full_sweep,3,opus_9020,15.201559999999997,cktile_11_split0,13.310244444444445,0.8755841140280634,14.20947273695614,False,False,cktile_11_split0,13.310244444444445,cktile,0,True,False,still_loses,False,ck_14_split0,16.953312500000006,cktile_11_split0,13.310244444444445,,,,20.66644680851063,19.390204081632653,24.609044444444443,15.201559999999997,1.8913155555555523,12.441588597193665
1216,7168,384,5,GPU-2d57f9bd7c2ee0fe,full_sweep,3,opus_9020,12.874279999999994,cktile_27_split0,11.27638636363636,0.8758848155886284,14.170263281475147,False,False,cktile_27_split0,11.27638636363636,cktile,0,True,False,still_loses,False,ck_9_split0,14.184166666666671,cktile_27_split0,11.27638636363636,,,,,16.881559999999993,18.949187499999997,12.874279999999994,1.597893636363633,12.41151844113716
1472,7168,768,6,GPU-56f0ab624008ec65,full_sweep,3,opus_9020,19.720874999999996,cktile_31_split0,17.350183673469385,0.8797877210554496,13.663782304251315,False,False,cktile_31_split0,17.350183673469385,cktile,0,True,False,still_loses,False,ck_14_split0,22.180020000000003,cktile_31_split0,17.350183673469385,,,,,23.853152173913053,28.829063829787238,19.720874999999996,2.3706913265306113,12.021227894455045
1344,7168,3072,6,GPU-56f0ab624008ec65,full_sweep,3,opus_9020,44.90995238095235,cktile_27_split0,39.778562499999985,0.8857404737946518,12.899887674302878,False,False,cktile_27_split0,39.778562499999985,cktile,0,True,False,still_loses,False,ck_14_split0,53.77156000000001,cktile_27_split0,39.778562499999985,,,,,53.20195999999999,64.21807999999999,44.90995238095235,5.131389880952362,11.425952620534819
1728,7168,384,5,GPU-2d57f9bd7c2ee0fe,full_sweep,3,opus_9020,15.315940000000001,cktile_12_split0,13.612488888888898,0.8887791992452894,12.513884308853562,False,False,cktile_12_split0,13.612488888888898,cktile,0,True,False,still_loses,False,ck_14_split0,17.170854166666675,cktile_12_split0,13.612488888888898,,,,,19.559191489361694,24.909021276595734,15.315940000000001,1.7034511111111037,11.122080075471064
1344,7168,384,6,GPU-56f0ab624008ec65,full_sweep,3,opus_9020,13.293040816326537,cktile_11_split0,11.835744680851063,0.8903714992219373,12.312669584983693,False,False,cktile_11_split0,11.835744680851063,cktile,0,True,False,still_loses,False,ck_14_split0,14.953448979591839,cktile_11_split0,11.835744680851063,,,,,17.816955555555545,20.74534693877551,13.293040816326537,1.4572961354754739,10.962850077806275
1088,16384,1536,6,GPU-56f0ab624008ec65,full_sweep,3,opus_9020,49.30195999999998,cktile_28_split0,43.914068181818195,0.8907164782458591,12.269170316615163,False,False,cktile_28_split0,43.914068181818195,cktile,0,True,False,still_loses,False,ck_14_split0,54.9212,cktile_28_split0,43.914068181818195,,,,,55.63482000000002,68.20140816326533,49.30195999999998,5.387891818181785,10.92835217541409
1408,16384,1536,5,GPU-2d57f9bd7c2ee0fe,full_sweep,3,opus_9020,55.41129166666667,cktile_27_split0,49.45441860465118,0.8924971267977332,12.045178631329101,False,False,cktile_27_split0,49.45441860465118,cktile,0,True,False,still_loses,False,ck_13_split0,65.61414,cktile_27_split0,49.45441860465118,,,,74.37345454545449,69.07338,88.57439999999993,55.41129166666667,5.9568730620154895,10.75028732022668
1344,6144,7168,5,GPU-2d57f9bd7c2ee0fe,full_sweep,3,opus_9020,91.11668085106383,cktile_29_split0,81.44975510204083,0.8939060810959057,11.868575586153952,False,False,cktile_29_split0,81.44975510204083,cktile,0,True,False,still_loses,False,ck_13_split0,93.8409,cktile_29_split0,81.44975510204083,,,,,93.54491999999999,116.48677999999997,91.11668085106383,9.666925749023008,10.609391890409425
1344,7168,7168,6,GPU-56f0ab624008ec65,full_sweep,3,opus_9020,93.7191458333333,cktile_27_split0,83.7765625,0.8939108626639125,11.867977196287205,False,False,cktile_27_split0,83.7765625,cktile,0,True,False,still_loses,False,ck_14_split0,118.63706000000002,cktile_27_split0,83.7765625,,,,,111.00335999999997,136.07641999999996,93.7191458333333,9.942583333333303,10.608913733608748
1600,7168,768,4,GPU-23a6cd0d658d72b6,full_sweep,3,opus_9020,19.996800000000004,cktile_30_split0,17.875854166666674,0.8939357380514218,11.86486426639284,False,False,cktile_30_split0,17.875854166666674,cktile,0,True,False,still_loses,False,ck_14_split0,22.734250000000003,cktile_30_split0,17.875854166666674,,,,,25.469872340425546,31.068119999999993,19.996800000000004,2.12094583333333,10.606426194857821
1472,16384,1536,4,GPU-23a6cd0d658d72b6,full_sweep,3,opus_9020,55.45838297872339,cktile_11_split0,49.87865116279067,0.8993888477045321,11.186613282147428,False,False,cktile_11_split0,49.87865116279067,cktile,0,True,False,still_loses,False,ck_13_split0,65.65974000000001,cktile_11_split0,49.87865116279067,,,,,73.35105999999999,91.98086,55.45838297872339,5.579731815932725,10.061115229546791
1728,6144,7168,5,GPU-2d57f9bd7c2ee0fe,full_sweep,3,opus_9020,95.38604081632651,cktile_29_split0,85.97262000000005,0.9013123855884452,10.949324117755687,False,False,cktile_29_split0,85.97262000000005,cktile,0,True,False,still_loses,False,ck_13_split0,131.47226,cktile_29_split0,85.97262000000005,,,,,123.78420000000011,151.10206,95.38604081632651,9.413420816326465,9.868761441155483
1408,7168,384,4,GPU-23a6cd0d658d72b6,full_sweep,3,opus_9020,13.46958,cktile_11_split0,12.159978723404258,0.9027734141231024,10.769766184501272,False,False,cktile_11_split0,12.159978723404258,cktile,0,True,False,still_loses,False,ck_14_split0,14.940444444444449,cktile_11_split0,12.159978723404258,,,,20.13502083333334,18.05919565217391,21.04944680851064,13.46958,1.3096012765957425,9.722658587689759
1664,7168,768,5,GPU-2d57f9bd7c2ee0fe,full_sweep,3,opus_9020,20.11360000000001,cktile_31_split0,18.254380000000005,0.9075640362739638,10.185062434330838,False,False,cktile_31_split0,18.254380000000005,cktile,0,True,False,still_loses,False,ck_14_split0,22.9279347826087,cktile_31_split0,18.254380000000005,,,,26.435,25.685660000000002,31.308255319148934,20.11360000000001,1.859220000000004,9.243596372603625
1728,7168,3072,4,GPU-23a6cd0d658d72b6,full_sweep,3,opus_9020,48.02724489795918,cktile_28_split0,43.70127272727273,0.9099267055631111,9.898961519229932,False,False,cktile_28_split0,43.70127272727273,cktile,0,True,False,still_loses,False,ck_13_split0,64.43168,cktile_28_split0,43.70127272727273,,,,,63.41646000000001,78.34303999999997,48.02724489795918,4.325972170686448,9.007329443688894
1472,6144,7168,5,GPU-2d57f9bd7c2ee0fe,full_sweep,3,opus_9020,91.49434042553186,cktile_11_split0,83.27900000000001,0.9102093048889904,9.86484038657025,False,False,cktile_11_split0,83.27900000000001,cktile,0,True,False,still_loses,False,ck_1_split0,117.64332,cktile_11_split0,83.27900000000001,,,,,110.10085999999995,129.59944000000002,91.49434042553186,8.21534042553185,8.979069511100956
1408,6144,7168,4,GPU-23a6cd0d658d72b6,full_sweep,3,opus_9020,90.8611489361702,cktile_11_split0,82.79018000000002,0.9111724974792029,9.748703211141919,False,False,cktile_11_split0,82.79018000000002,cktile,0,True,False,still_loses,False,ck_14_split0,111.68248000000007,cktile_11_split0,82.79018000000002,,,,103.54798000000001,104.66959999999997,121.96495999999999,90.8611489361702,8.070968936170175,8.882750252079708
1216,7168,7168,4,GPU-23a6cd0d658d72b6,full_sweep,3,opus_9020,91.23995833333333,cktile_29_split0,83.28308000000001,0.9127917364422297,9.554015453479048,False,False,cktile_29_split0,83.28308000000001,cktile,0,True,False,still_loses,False,ck_14_split0,113.8666,cktile_29_split0,83.28308000000001,,,,,105.38809999999995,123.8963,91.23995833333333,7.9568783333333215,8.720826355777033
1216,7168,16384,4,GPU-23a6cd0d658d72b6,full_sweep,3,opus_9020,195.24602040816328,cktile_28_split0,178.97320408163273,0.916654811747189,9.092319942547512,False,False,cktile_28_split0,178.97320408163273,cktile,0,True,False,still_loses,False,ck_14_split0,235.32876000000005,cktile_28_split0,178.97320408163273,,,,,216.19736000000003,257.3585306122449,195.24602040816328,16.272816326530545,8.334518825281101
1472,7168,7168,4,GPU-23a6cd0d658d72b6,full_sweep,3,opus_9020,95.04666666666667,cktile_11_split0,87.26794,0.9181588693273479,8.913613254382625,False,False,cktile_11_split0,87.26794,cktile,0,True,False,still_loses,False,ck_13_split0,128.82115999999994,cktile_11_split0,87.26794,,,,,123.24029999999999,149.11019999999996,95.04666666666667,7.778726666666671,8.184113067265208
1472,7168,16384,4,GPU-23a6cd0d658d72b6,full_sweep,3,opus_9020,201.402875,cktile_27_split0,185.04102040816323,0.918760570861579,8.84228510832128,False,False,cktile_27_split0,185.04102040816323,cktile,0,True,False,still_loses,False,ck_13_split0,268.59190909090916,cktile_27_split0,185.04102040816323,,,,,249.66695652173925,308.4323541666666,201.402875,16.36185459183676,8.123942913842097
1408,7168,7168,6,GPU-56f0ab624008ec65,full_sweep,3,opus_9020,94.270875,cktile_29_split0,86.89836,0.9217943505881323,8.48406690298875,False,False,cktile_29_split0,86.89836,cktile,0,True,False,still_loses,False,ck_14_split0,120.69793999999997,cktile_29_split0,86.89836,,,,116.06988,114.43866000000004,140.76935999999992,94.270875,7.372515000000007,7.8205649411867695
1664,6144,7168,4,GPU-23a6cd0d658d72b6,full_sweep,3,opus_9020,93.13815217391301,cktile_29_split0,85.85904000000001,0.9218460748467393,8.477979923736623,False,False,cktile_29_split0,85.85904000000001,cktile,0,True,False,still_loses,False,ck_14_split0,121.32576000000003,cktile_29_split0,85.85904000000001,,,,115.6201086956521,115.54809999999999,140.26836,93.13815217391301,7.279112173913006,7.815392515326069
1344,7168,16384,6,GPU-56f0ab624008ec65,full_sweep,3,opus_9020,195.47549999999995,cktile_11_split0,180.4809400000001,0.9232918703366925,8.308112756948116,False,False,cktile_11_split0,180.4809400000001,cktile,0,True,False,still_loses,False,ck_14_split0,247.05366,cktile_11_split0,180.4809400000001,,,,,228.99586000000002,286.22608000000014,195.47549999999995,14.994559999999865,7.670812966330754
1600,6144,7168,6,GPU-56f0ab624008ec65,full_sweep,3,opus_9020,93.53008333333332,cktile_28_split0,86.38800000000003,0.9236386510222652,8.267448411044697,False,False,cktile_28_split0,86.38800000000003,cktile,0,True,False,still_loses,False,ck_14_split0,121.08040000000003,cktile_28_split0,86.38800000000003,,,,,112.17310000000006,140.29510638297873,93.53008333333332,7.142083333333289,7.636134897773483
1728,7168,768,6,GPU-56f0ab624008ec65,full_sweep,3,opus_9020,20.457979591836736,cktile_27_split0,18.935179999999995,0.9255645170139686,8.04217119582038,False,False,cktile_27_split0,18.935179999999995,cktile,0,True,False,still_loses,False,ck_14_split0,23.375895833333335,cktile_27_split0,18.935179999999995,,,,,25.93368,31.83212,20.457979591836736,1.5227995918367405,7.443548298603142
1856,6144,7168,5,GPU-2d57f9bd7c2ee0fe,full_sweep,3,opus_9020,96.830306122449,cktile_29_split0,89.8016,0.9274121253571098,7.826927496223912,False,False,cktile_29_split0,89.8016,cktile,0,True,False,still_loses,False,ck_13_split0,136.86933999999997,cktile_29_split0,89.8016,,,,,131.39248000000006,156.83114,96.830306122449,7.028706122449009,7.258787464289018
1920,6144,7168,4,GPU-23a6cd0d658d72b6,full_sweep,3,opus_9020,96.60471999999999,cktile_29_split0,89.65426,0.9280525837660935,7.752515050595465,False,False,cktile_29_split0,89.65426,cktile,0,True,False,still_loses,False,ck_0_split0,131.52825999999996,cktile_29_split0,89.65426,,,,120.66497999999996,130.65226000000007,160.96856000000002,96.60471999999999,6.9504599999999925,7.194741623390655
1472,7168,384,5,GPU-2d57f9bd7c2ee0fe,full_sweep,3,opus_9020,13.314488372093026,cktile_11_split0,12.444466666666663,0.9346560167306229,6.991233362830829,False,False,cktile_11_split0,12.444466666666663,cktile,0,True,False,still_loses,False,ck_9_split0,16.020468085106376,cktile_11_split0,12.444466666666663,,,,,18.492787234042563,21.88125,13.314488372093026,0.8700217054263621,6.534398326937707
1600,7168,3072,6,GPU-56f0ab624008ec65,full_sweep,3,opus_9020,46.192809523809544,cktile_27_split0,43.291833333333315,0.937198533269968,6.700977914563322,False,False,cktile_27_split0,43.291833333333315,cktile,0,True,False,still_loses,False,ck_13_split0,62.95726000000001,cktile_27_split0,43.291833333333315,,,,,61.67084000000002,74.24456,46.192809523809544,2.9009761904762286,6.280146673003195
1728,7168,7168,4,GPU-23a6cd0d658d72b6,full_sweep,3,opus_9020,98.02126530612244,cktile_29_split0,92.10478000000006,0.939640798477299,6.423646314688969,False,False,cktile_29_split0,92.10478000000006,cktile,0,True,False,still_loses,False,ck_13_split0,139.50607999999994,cktile_29_split0,92.10478000000006,,,,,132.57961999999995,167.4599799999999,98.02126530612244,5.916485306122382,6.035920152270102
1728,7168,16384,4,GPU-23a6cd0d658d72b6,full_sweep,3,opus_9020,206.10443999999993,cktile_28_split0,193.6963200000001,0.9397969301389149,6.4059657922255875,False,False,cktile_28_split0,193.6963200000001,cktile,0,True,False,still_loses,False,ck_13_split0,291.4445800000001,cktile_28_split0,193.6963200000001,,,,,269.94194,352.5475531914892,206.10443999999993,12.408119999999826,6.020306986108515
1664,7168,3072,6,GPU-56f0ab624008ec65,full_sweep,3,opus_9020,46.92863636363638,cktile_28_split0,44.1091,0.9399186385517658,6.392187470695121,False,False,cktile_28_split0,44.1091,cktile,0,True,False,still_loses,False,ck_13_split0,63.438120000000026,cktile_28_split0,44.1091,,,,61.14130000000001,62.85734,75.19268000000002,46.92863636363638,2.819536363636381,6.008136144823418
1600,7168,7168,6,GPU-56f0ab624008ec65,full_sweep,3,opus_9020,97.22918750000001,cktile_29_split0,91.59516000000002,0.9420541542630911,6.151010053369621,False,False,cktile_29_split0,91.59516000000002,cktile,0,True,False,still_loses,False,ck_13_split0,134.67961999999997,cktile_29_split0,91.59516000000002,,,,,127.70354000000003,156.2678400000001,97.22918750000001,5.634027499999988,5.794584573690886
1664,7168,7168,5,GPU-2d57f9bd7c2ee0fe,full_sweep,3,opus_9020,98.24171999999999,cktile_28_split0,92.87605999999998,0.9453830816480004,5.777226122641288,False,False,cktile_28_split0,92.87605999999998,cktile,0,True,False,still_loses,False,ck_0_split0,135.41816,cktile_28_split0,92.87605999999998,,,,123.02040000000001,132.44052,166.08811999999995,98.24171999999999,5.365660000000005,5.4616918351999555
1408,7168,16384,6,GPU-56f0ab624008ec65,full_sweep,3,opus_9020,195.42922,cktile_28_split0,186.3349795918367,0.9534652985456152,4.880586794859476,False,False,cktile_28_split0,186.3349795918367,cktile,0,True,False,still_loses,False,ck_14_split0,254.3571,cktile_28_split0,186.3349795918367,,,,229.94240000000002,235.43765999999994,293.70355102040816,195.42922,9.094240408163273,4.653470145438476
1600,7168,16384,6,GPU-56f0ab624008ec65,full_sweep,3,opus_9020,202.34197999999998,cktile_28_split0,193.6146800000001,0.9568685647931295,4.5075611002223015,False,False,cktile_28_split0,193.6146800000001,cktile,0,True,False,still_loses,False,ck_13_split0,282.68926000000016,cktile_28_split0,193.6146800000001,,,,,263.25944,325.0858936170214,202.34197999999998,8.727299999999872,4.313143520687046
1664,7168,16384,5,GPU-2d57f9bd7c2ee0fe,full_sweep,3,opus_9020,203.0452400000001,cktile_28_split0,195.84435999999994,0.9645355882265443,3.6768380769301556,False,False,cktile_28_split0,195.84435999999994,cktile,0,True,False,still_loses,False,ck_0_split0,279.6484545454545,cktile_28_split0,195.84435999999994,,,,246.6681400000001,268.29986842105257,349.5262765957446,203.0452400000001,7.200880000000154,3.5464411773455717
