M,N,K,name,lib,kid,splitK,kernelName,phase,round,status,error,reason,nonfinite,mismatches,max_abs_error
4096,2048,7168,ck_0_split0,ck,0,0,a8w8_blockscale_bpreshuffle_1x128x128_256x128x128x128_16x16_16x16_8x32x1_8x32x1_1x32x1x8_8_2x1_intrawave_v3,preflight,-1,passed,0.0,,,,
4096,2048,7168,ck_1_split0,ck,1,0,a8w8_blockscale_bpreshuffle_1x128x128_256x64x128x128_16x16_16x16_8x32x1_8x32x1_1x32x1x8_8_2x1_intrawave_v3,preflight,-1,passed,0.0,,,,
4096,2048,7168,ck_2_split0,ck,2,0,a8w8_blockscale_bpreshuffle_1x128x128_256x64x64x128_16x16_16x16_8x32x1_8x32x1_1x32x1x8_8_2x1_intrawave_v3,preflight,-1,passed,0.0,,,,
4096,2048,7168,ck_3_split0,ck,3,0,a8w8_blockscale_bpreshuffle_1x128x128_256x16x256x128_8x16_16x16_16x16x1_8x32x1_1x16x1x16_8_1x2_intrawave_v1,preflight,-1,passed,0.0,,,,
4096,2048,7168,ck_4_split0,ck,4,0,a8w8_blockscale_bpreshuffle_1x128x128_256x16x128x128_8x16_16x16_16x16x1_8x32x1_1x16x1x16_8_1x2_intrawave_v1,preflight,-1,passed,0.0,,,,
4096,2048,7168,ck_5_split0,ck,5,0,a8w8_blockscale_bpreshuffle_1x128x128_256x16x64x128_8x16_16x16_16x16x1_8x32x1_1x16x1x16_4_1x1_intrawave_v1,preflight,-1,passed,0.0,,,,
4096,2048,7168,ck_6_split0,ck,6,0,a8w8_blockscale_bpreshuffle_1x128x128_256x16x128x256_16x16_16x16_16x16x1_16x16x1_1x16x1x16_8_1x2_intrawave_v1,preflight,-1,passed,0.0,,,,
4096,2048,7168,ck_7_split0,ck,7,0,a8w8_blockscale_bpreshuffle_1x128x128_256x16x64x256_16x16_16x16_16x16x1_16x16x1_1x16x1x16_4_1x1_intrawave_v1,preflight,-1,passed,0.0,,,,
4096,2048,7168,ck_8_split0,ck,8,0,a8w8_blockscale_bpreshuffle_1x128x128_256x32x256x128_16x16_16x16_8x32x1_8x32x1_1x32x1x8_8_2x1_intrawave_v1,preflight,-1,passed,0.0,,,,
4096,2048,7168,ck_9_split0,ck,9,0,a8w8_blockscale_bpreshuffle_1x128x128_256x32x128x128_16x16_16x16_8x32x1_8x32x1_1x32x1x8_8_2x1_intrawave_v1,preflight,-1,passed,0.0,,,,
4096,2048,7168,ck_10_split0,ck,10,0,a8w8_blockscale_bpreshuffle_1x128x128_256x32x64x128_16x16_16x16_8x32x1_8x32x1_1x32x1x8_8_2x1_intrawave_v1,preflight,-1,passed,0.0,,,,
4096,2048,7168,ck_11_split0,ck,11,0,a8w8_blockscale_bpreshuffle_1x128x128_256x32x128x256_16x16_16x16_16x16x1_16x16x1_1x32x1x8_8_2x1_intrawave_v1,preflight,-1,passed,0.0,,,,
4096,2048,7168,ck_12_split0,ck,12,0,a8w8_blockscale_bpreshuffle_1x128x128_256x32x64x256_16x16_16x16_16x16x1_16x16x1_1x32x1x8_8_2x1_intrawave_v1,preflight,-1,passed,0.0,,,,
4096,2048,7168,ck_13_split0,ck,13,0,a8w8_blockscale_bpreshuffle_1x128x128_256x64x256x128_16x16_16x16_8x32x1_8x32x1_1x32x1x8_8_2x1_intrawave_v1,preflight,-1,passed,0.0,,,,
4096,2048,7168,ck_14_split0,ck,14,0,a8w8_blockscale_bpreshuffle_1x128x128_256x64x128x128_16x16_16x16_8x32x1_8x32x1_1x32x1x8_8_2x1_intrawave_v1,preflight,-1,passed,0.0,,,,
4096,2048,7168,ck_15_split0,ck,15,0,a8w8_blockscale_bpreshuffle_1x128x128_256x64x64x128_16x16_16x16_8x32x1_8x32x1_1x32x1x8_8_2x1_intrawave_v1,preflight,-1,passed,0.0,,,,
4096,2048,7168,ck_16_split0,ck,16,0,a8w8_blockscale_bpreshuffle_1x128x128_256x64x128x256_16x16_16x16_16x16x1_16x16x1_1x32x1x8_8_2x1_intrawave_v1,preflight,-1,passed,0.0,,,,
4096,2048,7168,ck_17_split0,ck,17,0,a8w8_blockscale_bpreshuffle_1x128x128_256x64x64x256_16x16_16x16_16x16x1_16x16x1_1x32x1x8_8_2x1_intrawave_v1,preflight,-1,passed,0.0,,,,
4096,2048,7168,cktile_0_split0,cktile,0,0,a8w8_blockscale_cktile_16x128x256_1x4x1_16x16x128_intrawave_0x1x0_1,preflight,-1,passed,0.0,,,,
4096,2048,7168,cktile_1_split0,cktile,1,0,a8w8_blockscale_cktile_16x128x256_1x4x1_16x16x128_intrawave_0x1x0_2,preflight,-1,passed,0.0,,,,
4096,2048,7168,cktile_2_split0,cktile,2,0,a8w8_blockscale_cktile_16x128x256_1x4x1_16x16x64_intrawave_0x1x0_1,preflight,-1,passed,0.0,,,,
4096,2048,7168,cktile_3_split0,cktile,3,0,a8w8_blockscale_cktile_16x128x256_1x4x1_16x16x64_intrawave_0x1x0_2,preflight,-1,passed,0.0,,,,
4096,2048,7168,cktile_4_split0,cktile,4,0,a8w8_blockscale_cktile_32x128x128_1x4x1_16x16x128_intrawave_0x1x0_1,preflight,-1,passed,0.0,,,,
4096,2048,7168,cktile_5_split0,cktile,5,0,a8w8_blockscale_cktile_32x128x128_1x4x1_16x16x128_intrawave_0x1x0_2,preflight,-1,passed,0.0,,,,
4096,2048,7168,cktile_6_split0,cktile,6,0,a8w8_blockscale_cktile_32x128x128_1x4x1_16x16x64_intrawave_0x1x0_1,preflight,-1,passed,0.0,,,,
4096,2048,7168,cktile_7_split0,cktile,7,0,a8w8_blockscale_cktile_32x128x128_1x4x1_16x16x64_intrawave_0x1x0_2,preflight,-1,passed,0.0,,,,
4096,2048,7168,cktile_8_split0,cktile,8,0,a8w8_blockscale_cktile_128x128x128_1x4x1_16x16x128_intrawave_0x1x0_1,preflight,-1,passed,0.0,,,,
4096,2048,7168,cktile_9_split0,cktile,9,0,a8w8_blockscale_cktile_128x128x128_1x4x1_16x16x128_intrawave_0x1x0_1,preflight,-1,passed,0.0,,,,
4096,2048,7168,cktile_10_split0,cktile,10,0,a8w8_blockscale_cktile_128x128x128_2x2x1_16x16x128_intrawave_0x1x0_2,preflight,-1,passed,0.0,,,,
4096,2048,7168,cktile_11_split0,cktile,11,0,a8w8_blockscale_cktile_192x256x128_4x2x1_16x16x128_intrawave_0x1x0_1,preflight,-1,passed,0.0,,,,
4096,2048,7168,cktile_12_split0,cktile,12,0,a8w8_blockscale_cktile_192x256x128_4x2x1_16x16x128_intrawave_0x1x0_1_aqrm,preflight,-1,passed,0.0,,,,
4096,2048,7168,cktile_13_split0,cktile,13,0,a8w8_blockscale_cktile_16x128x256_1x4x1_16x16x128_intrawave_0x1x0_3,preflight,-1,passed,0.0,,,,
4096,2048,7168,cktile_14_split0,cktile,14,0,a8w8_blockscale_cktile_16x128x256_1x4x1_16x16x128_intrawave_0x1x0_4,preflight,-1,passed,0.0,,,,
4096,2048,7168,cktile_15_split0,cktile,15,0,a8w8_blockscale_cktile_16x128x256_1x4x1_16x16x64_intrawave_0x1x0_3,preflight,-1,passed,0.0,,,,
4096,2048,7168,cktile_16_split0,cktile,16,0,a8w8_blockscale_cktile_16x128x256_1x4x1_16x16x64_intrawave_0x1x0_4,preflight,-1,passed,0.0,,,,
4096,2048,7168,cktile_17_split0,cktile,17,0,a8w8_blockscale_cktile_32x128x128_1x4x1_16x16x128_intrawave_0x1x0_3,preflight,-1,passed,0.0,,,,
4096,2048,7168,cktile_18_split0,cktile,18,0,a8w8_blockscale_cktile_32x128x128_1x4x1_16x16x128_intrawave_0x1x0_4,preflight,-1,passed,0.0,,,,
4096,2048,7168,cktile_19_split0,cktile,19,0,a8w8_blockscale_cktile_32x128x128_1x4x1_16x16x64_intrawave_0x1x0_3,preflight,-1,passed,0.0,,,,
4096,2048,7168,cktile_20_split0,cktile,20,0,a8w8_blockscale_cktile_32x128x128_1x4x1_16x16x64_intrawave_0x1x0_4,preflight,-1,passed,0.0,,,,
4096,2048,7168,cktile_21_split0,cktile,21,0,a8w8_blockscale_cktile_128x128x128_1x4x1_16x16x128_intrawave_0x1x0_2,preflight,-1,passed,0.0,,,,
4096,2048,7168,cktile_22_split0,cktile,22,0,a8w8_blockscale_cktile_128x128x128_1x4x1_16x16x128_intrawave_0x1x0_3,preflight,-1,passed,0.0,,,,
4096,2048,7168,cktile_23_split0,cktile,23,0,a8w8_blockscale_cktile_128x128x128_1x4x1_16x16x128_intrawave_0x1x0_4,preflight,-1,passed,0.0,,,,
4096,2048,7168,cktile_24_split0,cktile,24,0,a8w8_blockscale_cktile_128x128x128_2x2x1_16x16x128_intrawave_0x1x0_1,preflight,-1,passed,0.0,,,,
4096,2048,7168,cktile_25_split0,cktile,25,0,a8w8_blockscale_cktile_128x128x128_2x2x1_16x16x128_intrawave_0x1x0_3,preflight,-1,passed,0.0,,,,
4096,2048,7168,cktile_26_split0,cktile,26,0,a8w8_blockscale_cktile_128x128x128_2x2x1_16x16x128_intrawave_0x1x0_4,preflight,-1,passed,0.0,,,,
4096,2048,7168,cktile_27_split0,cktile,27,0,a8w8_blockscale_cktile_192x256x128_4x2x1_16x16x128_intrawave_0x1x0_2,preflight,-1,passed,0.0,,,,
4096,2048,7168,cktile_28_split0,cktile,28,0,a8w8_blockscale_cktile_192x256x128_4x2x1_16x16x128_intrawave_0x1x0_3,preflight,-1,passed,0.0,,,,
4096,2048,7168,cktile_29_split0,cktile,29,0,a8w8_blockscale_cktile_192x256x128_4x2x1_16x16x128_intrawave_0x1x0_4,preflight,-1,passed,0.0,,,,
4096,2048,7168,cktile_30_split0,cktile,30,0,a8w8_blockscale_cktile_192x256x128_4x2x1_16x16x128_intrawave_0x1x0_2_aqrm,preflight,-1,passed,0.0,,,,
4096,2048,7168,cktile_31_split0,cktile,31,0,a8w8_blockscale_cktile_192x256x128_4x2x1_16x16x128_intrawave_0x1x0_3_aqrm,preflight,-1,passed,0.0,,,,
4096,2048,7168,cktile_32_split0,cktile,32,0,a8w8_blockscale_cktile_192x256x128_4x2x1_16x16x128_intrawave_0x1x0_4_aqrm,preflight,-1,passed,0.0,,,,
4096,2048,7168,asm_0_split1,asm,0,1,_ZN5aiter42fp8gemm_bf16_blockscale_BpreShuffle_32x128E,preflight,-1,failed,0.1699,outside original FP32 accumulation bounds,0,1424677,8.0023193359375
4096,2048,7168,asm_1_split2,asm,1,2,_ZN5aiter42fp8gemm_bf16_blockscale_BpreShuffle_32x128E,preflight,-1,failed,0.2593,outside original FP32 accumulation bounds,0,2174949,14.66259765625
4096,2048,7168,asm_2_split3,asm,2,3,_ZN5aiter42fp8gemm_bf16_blockscale_BpreShuffle_32x128E,preflight,-1,failed,0.3058,outside original FP32 accumulation bounds,0,2565021,17.732421875
4096,2048,7168,asm_3_split4,asm,3,4,_ZN5aiter42fp8gemm_bf16_blockscale_BpreShuffle_32x128E,preflight,-1,failed,0.3384,outside original FP32 accumulation bounds,0,2838305,17.283447265625
4096,2048,7168,asm_4_split5,asm,4,5,_ZN5aiter42fp8gemm_bf16_blockscale_BpreShuffle_32x128E,preflight,-1,failed,0.3607,outside original FP32 accumulation bounds,0,3025314,16.2445068359375
4096,2048,7168,asm_5_split6,asm,5,6,_ZN5aiter42fp8gemm_bf16_blockscale_BpreShuffle_32x128E,preflight,-1,failed,0.3775,outside original FP32 accumulation bounds,0,3166308,19.156494140625
4096,2048,7168,asm_6_split7,asm,6,7,_ZN5aiter42fp8gemm_bf16_blockscale_BpreShuffle_32x128E,preflight,-1,failed,0.3987,outside original FP32 accumulation bounds,0,3344396,19.103271484375
4096,2048,7168,asm_7_split8,asm,7,8,_ZN5aiter42fp8gemm_bf16_blockscale_BpreShuffle_32x128E,preflight,-1,failed,0.4146,outside original FP32 accumulation bounds,0,3477682,19.42449951171875
4096,2048,7168,asm_8_split1,asm,8,1,_ZN5aiter42fp8gemm_bf16_blockscale_BpreShuffle_48x128E,preflight,-1,failed,0.1699,outside original FP32 accumulation bounds,0,1424677,8.0023193359375
4096,2048,7168,asm_9_split2,asm,9,2,_ZN5aiter42fp8gemm_bf16_blockscale_BpreShuffle_48x128E,preflight,-1,failed,0.2593,outside original FP32 accumulation bounds,0,2174949,14.66259765625
4096,2048,7168,asm_10_split3,asm,10,3,_ZN5aiter42fp8gemm_bf16_blockscale_BpreShuffle_48x128E,preflight,-1,failed,0.3058,outside original FP32 accumulation bounds,0,2564966,17.732421875
4096,2048,7168,asm_11_split4,asm,11,4,_ZN5aiter42fp8gemm_bf16_blockscale_BpreShuffle_48x128E,preflight,-1,failed,0.338,outside original FP32 accumulation bounds,0,2834808,14.974365234375
4096,2048,7168,asm_12_split5,asm,12,5,_ZN5aiter42fp8gemm_bf16_blockscale_BpreShuffle_48x128E,preflight,-1,failed,0.3608,outside original FP32 accumulation bounds,0,3026241,14.6248779296875
4096,2048,7168,asm_13_split6,asm,13,6,_ZN5aiter42fp8gemm_bf16_blockscale_BpreShuffle_48x128E,preflight,-1,failed,0.3771,outside original FP32 accumulation bounds,0,3163304,19.156494140625
4096,2048,7168,asm_14_split7,asm,14,7,_ZN5aiter42fp8gemm_bf16_blockscale_BpreShuffle_48x128E,preflight,-1,failed,0.3993,outside original FP32 accumulation bounds,0,3348988,22.128173828125
4096,2048,7168,asm_15_split8,asm,15,8,_ZN5aiter42fp8gemm_bf16_blockscale_BpreShuffle_48x128E,preflight,-1,failed,0.4131,outside original FP32 accumulation bounds,0,3464620,20.6956787109375
4096,2048,7168,asm_16_split1,asm,16,1,_ZN5aiter42fp8gemm_bf16_blockscale_BpreShuffle_64x128E,preflight,-1,failed,0.1699,outside original FP32 accumulation bounds,0,1424677,8.0023193359375
4096,2048,7168,asm_17_split2,asm,17,2,_ZN5aiter42fp8gemm_bf16_blockscale_BpreShuffle_64x128E,preflight,-1,failed,0.2593,outside original FP32 accumulation bounds,0,2174949,14.66259765625
4096,2048,7168,asm_18_split3,asm,18,3,_ZN5aiter42fp8gemm_bf16_blockscale_BpreShuffle_64x128E,preflight,-1,failed,0.3058,outside original FP32 accumulation bounds,0,2565133,17.732421875
4096,2048,7168,asm_19_split4,asm,19,4,_ZN5aiter42fp8gemm_bf16_blockscale_BpreShuffle_64x128E,preflight,-1,failed,0.338,outside original FP32 accumulation bounds,0,2834789,16.2445068359375
4096,2048,7168,asm_20_split5,asm,20,5,_ZN5aiter42fp8gemm_bf16_blockscale_BpreShuffle_64x128E,preflight,-1,failed,0.3608,outside original FP32 accumulation bounds,0,3026107,16.5115966796875
4096,2048,7168,asm_21_split6,asm,21,6,_ZN5aiter42fp8gemm_bf16_blockscale_BpreShuffle_64x128E,preflight,-1,failed,0.3771,outside original FP32 accumulation bounds,0,3162668,19.156494140625
4096,2048,7168,asm_22_split7,asm,22,7,_ZN5aiter42fp8gemm_bf16_blockscale_BpreShuffle_64x128E,preflight,-1,failed,0.3986,outside original FP32 accumulation bounds,0,3342873,21.2900390625
4096,2048,7168,asm_23_split8,asm,23,8,_ZN5aiter42fp8gemm_bf16_blockscale_BpreShuffle_64x128E,preflight,-1,failed,0.4133,outside original FP32 accumulation bounds,0,3466956,20.920654296875
4096,2048,7168,asm_24_split1,asm,24,1,_ZN5aiter42fp8gemm_bf16_blockscale_BpreShuffle_80x128E,preflight,-1,failed,0.1699,outside original FP32 accumulation bounds,0,1424677,8.0023193359375
4096,2048,7168,asm_25_split2,asm,25,2,_ZN5aiter42fp8gemm_bf16_blockscale_BpreShuffle_80x128E,preflight,-1,failed,0.2593,outside original FP32 accumulation bounds,0,2174949,14.66259765625
4096,2048,7168,asm_26_split3,asm,26,3,_ZN5aiter42fp8gemm_bf16_blockscale_BpreShuffle_80x128E,preflight,-1,failed,0.3058,outside original FP32 accumulation bounds,0,2564747,17.732421875
4096,2048,7168,asm_27_split4,asm,27,4,_ZN5aiter42fp8gemm_bf16_blockscale_BpreShuffle_80x128E,preflight,-1,failed,0.338,outside original FP32 accumulation bounds,0,2835176,16.20947265625
4096,2048,7168,asm_28_split5,asm,28,5,_ZN5aiter42fp8gemm_bf16_blockscale_BpreShuffle_80x128E,preflight,-1,failed,0.361,outside original FP32 accumulation bounds,0,3027889,17.132080078125
4096,2048,7168,asm_29_split6,asm,29,6,_ZN5aiter42fp8gemm_bf16_blockscale_BpreShuffle_80x128E,preflight,-1,failed,0.3775,outside original FP32 accumulation bounds,0,3166360,19.156494140625
4096,2048,7168,asm_30_split7,asm,30,7,_ZN5aiter42fp8gemm_bf16_blockscale_BpreShuffle_80x128E,preflight,-1,failed,0.3984,outside original FP32 accumulation bounds,0,3341292,21.2900390625
4096,2048,7168,asm_31_split8,asm,31,8,_ZN5aiter42fp8gemm_bf16_blockscale_BpreShuffle_80x128E,preflight,-1,failed,0.4134,outside original FP32 accumulation bounds,0,3467234,18.7823486328125
4096,2048,7168,asm_32_split1,asm,32,1,_ZN5aiter42fp8gemm_bf16_blockscale_BpreShuffle_96x128E,preflight,-1,failed,0.1699,outside original FP32 accumulation bounds,0,1424677,8.0023193359375
4096,2048,7168,asm_33_split2,asm,33,2,_ZN5aiter42fp8gemm_bf16_blockscale_BpreShuffle_96x128E,preflight,-1,failed,0.2593,outside original FP32 accumulation bounds,0,2174949,14.66259765625
4096,2048,7168,asm_34_split3,asm,34,3,_ZN5aiter42fp8gemm_bf16_blockscale_BpreShuffle_96x128E,preflight,-1,failed,0.3055,outside original FP32 accumulation bounds,0,2562681,17.732421875
4096,2048,7168,asm_35_split4,asm,35,4,_ZN5aiter42fp8gemm_bf16_blockscale_BpreShuffle_96x128E,preflight,-1,failed,0.338,outside original FP32 accumulation bounds,0,2835180,16.2445068359375
4096,2048,7168,asm_36_split5,asm,36,5,_ZN5aiter42fp8gemm_bf16_blockscale_BpreShuffle_96x128E,preflight,-1,failed,0.3608,outside original FP32 accumulation bounds,0,3025778,16.38720703125
4096,2048,7168,asm_37_split6,asm,37,6,_ZN5aiter42fp8gemm_bf16_blockscale_BpreShuffle_96x128E,preflight,-1,failed,0.3777,outside original FP32 accumulation bounds,0,3167836,19.156494140625
4096,2048,7168,asm_38_split7,asm,38,7,_ZN5aiter42fp8gemm_bf16_blockscale_BpreShuffle_96x128E,preflight,-1,failed,0.3983,outside original FP32 accumulation bounds,0,3341062,21.2900390625
4096,2048,7168,asm_39_split8,asm,39,8,_ZN5aiter42fp8gemm_bf16_blockscale_BpreShuffle_96x128E,preflight,-1,failed,0.4138,outside original FP32 accumulation bounds,0,3470448,18.7823486328125
4096,2048,7168,asm_40_split1,asm,40,1,_ZN5aiter43fp8gemm_bf16_blockscale_BpreShuffle_128x128E,preflight,-1,failed,0.1699,outside original FP32 accumulation bounds,0,1424677,8.0023193359375
4096,2048,7168,asm_41_split2,asm,41,2,_ZN5aiter43fp8gemm_bf16_blockscale_BpreShuffle_128x128E,preflight,-1,failed,0.2593,outside original FP32 accumulation bounds,0,2174949,14.66259765625
4096,2048,7168,asm_42_split3,asm,42,3,_ZN5aiter43fp8gemm_bf16_blockscale_BpreShuffle_128x128E,preflight,-1,failed,0.3057,outside original FP32 accumulation bounds,0,2564280,17.732421875
4096,2048,7168,asm_43_split4,asm,43,4,_ZN5aiter43fp8gemm_bf16_blockscale_BpreShuffle_128x128E,preflight,-1,failed,0.3379,outside original FP32 accumulation bounds,0,2833885,16.2445068359375
4096,2048,7168,asm_44_split5,asm,44,5,_ZN5aiter43fp8gemm_bf16_blockscale_BpreShuffle_128x128E,preflight,-1,failed,0.3609,outside original FP32 accumulation bounds,0,3027431,16.38720703125
4096,2048,7168,asm_45_split6,asm,45,6,_ZN5aiter43fp8gemm_bf16_blockscale_BpreShuffle_128x128E,preflight,-1,failed,0.3775,outside original FP32 accumulation bounds,0,3166695,19.156494140625
4096,2048,7168,asm_46_split7,asm,46,7,_ZN5aiter43fp8gemm_bf16_blockscale_BpreShuffle_128x128E,preflight,-1,failed,0.3967,outside original FP32 accumulation bounds,0,3327263,18.27490234375
4096,2048,7168,asm_47_split8,asm,47,8,_ZN5aiter43fp8gemm_bf16_blockscale_BpreShuffle_128x128E,preflight,-1,failed,0.4126,outside original FP32 accumulation bounds,0,3460489,18.310546875
4096,2048,7168,opus_9000,opus,9000,0,opus_gemm_gfx950_a8w8_mxscale_gemm_bpreshuffle_256x256x256x128_2x2_16x16x128_1x128x128_tiles1_nooob,preflight,-1,passed,0.0,,,,
4096,2048,7168,opus_9010,opus,9010,0,opus_gemm_gfx950_a8w8_mxscale_gemm_bpreshuffle_256x128x128x128_2x2_16x16x128_1x128x128_tiles1_nooob,preflight,-1,passed,0.0,,,,
4096,2048,7168,opus_9011,opus,9011,0,opus_gemm_gfx950_a8w8_mxscale_gemm_bpreshuffle_256x64x128x128_2x2_16x16x128_1x128x128_tiles1_nooob,preflight,-1,passed,0.0,,,,
4096,2048,7168,opus_9012,opus,9012,0,opus_gemm_gfx950_a8w8_mxscale_gemm_bpreshuffle_256x64x64x128_2x2_16x16x128_1x128x128_tiles1_nooob,preflight,-1,passed,0.0,,,,
4096,2048,7168,opus_9020,opus,9020,0,opus_gemm_gfx950_a8w8_mxscale_gemm_bpreshuffle_256x256x256x128_2x2_16x16x128_1x128x128_tiles1,preflight,-1,passed,0.0,,,,
4096,2048,7168,ck_0_split0,ck,0,0,a8w8_blockscale_bpreshuffle_1x128x128_256x128x128x128_16x16_16x16_8x32x1_8x32x1_1x32x1x8_8_2x1_intrawave_v3,timed,0,passed,0.0,,,,
4096,2048,7168,ck_1_split0,ck,1,0,a8w8_blockscale_bpreshuffle_1x128x128_256x64x128x128_16x16_16x16_8x32x1_8x32x1_1x32x1x8_8_2x1_intrawave_v3,timed,0,passed,0.0,,,,
4096,2048,7168,ck_2_split0,ck,2,0,a8w8_blockscale_bpreshuffle_1x128x128_256x64x64x128_16x16_16x16_8x32x1_8x32x1_1x32x1x8_8_2x1_intrawave_v3,timed,0,passed,0.0,,,,
4096,2048,7168,ck_3_split0,ck,3,0,a8w8_blockscale_bpreshuffle_1x128x128_256x16x256x128_8x16_16x16_16x16x1_8x32x1_1x16x1x16_8_1x2_intrawave_v1,timed,0,passed,0.0,,,,
4096,2048,7168,ck_4_split0,ck,4,0,a8w8_blockscale_bpreshuffle_1x128x128_256x16x128x128_8x16_16x16_16x16x1_8x32x1_1x16x1x16_8_1x2_intrawave_v1,timed,0,passed,0.0,,,,
4096,2048,7168,ck_5_split0,ck,5,0,a8w8_blockscale_bpreshuffle_1x128x128_256x16x64x128_8x16_16x16_16x16x1_8x32x1_1x16x1x16_4_1x1_intrawave_v1,timed,0,passed,0.0,,,,
4096,2048,7168,ck_6_split0,ck,6,0,a8w8_blockscale_bpreshuffle_1x128x128_256x16x128x256_16x16_16x16_16x16x1_16x16x1_1x16x1x16_8_1x2_intrawave_v1,timed,0,passed,0.0,,,,
4096,2048,7168,ck_7_split0,ck,7,0,a8w8_blockscale_bpreshuffle_1x128x128_256x16x64x256_16x16_16x16_16x16x1_16x16x1_1x16x1x16_4_1x1_intrawave_v1,timed,0,passed,0.0,,,,
4096,2048,7168,ck_8_split0,ck,8,0,a8w8_blockscale_bpreshuffle_1x128x128_256x32x256x128_16x16_16x16_8x32x1_8x32x1_1x32x1x8_8_2x1_intrawave_v1,timed,0,passed,0.0,,,,
4096,2048,7168,ck_9_split0,ck,9,0,a8w8_blockscale_bpreshuffle_1x128x128_256x32x128x128_16x16_16x16_8x32x1_8x32x1_1x32x1x8_8_2x1_intrawave_v1,timed,0,passed,0.0,,,,
4096,2048,7168,ck_10_split0,ck,10,0,a8w8_blockscale_bpreshuffle_1x128x128_256x32x64x128_16x16_16x16_8x32x1_8x32x1_1x32x1x8_8_2x1_intrawave_v1,timed,0,passed,0.0,,,,
4096,2048,7168,ck_11_split0,ck,11,0,a8w8_blockscale_bpreshuffle_1x128x128_256x32x128x256_16x16_16x16_16x16x1_16x16x1_1x32x1x8_8_2x1_intrawave_v1,timed,0,passed,0.0,,,,
4096,2048,7168,ck_12_split0,ck,12,0,a8w8_blockscale_bpreshuffle_1x128x128_256x32x64x256_16x16_16x16_16x16x1_16x16x1_1x32x1x8_8_2x1_intrawave_v1,timed,0,passed,0.0,,,,
4096,2048,7168,ck_13_split0,ck,13,0,a8w8_blockscale_bpreshuffle_1x128x128_256x64x256x128_16x16_16x16_8x32x1_8x32x1_1x32x1x8_8_2x1_intrawave_v1,timed,0,passed,0.0,,,,
4096,2048,7168,ck_14_split0,ck,14,0,a8w8_blockscale_bpreshuffle_1x128x128_256x64x128x128_16x16_16x16_8x32x1_8x32x1_1x32x1x8_8_2x1_intrawave_v1,timed,0,passed,0.0,,,,
4096,2048,7168,ck_15_split0,ck,15,0,a8w8_blockscale_bpreshuffle_1x128x128_256x64x64x128_16x16_16x16_8x32x1_8x32x1_1x32x1x8_8_2x1_intrawave_v1,timed,0,passed,0.0,,,,
4096,2048,7168,ck_16_split0,ck,16,0,a8w8_blockscale_bpreshuffle_1x128x128_256x64x128x256_16x16_16x16_16x16x1_16x16x1_1x32x1x8_8_2x1_intrawave_v1,timed,0,passed,0.0,,,,
4096,2048,7168,ck_17_split0,ck,17,0,a8w8_blockscale_bpreshuffle_1x128x128_256x64x64x256_16x16_16x16_16x16x1_16x16x1_1x32x1x8_8_2x1_intrawave_v1,timed,0,passed,0.0,,,,
4096,2048,7168,cktile_0_split0,cktile,0,0,a8w8_blockscale_cktile_16x128x256_1x4x1_16x16x128_intrawave_0x1x0_1,timed,0,passed,0.0,,,,
4096,2048,7168,cktile_1_split0,cktile,1,0,a8w8_blockscale_cktile_16x128x256_1x4x1_16x16x128_intrawave_0x1x0_2,timed,0,passed,0.0,,,,
4096,2048,7168,cktile_2_split0,cktile,2,0,a8w8_blockscale_cktile_16x128x256_1x4x1_16x16x64_intrawave_0x1x0_1,timed,0,passed,0.0,,,,
4096,2048,7168,cktile_3_split0,cktile,3,0,a8w8_blockscale_cktile_16x128x256_1x4x1_16x16x64_intrawave_0x1x0_2,timed,0,passed,0.0,,,,
4096,2048,7168,cktile_4_split0,cktile,4,0,a8w8_blockscale_cktile_32x128x128_1x4x1_16x16x128_intrawave_0x1x0_1,timed,0,passed,0.0,,,,
4096,2048,7168,cktile_5_split0,cktile,5,0,a8w8_blockscale_cktile_32x128x128_1x4x1_16x16x128_intrawave_0x1x0_2,timed,0,passed,0.0,,,,
4096,2048,7168,cktile_6_split0,cktile,6,0,a8w8_blockscale_cktile_32x128x128_1x4x1_16x16x64_intrawave_0x1x0_1,timed,0,passed,0.0,,,,
4096,2048,7168,cktile_7_split0,cktile,7,0,a8w8_blockscale_cktile_32x128x128_1x4x1_16x16x64_intrawave_0x1x0_2,timed,0,passed,0.0,,,,
4096,2048,7168,cktile_8_split0,cktile,8,0,a8w8_blockscale_cktile_128x128x128_1x4x1_16x16x128_intrawave_0x1x0_1,timed,0,passed,0.0,,,,
4096,2048,7168,cktile_9_split0,cktile,9,0,a8w8_blockscale_cktile_128x128x128_1x4x1_16x16x128_intrawave_0x1x0_1,timed,0,passed,0.0,,,,
4096,2048,7168,cktile_10_split0,cktile,10,0,a8w8_blockscale_cktile_128x128x128_2x2x1_16x16x128_intrawave_0x1x0_2,timed,0,passed,0.0,,,,
4096,2048,7168,cktile_11_split0,cktile,11,0,a8w8_blockscale_cktile_192x256x128_4x2x1_16x16x128_intrawave_0x1x0_1,timed,0,passed,0.0,,,,
4096,2048,7168,cktile_12_split0,cktile,12,0,a8w8_blockscale_cktile_192x256x128_4x2x1_16x16x128_intrawave_0x1x0_1_aqrm,timed,0,passed,0.0,,,,
4096,2048,7168,cktile_13_split0,cktile,13,0,a8w8_blockscale_cktile_16x128x256_1x4x1_16x16x128_intrawave_0x1x0_3,timed,0,passed,0.0,,,,
4096,2048,7168,cktile_14_split0,cktile,14,0,a8w8_blockscale_cktile_16x128x256_1x4x1_16x16x128_intrawave_0x1x0_4,timed,0,passed,0.0,,,,
4096,2048,7168,cktile_15_split0,cktile,15,0,a8w8_blockscale_cktile_16x128x256_1x4x1_16x16x64_intrawave_0x1x0_3,timed,0,passed,0.0,,,,
4096,2048,7168,cktile_16_split0,cktile,16,0,a8w8_blockscale_cktile_16x128x256_1x4x1_16x16x64_intrawave_0x1x0_4,timed,0,passed,0.0,,,,
4096,2048,7168,cktile_17_split0,cktile,17,0,a8w8_blockscale_cktile_32x128x128_1x4x1_16x16x128_intrawave_0x1x0_3,timed,0,passed,0.0,,,,
4096,2048,7168,cktile_18_split0,cktile,18,0,a8w8_blockscale_cktile_32x128x128_1x4x1_16x16x128_intrawave_0x1x0_4,timed,0,passed,0.0,,,,
4096,2048,7168,cktile_19_split0,cktile,19,0,a8w8_blockscale_cktile_32x128x128_1x4x1_16x16x64_intrawave_0x1x0_3,timed,0,passed,0.0,,,,
4096,2048,7168,cktile_20_split0,cktile,20,0,a8w8_blockscale_cktile_32x128x128_1x4x1_16x16x64_intrawave_0x1x0_4,timed,0,passed,0.0,,,,
4096,2048,7168,cktile_21_split0,cktile,21,0,a8w8_blockscale_cktile_128x128x128_1x4x1_16x16x128_intrawave_0x1x0_2,timed,0,passed,0.0,,,,
4096,2048,7168,cktile_22_split0,cktile,22,0,a8w8_blockscale_cktile_128x128x128_1x4x1_16x16x128_intrawave_0x1x0_3,timed,0,passed,0.0,,,,
4096,2048,7168,cktile_23_split0,cktile,23,0,a8w8_blockscale_cktile_128x128x128_1x4x1_16x16x128_intrawave_0x1x0_4,timed,0,passed,0.0,,,,
4096,2048,7168,cktile_24_split0,cktile,24,0,a8w8_blockscale_cktile_128x128x128_2x2x1_16x16x128_intrawave_0x1x0_1,timed,0,passed,0.0,,,,
4096,2048,7168,cktile_25_split0,cktile,25,0,a8w8_blockscale_cktile_128x128x128_2x2x1_16x16x128_intrawave_0x1x0_3,timed,0,passed,0.0,,,,
4096,2048,7168,cktile_26_split0,cktile,26,0,a8w8_blockscale_cktile_128x128x128_2x2x1_16x16x128_intrawave_0x1x0_4,timed,0,passed,0.0,,,,
4096,2048,7168,cktile_27_split0,cktile,27,0,a8w8_blockscale_cktile_192x256x128_4x2x1_16x16x128_intrawave_0x1x0_2,timed,0,passed,0.0,,,,
4096,2048,7168,cktile_28_split0,cktile,28,0,a8w8_blockscale_cktile_192x256x128_4x2x1_16x16x128_intrawave_0x1x0_3,timed,0,passed,0.0,,,,
4096,2048,7168,cktile_29_split0,cktile,29,0,a8w8_blockscale_cktile_192x256x128_4x2x1_16x16x128_intrawave_0x1x0_4,timed,0,passed,0.0,,,,
4096,2048,7168,cktile_30_split0,cktile,30,0,a8w8_blockscale_cktile_192x256x128_4x2x1_16x16x128_intrawave_0x1x0_2_aqrm,timed,0,passed,0.0,,,,
4096,2048,7168,cktile_31_split0,cktile,31,0,a8w8_blockscale_cktile_192x256x128_4x2x1_16x16x128_intrawave_0x1x0_3_aqrm,timed,0,passed,0.0,,,,
4096,2048,7168,cktile_32_split0,cktile,32,0,a8w8_blockscale_cktile_192x256x128_4x2x1_16x16x128_intrawave_0x1x0_4_aqrm,timed,0,passed,0.0,,,,
4096,2048,7168,opus_9000,opus,9000,0,opus_gemm_gfx950_a8w8_mxscale_gemm_bpreshuffle_256x256x256x128_2x2_16x16x128_1x128x128_tiles1_nooob,timed,0,passed,0.0,,,,
4096,2048,7168,opus_9010,opus,9010,0,opus_gemm_gfx950_a8w8_mxscale_gemm_bpreshuffle_256x128x128x128_2x2_16x16x128_1x128x128_tiles1_nooob,timed,0,passed,0.0,,,,
4096,2048,7168,opus_9011,opus,9011,0,opus_gemm_gfx950_a8w8_mxscale_gemm_bpreshuffle_256x64x128x128_2x2_16x16x128_1x128x128_tiles1_nooob,timed,0,passed,0.0,,,,
4096,2048,7168,opus_9012,opus,9012,0,opus_gemm_gfx950_a8w8_mxscale_gemm_bpreshuffle_256x64x64x128_2x2_16x16x128_1x128x128_tiles1_nooob,timed,0,passed,0.0,,,,
4096,2048,7168,opus_9020,opus,9020,0,opus_gemm_gfx950_a8w8_mxscale_gemm_bpreshuffle_256x256x256x128_2x2_16x16x128_1x128x128_tiles1,timed,0,passed,0.0,,,,
1088,6144,7168,ck_0_split0,ck,0,0,a8w8_blockscale_bpreshuffle_1x128x128_256x128x128x128_16x16_16x16_8x32x1_8x32x1_1x32x1x8_8_2x1_intrawave_v3,preflight,-1,passed,0.0,,,,
1088,6144,7168,ck_1_split0,ck,1,0,a8w8_blockscale_bpreshuffle_1x128x128_256x64x128x128_16x16_16x16_8x32x1_8x32x1_1x32x1x8_8_2x1_intrawave_v3,preflight,-1,passed,0.0,,,,
1088,6144,7168,ck_2_split0,ck,2,0,a8w8_blockscale_bpreshuffle_1x128x128_256x64x64x128_16x16_16x16_8x32x1_8x32x1_1x32x1x8_8_2x1_intrawave_v3,preflight,-1,passed,0.0,,,,
1088,6144,7168,ck_3_split0,ck,3,0,a8w8_blockscale_bpreshuffle_1x128x128_256x16x256x128_8x16_16x16_16x16x1_8x32x1_1x16x1x16_8_1x2_intrawave_v1,preflight,-1,passed,0.0,,,,
1088,6144,7168,ck_4_split0,ck,4,0,a8w8_blockscale_bpreshuffle_1x128x128_256x16x128x128_8x16_16x16_16x16x1_8x32x1_1x16x1x16_8_1x2_intrawave_v1,preflight,-1,passed,0.0,,,,
1088,6144,7168,ck_5_split0,ck,5,0,a8w8_blockscale_bpreshuffle_1x128x128_256x16x64x128_8x16_16x16_16x16x1_8x32x1_1x16x1x16_4_1x1_intrawave_v1,preflight,-1,passed,0.0,,,,
1088,6144,7168,ck_6_split0,ck,6,0,a8w8_blockscale_bpreshuffle_1x128x128_256x16x128x256_16x16_16x16_16x16x1_16x16x1_1x16x1x16_8_1x2_intrawave_v1,preflight,-1,passed,0.0,,,,
1088,6144,7168,ck_7_split0,ck,7,0,a8w8_blockscale_bpreshuffle_1x128x128_256x16x64x256_16x16_16x16_16x16x1_16x16x1_1x16x1x16_4_1x1_intrawave_v1,preflight,-1,passed,0.0,,,,
1088,6144,7168,ck_8_split0,ck,8,0,a8w8_blockscale_bpreshuffle_1x128x128_256x32x256x128_16x16_16x16_8x32x1_8x32x1_1x32x1x8_8_2x1_intrawave_v1,preflight,-1,passed,0.0,,,,
1088,6144,7168,ck_9_split0,ck,9,0,a8w8_blockscale_bpreshuffle_1x128x128_256x32x128x128_16x16_16x16_8x32x1_8x32x1_1x32x1x8_8_2x1_intrawave_v1,preflight,-1,passed,0.0,,,,
1088,6144,7168,ck_10_split0,ck,10,0,a8w8_blockscale_bpreshuffle_1x128x128_256x32x64x128_16x16_16x16_8x32x1_8x32x1_1x32x1x8_8_2x1_intrawave_v1,preflight,-1,passed,0.0,,,,
1088,6144,7168,ck_11_split0,ck,11,0,a8w8_blockscale_bpreshuffle_1x128x128_256x32x128x256_16x16_16x16_16x16x1_16x16x1_1x32x1x8_8_2x1_intrawave_v1,preflight,-1,passed,0.0,,,,
1088,6144,7168,ck_12_split0,ck,12,0,a8w8_blockscale_bpreshuffle_1x128x128_256x32x64x256_16x16_16x16_16x16x1_16x16x1_1x32x1x8_8_2x1_intrawave_v1,preflight,-1,passed,0.0,,,,
1088,6144,7168,ck_13_split0,ck,13,0,a8w8_blockscale_bpreshuffle_1x128x128_256x64x256x128_16x16_16x16_8x32x1_8x32x1_1x32x1x8_8_2x1_intrawave_v1,preflight,-1,passed,0.0,,,,
1088,6144,7168,ck_14_split0,ck,14,0,a8w8_blockscale_bpreshuffle_1x128x128_256x64x128x128_16x16_16x16_8x32x1_8x32x1_1x32x1x8_8_2x1_intrawave_v1,preflight,-1,passed,0.0,,,,
1088,6144,7168,ck_15_split0,ck,15,0,a8w8_blockscale_bpreshuffle_1x128x128_256x64x64x128_16x16_16x16_8x32x1_8x32x1_1x32x1x8_8_2x1_intrawave_v1,preflight,-1,passed,0.0,,,,
1088,6144,7168,ck_16_split0,ck,16,0,a8w8_blockscale_bpreshuffle_1x128x128_256x64x128x256_16x16_16x16_16x16x1_16x16x1_1x32x1x8_8_2x1_intrawave_v1,preflight,-1,passed,0.0,,,,
1088,6144,7168,ck_17_split0,ck,17,0,a8w8_blockscale_bpreshuffle_1x128x128_256x64x64x256_16x16_16x16_16x16x1_16x16x1_1x32x1x8_8_2x1_intrawave_v1,preflight,-1,passed,0.0,,,,
1088,6144,7168,cktile_0_split0,cktile,0,0,a8w8_blockscale_cktile_16x128x256_1x4x1_16x16x128_intrawave_0x1x0_1,preflight,-1,passed,0.0,,,,
1088,6144,7168,cktile_1_split0,cktile,1,0,a8w8_blockscale_cktile_16x128x256_1x4x1_16x16x128_intrawave_0x1x0_2,preflight,-1,passed,0.0,,,,
1088,6144,7168,cktile_2_split0,cktile,2,0,a8w8_blockscale_cktile_16x128x256_1x4x1_16x16x64_intrawave_0x1x0_1,preflight,-1,passed,0.0,,,,
1088,6144,7168,cktile_3_split0,cktile,3,0,a8w8_blockscale_cktile_16x128x256_1x4x1_16x16x64_intrawave_0x1x0_2,preflight,-1,passed,0.0,,,,
1088,6144,7168,cktile_4_split0,cktile,4,0,a8w8_blockscale_cktile_32x128x128_1x4x1_16x16x128_intrawave_0x1x0_1,preflight,-1,passed,0.0,,,,
1088,6144,7168,cktile_5_split0,cktile,5,0,a8w8_blockscale_cktile_32x128x128_1x4x1_16x16x128_intrawave_0x1x0_2,preflight,-1,passed,0.0,,,,
1088,6144,7168,cktile_6_split0,cktile,6,0,a8w8_blockscale_cktile_32x128x128_1x4x1_16x16x64_intrawave_0x1x0_1,preflight,-1,passed,0.0,,,,
1088,6144,7168,cktile_7_split0,cktile,7,0,a8w8_blockscale_cktile_32x128x128_1x4x1_16x16x64_intrawave_0x1x0_2,preflight,-1,passed,0.0,,,,
1088,6144,7168,cktile_8_split0,cktile,8,0,a8w8_blockscale_cktile_128x128x128_1x4x1_16x16x128_intrawave_0x1x0_1,preflight,-1,passed,0.0,,,,
1088,6144,7168,cktile_9_split0,cktile,9,0,a8w8_blockscale_cktile_128x128x128_1x4x1_16x16x128_intrawave_0x1x0_1,preflight,-1,passed,0.0,,,,
1088,6144,7168,cktile_10_split0,cktile,10,0,a8w8_blockscale_cktile_128x128x128_2x2x1_16x16x128_intrawave_0x1x0_2,preflight,-1,passed,0.0,,,,
1088,6144,7168,cktile_11_split0,cktile,11,0,a8w8_blockscale_cktile_192x256x128_4x2x1_16x16x128_intrawave_0x1x0_1,preflight,-1,passed,0.0,,,,
1088,6144,7168,cktile_12_split0,cktile,12,0,a8w8_blockscale_cktile_192x256x128_4x2x1_16x16x128_intrawave_0x1x0_1_aqrm,preflight,-1,passed,0.0,,,,
1088,6144,7168,cktile_13_split0,cktile,13,0,a8w8_blockscale_cktile_16x128x256_1x4x1_16x16x128_intrawave_0x1x0_3,preflight,-1,passed,0.0,,,,
1088,6144,7168,cktile_14_split0,cktile,14,0,a8w8_blockscale_cktile_16x128x256_1x4x1_16x16x128_intrawave_0x1x0_4,preflight,-1,passed,0.0,,,,
1088,6144,7168,cktile_15_split0,cktile,15,0,a8w8_blockscale_cktile_16x128x256_1x4x1_16x16x64_intrawave_0x1x0_3,preflight,-1,passed,0.0,,,,
1088,6144,7168,cktile_16_split0,cktile,16,0,a8w8_blockscale_cktile_16x128x256_1x4x1_16x16x64_intrawave_0x1x0_4,preflight,-1,passed,0.0,,,,
1088,6144,7168,cktile_17_split0,cktile,17,0,a8w8_blockscale_cktile_32x128x128_1x4x1_16x16x128_intrawave_0x1x0_3,preflight,-1,passed,0.0,,,,
1088,6144,7168,cktile_18_split0,cktile,18,0,a8w8_blockscale_cktile_32x128x128_1x4x1_16x16x128_intrawave_0x1x0_4,preflight,-1,passed,0.0,,,,
1088,6144,7168,cktile_19_split0,cktile,19,0,a8w8_blockscale_cktile_32x128x128_1x4x1_16x16x64_intrawave_0x1x0_3,preflight,-1,passed,0.0,,,,
1088,6144,7168,cktile_20_split0,cktile,20,0,a8w8_blockscale_cktile_32x128x128_1x4x1_16x16x64_intrawave_0x1x0_4,preflight,-1,passed,0.0,,,,
1088,6144,7168,cktile_21_split0,cktile,21,0,a8w8_blockscale_cktile_128x128x128_1x4x1_16x16x128_intrawave_0x1x0_2,preflight,-1,passed,0.0,,,,
1088,6144,7168,cktile_22_split0,cktile,22,0,a8w8_blockscale_cktile_128x128x128_1x4x1_16x16x128_intrawave_0x1x0_3,preflight,-1,passed,0.0,,,,
1088,6144,7168,cktile_23_split0,cktile,23,0,a8w8_blockscale_cktile_128x128x128_1x4x1_16x16x128_intrawave_0x1x0_4,preflight,-1,passed,0.0,,,,
1088,6144,7168,cktile_24_split0,cktile,24,0,a8w8_blockscale_cktile_128x128x128_2x2x1_16x16x128_intrawave_0x1x0_1,preflight,-1,passed,0.0,,,,
1088,6144,7168,cktile_25_split0,cktile,25,0,a8w8_blockscale_cktile_128x128x128_2x2x1_16x16x128_intrawave_0x1x0_3,preflight,-1,passed,0.0,,,,
1088,6144,7168,cktile_26_split0,cktile,26,0,a8w8_blockscale_cktile_128x128x128_2x2x1_16x16x128_intrawave_0x1x0_4,preflight,-1,passed,0.0,,,,
1088,6144,7168,cktile_27_split0,cktile,27,0,a8w8_blockscale_cktile_192x256x128_4x2x1_16x16x128_intrawave_0x1x0_2,preflight,-1,passed,0.0,,,,
1088,6144,7168,cktile_28_split0,cktile,28,0,a8w8_blockscale_cktile_192x256x128_4x2x1_16x16x128_intrawave_0x1x0_3,preflight,-1,passed,0.0,,,,
1088,6144,7168,cktile_29_split0,cktile,29,0,a8w8_blockscale_cktile_192x256x128_4x2x1_16x16x128_intrawave_0x1x0_4,preflight,-1,passed,0.0,,,,
1088,6144,7168,cktile_30_split0,cktile,30,0,a8w8_blockscale_cktile_192x256x128_4x2x1_16x16x128_intrawave_0x1x0_2_aqrm,preflight,-1,passed,0.0,,,,
1088,6144,7168,cktile_31_split0,cktile,31,0,a8w8_blockscale_cktile_192x256x128_4x2x1_16x16x128_intrawave_0x1x0_3_aqrm,preflight,-1,passed,0.0,,,,
1088,6144,7168,cktile_32_split0,cktile,32,0,a8w8_blockscale_cktile_192x256x128_4x2x1_16x16x128_intrawave_0x1x0_4_aqrm,preflight,-1,passed,0.0,,,,
1088,6144,7168,asm_0_split1,asm,0,1,_ZN5aiter42fp8gemm_bf16_blockscale_BpreShuffle_32x128E,preflight,-1,failed,0.1703,outside original FP32 accumulation bounds,0,1138022,14.95166015625
1088,6144,7168,asm_1_split2,asm,1,2,_ZN5aiter42fp8gemm_bf16_blockscale_BpreShuffle_32x128E,preflight,-1,failed,0.2594,outside original FP32 accumulation bounds,0,1733344,14.95166015625
1088,6144,7168,asm_2_split3,asm,2,3,_ZN5aiter42fp8gemm_bf16_blockscale_BpreShuffle_32x128E,preflight,-1,failed,0.3073,outside original FP32 accumulation bounds,0,2053872,15.3720703125
1088,6144,7168,asm_3_split4,asm,3,4,_ZN5aiter42fp8gemm_bf16_blockscale_BpreShuffle_32x128E,preflight,-1,failed,0.3383,outside original FP32 accumulation bounds,0,2261197,17.767822265625
1088,6144,7168,asm_4_split5,asm,4,5,_ZN5aiter42fp8gemm_bf16_blockscale_BpreShuffle_32x128E,preflight,-1,failed,0.3606,outside original FP32 accumulation bounds,0,2410279,18.318603515625
1088,6144,7168,asm_5_split6,asm,5,6,_ZN5aiter42fp8gemm_bf16_blockscale_BpreShuffle_32x128E,preflight,-1,failed,0.3796,outside original FP32 accumulation bounds,0,2537024,22.6097412109375
1088,6144,7168,asm_6_split7,asm,6,7,_ZN5aiter42fp8gemm_bf16_blockscale_BpreShuffle_32x128E,preflight,-1,failed,0.3988,outside original FP32 accumulation bounds,0,2665590,19.1925048828125
1088,6144,7168,asm_7_split8,asm,7,8,_ZN5aiter42fp8gemm_bf16_blockscale_BpreShuffle_32x128E,preflight,-1,failed,0.4131,outside original FP32 accumulation bounds,0,2760807,19.7802734375
1088,6144,7168,asm_8_split1,asm,8,1,_ZN5aiter42fp8gemm_bf16_blockscale_BpreShuffle_48x128E,preflight,-1,failed,0.1703,outside original FP32 accumulation bounds,0,1138022,14.95166015625
1088,6144,7168,asm_9_split2,asm,9,2,_ZN5aiter42fp8gemm_bf16_blockscale_BpreShuffle_48x128E,preflight,-1,failed,0.2594,outside original FP32 accumulation bounds,0,1733344,14.95166015625
1088,6144,7168,asm_10_split3,asm,10,3,_ZN5aiter42fp8gemm_bf16_blockscale_BpreShuffle_48x128E,preflight,-1,failed,0.3073,outside original FP32 accumulation bounds,0,2053920,15.3720703125
1088,6144,7168,asm_11_split4,asm,11,4,_ZN5aiter42fp8gemm_bf16_blockscale_BpreShuffle_48x128E,preflight,-1,failed,0.3389,outside original FP32 accumulation bounds,0,2265093,17.0277099609375
1088,6144,7168,asm_12_split5,asm,12,5,_ZN5aiter42fp8gemm_bf16_blockscale_BpreShuffle_48x128E,preflight,-1,failed,0.3605,outside original FP32 accumulation bounds,0,2409479,16.294921875
1088,6144,7168,asm_13_split6,asm,13,6,_ZN5aiter42fp8gemm_bf16_blockscale_BpreShuffle_48x128E,preflight,-1,failed,0.3793,outside original FP32 accumulation bounds,0,2534977,18.318603515625
1088,6144,7168,asm_14_split7,asm,14,7,_ZN5aiter42fp8gemm_bf16_blockscale_BpreShuffle_48x128E,preflight,-1,failed,0.3982,outside original FP32 accumulation bounds,0,2661202,18.344482421875
1088,6144,7168,asm_15_split8,asm,15,8,_ZN5aiter42fp8gemm_bf16_blockscale_BpreShuffle_48x128E,preflight,-1,failed,0.4142,outside original FP32 accumulation bounds,0,2768188,20.324951171875
1088,6144,7168,asm_16_split1,asm,16,1,_ZN5aiter42fp8gemm_bf16_blockscale_BpreShuffle_64x128E,preflight,-1,failed,0.1703,outside original FP32 accumulation bounds,0,1138022,14.95166015625
1088,6144,7168,asm_17_split2,asm,17,2,_ZN5aiter42fp8gemm_bf16_blockscale_BpreShuffle_64x128E,preflight,-1,failed,0.2594,outside original FP32 accumulation bounds,0,1733344,14.95166015625
1088,6144,7168,asm_18_split3,asm,18,3,_ZN5aiter42fp8gemm_bf16_blockscale_BpreShuffle_64x128E,preflight,-1,failed,0.307,outside original FP32 accumulation bounds,0,2051793,15.3720703125
1088,6144,7168,asm_19_split4,asm,19,4,_ZN5aiter42fp8gemm_bf16_blockscale_BpreShuffle_64x128E,preflight,-1,failed,0.3381,outside original FP32 accumulation bounds,0,2259917,15.7308349609375
1088,6144,7168,asm_20_split5,asm,20,5,_ZN5aiter42fp8gemm_bf16_blockscale_BpreShuffle_64x128E,preflight,-1,failed,0.3605,outside original FP32 accumulation bounds,0,2409301,17.72119140625
1088,6144,7168,asm_21_split6,asm,21,6,_ZN5aiter42fp8gemm_bf16_blockscale_BpreShuffle_64x128E,preflight,-1,failed,0.3792,outside original FP32 accumulation bounds,0,2534168,22.6097412109375
1088,6144,7168,asm_22_split7,asm,22,7,_ZN5aiter42fp8gemm_bf16_blockscale_BpreShuffle_64x128E,preflight,-1,failed,0.3983,outside original FP32 accumulation bounds,0,2662346,17.677490234375
1088,6144,7168,asm_23_split8,asm,23,8,_ZN5aiter42fp8gemm_bf16_blockscale_BpreShuffle_64x128E,preflight,-1,failed,0.4145,outside original FP32 accumulation bounds,0,2770250,20.741455078125
1088,6144,7168,asm_24_split1,asm,24,1,_ZN5aiter42fp8gemm_bf16_blockscale_BpreShuffle_80x128E,preflight,-1,failed,0.1703,outside original FP32 accumulation bounds,0,1138022,14.95166015625
1088,6144,7168,asm_25_split2,asm,25,2,_ZN5aiter42fp8gemm_bf16_blockscale_BpreShuffle_80x128E,preflight,-1,failed,0.2594,outside original FP32 accumulation bounds,0,1733344,14.95166015625
1088,6144,7168,asm_26_split3,asm,26,3,_ZN5aiter42fp8gemm_bf16_blockscale_BpreShuffle_80x128E,preflight,-1,failed,0.307,outside original FP32 accumulation bounds,0,2051714,15.3720703125
1088,6144,7168,asm_27_split4,asm,27,4,_ZN5aiter42fp8gemm_bf16_blockscale_BpreShuffle_80x128E,preflight,-1,failed,0.3385,outside original FP32 accumulation bounds,0,2262476,15.7598876953125
1088,6144,7168,asm_28_split5,asm,28,5,_ZN5aiter42fp8gemm_bf16_blockscale_BpreShuffle_80x128E,preflight,-1,failed,0.3609,outside original FP32 accumulation bounds,0,2412272,19.0875244140625
1088,6144,7168,asm_29_split6,asm,29,6,_ZN5aiter42fp8gemm_bf16_blockscale_BpreShuffle_80x128E,preflight,-1,failed,0.3793,outside original FP32 accumulation bounds,0,2534999,22.6097412109375
1088,6144,7168,asm_30_split7,asm,30,7,_ZN5aiter42fp8gemm_bf16_blockscale_BpreShuffle_80x128E,preflight,-1,failed,0.3984,outside original FP32 accumulation bounds,0,2662597,22.4034423828125
1088,6144,7168,asm_31_split8,asm,31,8,_ZN5aiter42fp8gemm_bf16_blockscale_BpreShuffle_80x128E,preflight,-1,failed,0.414,outside original FP32 accumulation bounds,0,2766830,19.8031005859375
1088,6144,7168,asm_32_split1,asm,32,1,_ZN5aiter42fp8gemm_bf16_blockscale_BpreShuffle_96x128E,preflight,-1,failed,0.1703,outside original FP32 accumulation bounds,0,1138022,14.95166015625
1088,6144,7168,asm_33_split2,asm,33,2,_ZN5aiter42fp8gemm_bf16_blockscale_BpreShuffle_96x128E,preflight,-1,failed,0.2594,outside original FP32 accumulation bounds,0,1733344,14.95166015625
1088,6144,7168,asm_34_split3,asm,34,3,_ZN5aiter42fp8gemm_bf16_blockscale_BpreShuffle_96x128E,preflight,-1,failed,0.3071,outside original FP32 accumulation bounds,0,2052289,15.3720703125
1088,6144,7168,asm_35_split4,asm,35,4,_ZN5aiter42fp8gemm_bf16_blockscale_BpreShuffle_96x128E,preflight,-1,failed,0.3385,outside original FP32 accumulation bounds,0,2262730,16.14306640625
1088,6144,7168,asm_36_split5,asm,36,5,_ZN5aiter42fp8gemm_bf16_blockscale_BpreShuffle_96x128E,preflight,-1,failed,0.3601,outside original FP32 accumulation bounds,0,2406742,16.294921875
1088,6144,7168,asm_37_split6,asm,37,6,_ZN5aiter42fp8gemm_bf16_blockscale_BpreShuffle_96x128E,preflight,-1,failed,0.3793,outside original FP32 accumulation bounds,0,2535480,22.6097412109375
1088,6144,7168,asm_38_split7,asm,38,7,_ZN5aiter42fp8gemm_bf16_blockscale_BpreShuffle_96x128E,preflight,-1,failed,0.3979,outside original FP32 accumulation bounds,0,2659797,17.91064453125
1088,6144,7168,asm_39_split8,asm,39,8,_ZN5aiter42fp8gemm_bf16_blockscale_BpreShuffle_96x128E,preflight,-1,failed,0.4126,outside original FP32 accumulation bounds,0,2757848,19.2181396484375
1088,6144,7168,asm_40_split1,asm,40,1,_ZN5aiter43fp8gemm_bf16_blockscale_BpreShuffle_128x128E,preflight,-1,failed,0.1703,outside original FP32 accumulation bounds,0,1138022,14.95166015625
1088,6144,7168,asm_41_split2,asm,41,2,_ZN5aiter43fp8gemm_bf16_blockscale_BpreShuffle_128x128E,preflight,-1,failed,0.2594,outside original FP32 accumulation bounds,0,1733344,14.95166015625
1088,6144,7168,asm_42_split3,asm,42,3,_ZN5aiter43fp8gemm_bf16_blockscale_BpreShuffle_128x128E,preflight,-1,failed,0.307,outside original FP32 accumulation bounds,0,2051880,15.3720703125
1088,6144,7168,asm_43_split4,asm,43,4,_ZN5aiter43fp8gemm_bf16_blockscale_BpreShuffle_128x128E,preflight,-1,failed,0.3387,outside original FP32 accumulation bounds,0,2264037,14.7049560546875
1088,6144,7168,asm_44_split5,asm,44,5,_ZN5aiter43fp8gemm_bf16_blockscale_BpreShuffle_128x128E,preflight,-1,failed,0.3604,outside original FP32 accumulation bounds,0,2409140,18.3426513671875
1088,6144,7168,asm_45_split6,asm,45,6,_ZN5aiter43fp8gemm_bf16_blockscale_BpreShuffle_128x128E,preflight,-1,failed,0.3794,outside original FP32 accumulation bounds,0,2535566,22.6097412109375
1088,6144,7168,asm_46_split7,asm,46,7,_ZN5aiter43fp8gemm_bf16_blockscale_BpreShuffle_128x128E,preflight,-1,failed,0.3977,outside original FP32 accumulation bounds,0,2658061,17.677490234375
1088,6144,7168,asm_47_split8,asm,47,8,_ZN5aiter43fp8gemm_bf16_blockscale_BpreShuffle_128x128E,preflight,-1,failed,0.4141,outside original FP32 accumulation bounds,0,2768106,19.24658203125
1088,6144,7168,opus_9011,opus,9011,0,opus_gemm_gfx950_a8w8_mxscale_gemm_bpreshuffle_256x64x128x128_2x2_16x16x128_1x128x128_tiles1_nooob,preflight,-1,passed,0.0,,,,
1088,6144,7168,opus_9012,opus,9012,0,opus_gemm_gfx950_a8w8_mxscale_gemm_bpreshuffle_256x64x64x128_2x2_16x16x128_1x128x128_tiles1_nooob,preflight,-1,passed,0.0,,,,
1088,6144,7168,opus_9020,opus,9020,0,opus_gemm_gfx950_a8w8_mxscale_gemm_bpreshuffle_256x256x256x128_2x2_16x16x128_1x128x128_tiles1,preflight,-1,passed,0.0,,,,
1088,6144,7168,ck_1_split0,ck,1,0,a8w8_blockscale_bpreshuffle_1x128x128_256x64x128x128_16x16_16x16_8x32x1_8x32x1_1x32x1x8_8_2x1_intrawave_v3,timed,0,passed,0.0,,,,
1088,6144,7168,ck_2_split0,ck,2,0,a8w8_blockscale_bpreshuffle_1x128x128_256x64x64x128_16x16_16x16_8x32x1_8x32x1_1x32x1x8_8_2x1_intrawave_v3,timed,0,passed,0.0,,,,
1088,6144,7168,ck_3_split0,ck,3,0,a8w8_blockscale_bpreshuffle_1x128x128_256x16x256x128_8x16_16x16_16x16x1_8x32x1_1x16x1x16_8_1x2_intrawave_v1,timed,0,passed,0.0,,,,
1088,6144,7168,ck_4_split0,ck,4,0,a8w8_blockscale_bpreshuffle_1x128x128_256x16x128x128_8x16_16x16_16x16x1_8x32x1_1x16x1x16_8_1x2_intrawave_v1,timed,0,passed,0.0,,,,
1088,6144,7168,ck_5_split0,ck,5,0,a8w8_blockscale_bpreshuffle_1x128x128_256x16x64x128_8x16_16x16_16x16x1_8x32x1_1x16x1x16_4_1x1_intrawave_v1,timed,0,passed,0.0,,,,
1088,6144,7168,ck_6_split0,ck,6,0,a8w8_blockscale_bpreshuffle_1x128x128_256x16x128x256_16x16_16x16_16x16x1_16x16x1_1x16x1x16_8_1x2_intrawave_v1,timed,0,passed,0.0,,,,
1088,6144,7168,ck_7_split0,ck,7,0,a8w8_blockscale_bpreshuffle_1x128x128_256x16x64x256_16x16_16x16_16x16x1_16x16x1_1x16x1x16_4_1x1_intrawave_v1,timed,0,passed,0.0,,,,
1088,6144,7168,ck_8_split0,ck,8,0,a8w8_blockscale_bpreshuffle_1x128x128_256x32x256x128_16x16_16x16_8x32x1_8x32x1_1x32x1x8_8_2x1_intrawave_v1,timed,0,passed,0.0,,,,
1088,6144,7168,ck_9_split0,ck,9,0,a8w8_blockscale_bpreshuffle_1x128x128_256x32x128x128_16x16_16x16_8x32x1_8x32x1_1x32x1x8_8_2x1_intrawave_v1,timed,0,passed,0.0,,,,
1088,6144,7168,ck_10_split0,ck,10,0,a8w8_blockscale_bpreshuffle_1x128x128_256x32x64x128_16x16_16x16_8x32x1_8x32x1_1x32x1x8_8_2x1_intrawave_v1,timed,0,passed,0.0,,,,
1088,6144,7168,ck_11_split0,ck,11,0,a8w8_blockscale_bpreshuffle_1x128x128_256x32x128x256_16x16_16x16_16x16x1_16x16x1_1x32x1x8_8_2x1_intrawave_v1,timed,0,passed,0.0,,,,
1088,6144,7168,ck_12_split0,ck,12,0,a8w8_blockscale_bpreshuffle_1x128x128_256x32x64x256_16x16_16x16_16x16x1_16x16x1_1x32x1x8_8_2x1_intrawave_v1,timed,0,passed,0.0,,,,
1088,6144,7168,ck_13_split0,ck,13,0,a8w8_blockscale_bpreshuffle_1x128x128_256x64x256x128_16x16_16x16_8x32x1_8x32x1_1x32x1x8_8_2x1_intrawave_v1,timed,0,passed,0.0,,,,
1088,6144,7168,ck_14_split0,ck,14,0,a8w8_blockscale_bpreshuffle_1x128x128_256x64x128x128_16x16_16x16_8x32x1_8x32x1_1x32x1x8_8_2x1_intrawave_v1,timed,0,passed,0.0,,,,
1088,6144,7168,ck_15_split0,ck,15,0,a8w8_blockscale_bpreshuffle_1x128x128_256x64x64x128_16x16_16x16_8x32x1_8x32x1_1x32x1x8_8_2x1_intrawave_v1,timed,0,passed,0.0,,,,
1088,6144,7168,ck_16_split0,ck,16,0,a8w8_blockscale_bpreshuffle_1x128x128_256x64x128x256_16x16_16x16_16x16x1_16x16x1_1x32x1x8_8_2x1_intrawave_v1,timed,0,passed,0.0,,,,
1088,6144,7168,ck_17_split0,ck,17,0,a8w8_blockscale_bpreshuffle_1x128x128_256x64x64x256_16x16_16x16_16x16x1_16x16x1_1x32x1x8_8_2x1_intrawave_v1,timed,0,passed,0.0,,,,
1088,6144,7168,cktile_0_split0,cktile,0,0,a8w8_blockscale_cktile_16x128x256_1x4x1_16x16x128_intrawave_0x1x0_1,timed,0,passed,0.0,,,,
1088,6144,7168,cktile_1_split0,cktile,1,0,a8w8_blockscale_cktile_16x128x256_1x4x1_16x16x128_intrawave_0x1x0_2,timed,0,passed,0.0,,,,
1088,6144,7168,cktile_2_split0,cktile,2,0,a8w8_blockscale_cktile_16x128x256_1x4x1_16x16x64_intrawave_0x1x0_1,timed,0,passed,0.0,,,,
1088,6144,7168,cktile_3_split0,cktile,3,0,a8w8_blockscale_cktile_16x128x256_1x4x1_16x16x64_intrawave_0x1x0_2,timed,0,passed,0.0,,,,
1088,6144,7168,cktile_4_split0,cktile,4,0,a8w8_blockscale_cktile_32x128x128_1x4x1_16x16x128_intrawave_0x1x0_1,timed,0,passed,0.0,,,,
1088,6144,7168,cktile_5_split0,cktile,5,0,a8w8_blockscale_cktile_32x128x128_1x4x1_16x16x128_intrawave_0x1x0_2,timed,0,passed,0.0,,,,
1088,6144,7168,cktile_6_split0,cktile,6,0,a8w8_blockscale_cktile_32x128x128_1x4x1_16x16x64_intrawave_0x1x0_1,timed,0,passed,0.0,,,,
1088,6144,7168,cktile_7_split0,cktile,7,0,a8w8_blockscale_cktile_32x128x128_1x4x1_16x16x64_intrawave_0x1x0_2,timed,0,passed,0.0,,,,
1088,6144,7168,cktile_8_split0,cktile,8,0,a8w8_blockscale_cktile_128x128x128_1x4x1_16x16x128_intrawave_0x1x0_1,timed,0,passed,0.0,,,,
1088,6144,7168,cktile_9_split0,cktile,9,0,a8w8_blockscale_cktile_128x128x128_1x4x1_16x16x128_intrawave_0x1x0_1,timed,0,passed,0.0,,,,
1088,6144,7168,cktile_10_split0,cktile,10,0,a8w8_blockscale_cktile_128x128x128_2x2x1_16x16x128_intrawave_0x1x0_2,timed,0,passed,0.0,,,,
1088,6144,7168,cktile_11_split0,cktile,11,0,a8w8_blockscale_cktile_192x256x128_4x2x1_16x16x128_intrawave_0x1x0_1,timed,0,passed,0.0,,,,
1088,6144,7168,cktile_12_split0,cktile,12,0,a8w8_blockscale_cktile_192x256x128_4x2x1_16x16x128_intrawave_0x1x0_1_aqrm,timed,0,passed,0.0,,,,
1088,6144,7168,cktile_13_split0,cktile,13,0,a8w8_blockscale_cktile_16x128x256_1x4x1_16x16x128_intrawave_0x1x0_3,timed,0,passed,0.0,,,,
1088,6144,7168,cktile_14_split0,cktile,14,0,a8w8_blockscale_cktile_16x128x256_1x4x1_16x16x128_intrawave_0x1x0_4,timed,0,passed,0.0,,,,
1088,6144,7168,cktile_15_split0,cktile,15,0,a8w8_blockscale_cktile_16x128x256_1x4x1_16x16x64_intrawave_0x1x0_3,timed,0,passed,0.0,,,,
1088,6144,7168,cktile_16_split0,cktile,16,0,a8w8_blockscale_cktile_16x128x256_1x4x1_16x16x64_intrawave_0x1x0_4,timed,0,passed,0.0,,,,
1088,6144,7168,cktile_17_split0,cktile,17,0,a8w8_blockscale_cktile_32x128x128_1x4x1_16x16x128_intrawave_0x1x0_3,timed,0,passed,0.0,,,,
1088,6144,7168,cktile_18_split0,cktile,18,0,a8w8_blockscale_cktile_32x128x128_1x4x1_16x16x128_intrawave_0x1x0_4,timed,0,passed,0.0,,,,
1088,6144,7168,cktile_19_split0,cktile,19,0,a8w8_blockscale_cktile_32x128x128_1x4x1_16x16x64_intrawave_0x1x0_3,timed,0,passed,0.0,,,,
1088,6144,7168,cktile_20_split0,cktile,20,0,a8w8_blockscale_cktile_32x128x128_1x4x1_16x16x64_intrawave_0x1x0_4,timed,0,passed,0.0,,,,
1088,6144,7168,cktile_21_split0,cktile,21,0,a8w8_blockscale_cktile_128x128x128_1x4x1_16x16x128_intrawave_0x1x0_2,timed,0,passed,0.0,,,,
1088,6144,7168,cktile_22_split0,cktile,22,0,a8w8_blockscale_cktile_128x128x128_1x4x1_16x16x128_intrawave_0x1x0_3,timed,0,passed,0.0,,,,
1088,6144,7168,cktile_23_split0,cktile,23,0,a8w8_blockscale_cktile_128x128x128_1x4x1_16x16x128_intrawave_0x1x0_4,timed,0,passed,0.0,,,,
1088,6144,7168,cktile_24_split0,cktile,24,0,a8w8_blockscale_cktile_128x128x128_2x2x1_16x16x128_intrawave_0x1x0_1,timed,0,passed,0.0,,,,
1088,6144,7168,cktile_25_split0,cktile,25,0,a8w8_blockscale_cktile_128x128x128_2x2x1_16x16x128_intrawave_0x1x0_3,timed,0,passed,0.0,,,,
1088,6144,7168,cktile_26_split0,cktile,26,0,a8w8_blockscale_cktile_128x128x128_2x2x1_16x16x128_intrawave_0x1x0_4,timed,0,passed,0.0,,,,
1088,6144,7168,cktile_27_split0,cktile,27,0,a8w8_blockscale_cktile_192x256x128_4x2x1_16x16x128_intrawave_0x1x0_2,timed,0,passed,0.0,,,,
1088,6144,7168,cktile_28_split0,cktile,28,0,a8w8_blockscale_cktile_192x256x128_4x2x1_16x16x128_intrawave_0x1x0_3,timed,0,passed,0.0,,,,
1088,6144,7168,cktile_29_split0,cktile,29,0,a8w8_blockscale_cktile_192x256x128_4x2x1_16x16x128_intrawave_0x1x0_4,timed,0,passed,0.0,,,,
1088,6144,7168,cktile_30_split0,cktile,30,0,a8w8_blockscale_cktile_192x256x128_4x2x1_16x16x128_intrawave_0x1x0_2_aqrm,timed,0,passed,0.0,,,,
1088,6144,7168,cktile_31_split0,cktile,31,0,a8w8_blockscale_cktile_192x256x128_4x2x1_16x16x128_intrawave_0x1x0_3_aqrm,timed,0,passed,0.0,,,,
1088,6144,7168,cktile_32_split0,cktile,32,0,a8w8_blockscale_cktile_192x256x128_4x2x1_16x16x128_intrawave_0x1x0_4_aqrm,timed,0,passed,0.0,,,,
1088,6144,7168,opus_9011,opus,9011,0,opus_gemm_gfx950_a8w8_mxscale_gemm_bpreshuffle_256x64x128x128_2x2_16x16x128_1x128x128_tiles1_nooob,timed,0,passed,0.0,,,,
1088,6144,7168,opus_9012,opus,9012,0,opus_gemm_gfx950_a8w8_mxscale_gemm_bpreshuffle_256x64x64x128_2x2_16x16x128_1x128x128_tiles1_nooob,timed,0,passed,0.0,,,,
1088,6144,7168,opus_9020,opus,9020,0,opus_gemm_gfx950_a8w8_mxscale_gemm_bpreshuffle_256x256x256x128_2x2_16x16x128_1x128x128_tiles1,timed,0,passed,0.0,,,,
1088,6144,7168,ck_0_split0,ck,0,0,a8w8_blockscale_bpreshuffle_1x128x128_256x128x128x128_16x16_16x16_8x32x1_8x32x1_1x32x1x8_8_2x1_intrawave_v3,timed,0,passed,0.0,,,,
1536,7168,384,ck_0_split0,ck,0,0,a8w8_blockscale_bpreshuffle_1x128x128_256x128x128x128_16x16_16x16_8x32x1_8x32x1_1x32x1x8_8_2x1_intrawave_v3,preflight,-1,passed,0.0,,,,
1536,7168,384,ck_1_split0,ck,1,0,a8w8_blockscale_bpreshuffle_1x128x128_256x64x128x128_16x16_16x16_8x32x1_8x32x1_1x32x1x8_8_2x1_intrawave_v3,preflight,-1,passed,0.0,,,,
1536,7168,384,ck_2_split0,ck,2,0,a8w8_blockscale_bpreshuffle_1x128x128_256x64x64x128_16x16_16x16_8x32x1_8x32x1_1x32x1x8_8_2x1_intrawave_v3,preflight,-1,passed,0.0,,,,
1536,7168,384,ck_3_split0,ck,3,0,a8w8_blockscale_bpreshuffle_1x128x128_256x16x256x128_8x16_16x16_16x16x1_8x32x1_1x16x1x16_8_1x2_intrawave_v1,preflight,-1,passed,0.0,,,,
1536,7168,384,ck_4_split0,ck,4,0,a8w8_blockscale_bpreshuffle_1x128x128_256x16x128x128_8x16_16x16_16x16x1_8x32x1_1x16x1x16_8_1x2_intrawave_v1,preflight,-1,passed,0.0,,,,
1536,7168,384,ck_5_split0,ck,5,0,a8w8_blockscale_bpreshuffle_1x128x128_256x16x64x128_8x16_16x16_16x16x1_8x32x1_1x16x1x16_4_1x1_intrawave_v1,preflight,-1,passed,0.0,,,,
1536,7168,384,ck_6_split0,ck,6,0,a8w8_blockscale_bpreshuffle_1x128x128_256x16x128x256_16x16_16x16_16x16x1_16x16x1_1x16x1x16_8_1x2_intrawave_v1,preflight,-1,failed,,RuntimeError: This GEMM is not supported!,,,
1536,7168,384,ck_7_split0,ck,7,0,a8w8_blockscale_bpreshuffle_1x128x128_256x16x64x256_16x16_16x16_16x16x1_16x16x1_1x16x1x16_4_1x1_intrawave_v1,preflight,-1,failed,,RuntimeError: This GEMM is not supported!,,,
1536,7168,384,ck_8_split0,ck,8,0,a8w8_blockscale_bpreshuffle_1x128x128_256x32x256x128_16x16_16x16_8x32x1_8x32x1_1x32x1x8_8_2x1_intrawave_v1,preflight,-1,passed,0.0,,,,
1536,7168,384,ck_9_split0,ck,9,0,a8w8_blockscale_bpreshuffle_1x128x128_256x32x128x128_16x16_16x16_8x32x1_8x32x1_1x32x1x8_8_2x1_intrawave_v1,preflight,-1,passed,0.0,,,,
1536,7168,384,ck_10_split0,ck,10,0,a8w8_blockscale_bpreshuffle_1x128x128_256x32x64x128_16x16_16x16_8x32x1_8x32x1_1x32x1x8_8_2x1_intrawave_v1,preflight,-1,passed,0.0,,,,
1536,7168,384,ck_11_split0,ck,11,0,a8w8_blockscale_bpreshuffle_1x128x128_256x32x128x256_16x16_16x16_16x16x1_16x16x1_1x32x1x8_8_2x1_intrawave_v1,preflight,-1,failed,,RuntimeError: This GEMM is not supported!,,,
1536,7168,384,ck_12_split0,ck,12,0,a8w8_blockscale_bpreshuffle_1x128x128_256x32x64x256_16x16_16x16_16x16x1_16x16x1_1x32x1x8_8_2x1_intrawave_v1,preflight,-1,failed,,RuntimeError: This GEMM is not supported!,,,
1536,7168,384,ck_13_split0,ck,13,0,a8w8_blockscale_bpreshuffle_1x128x128_256x64x256x128_16x16_16x16_8x32x1_8x32x1_1x32x1x8_8_2x1_intrawave_v1,preflight,-1,passed,0.0,,,,
1536,7168,384,ck_14_split0,ck,14,0,a8w8_blockscale_bpreshuffle_1x128x128_256x64x128x128_16x16_16x16_8x32x1_8x32x1_1x32x1x8_8_2x1_intrawave_v1,preflight,-1,passed,0.0,,,,
1536,7168,384,ck_15_split0,ck,15,0,a8w8_blockscale_bpreshuffle_1x128x128_256x64x64x128_16x16_16x16_8x32x1_8x32x1_1x32x1x8_8_2x1_intrawave_v1,preflight,-1,passed,0.0,,,,
1536,7168,384,ck_16_split0,ck,16,0,a8w8_blockscale_bpreshuffle_1x128x128_256x64x128x256_16x16_16x16_16x16x1_16x16x1_1x32x1x8_8_2x1_intrawave_v1,preflight,-1,failed,,RuntimeError: This GEMM is not supported!,,,
1536,7168,384,ck_17_split0,ck,17,0,a8w8_blockscale_bpreshuffle_1x128x128_256x64x64x256_16x16_16x16_16x16x1_16x16x1_1x32x1x8_8_2x1_intrawave_v1,preflight,-1,failed,,RuntimeError: This GEMM is not supported!,,,
1536,7168,384,cktile_0_split0,cktile,0,0,a8w8_blockscale_cktile_16x128x256_1x4x1_16x16x128_intrawave_0x1x0_1,preflight,-1,failed,,"RuntimeError: Wrong! Arguments not supported! Skipping gemm!
",,,
1536,7168,384,cktile_1_split0,cktile,1,0,a8w8_blockscale_cktile_16x128x256_1x4x1_16x16x128_intrawave_0x1x0_2,preflight,-1,failed,,"RuntimeError: Wrong! Arguments not supported! Skipping gemm!
",,,
1536,7168,384,cktile_2_split0,cktile,2,0,a8w8_blockscale_cktile_16x128x256_1x4x1_16x16x64_intrawave_0x1x0_1,preflight,-1,failed,,"RuntimeError: Wrong! Arguments not supported! Skipping gemm!
",,,
1536,7168,384,cktile_3_split0,cktile,3,0,a8w8_blockscale_cktile_16x128x256_1x4x1_16x16x64_intrawave_0x1x0_2,preflight,-1,failed,,"RuntimeError: Wrong! Arguments not supported! Skipping gemm!
",,,
1536,7168,384,cktile_4_split0,cktile,4,0,a8w8_blockscale_cktile_32x128x128_1x4x1_16x16x128_intrawave_0x1x0_1,preflight,-1,passed,0.0,,,,
1536,7168,384,cktile_5_split0,cktile,5,0,a8w8_blockscale_cktile_32x128x128_1x4x1_16x16x128_intrawave_0x1x0_2,preflight,-1,passed,0.0,,,,
1536,7168,384,cktile_6_split0,cktile,6,0,a8w8_blockscale_cktile_32x128x128_1x4x1_16x16x64_intrawave_0x1x0_1,preflight,-1,passed,0.0,,,,
1536,7168,384,cktile_7_split0,cktile,7,0,a8w8_blockscale_cktile_32x128x128_1x4x1_16x16x64_intrawave_0x1x0_2,preflight,-1,passed,0.0,,,,
1536,7168,384,cktile_8_split0,cktile,8,0,a8w8_blockscale_cktile_128x128x128_1x4x1_16x16x128_intrawave_0x1x0_1,preflight,-1,passed,0.0,,,,
1536,7168,384,cktile_9_split0,cktile,9,0,a8w8_blockscale_cktile_128x128x128_1x4x1_16x16x128_intrawave_0x1x0_1,preflight,-1,passed,0.0,,,,
1536,7168,384,cktile_10_split0,cktile,10,0,a8w8_blockscale_cktile_128x128x128_2x2x1_16x16x128_intrawave_0x1x0_2,preflight,-1,passed,0.0,,,,
1536,7168,384,cktile_11_split0,cktile,11,0,a8w8_blockscale_cktile_192x256x128_4x2x1_16x16x128_intrawave_0x1x0_1,preflight,-1,passed,0.0,,,,
1536,7168,384,cktile_12_split0,cktile,12,0,a8w8_blockscale_cktile_192x256x128_4x2x1_16x16x128_intrawave_0x1x0_1_aqrm,preflight,-1,passed,0.0,,,,
1536,7168,384,cktile_13_split0,cktile,13,0,a8w8_blockscale_cktile_16x128x256_1x4x1_16x16x128_intrawave_0x1x0_3,preflight,-1,failed,,"RuntimeError: Wrong! Arguments not supported! Skipping gemm!
",,,
1536,7168,384,cktile_14_split0,cktile,14,0,a8w8_blockscale_cktile_16x128x256_1x4x1_16x16x128_intrawave_0x1x0_4,preflight,-1,failed,,"RuntimeError: Wrong! Arguments not supported! Skipping gemm!
",,,
1536,7168,384,cktile_15_split0,cktile,15,0,a8w8_blockscale_cktile_16x128x256_1x4x1_16x16x64_intrawave_0x1x0_3,preflight,-1,failed,,"RuntimeError: Wrong! Arguments not supported! Skipping gemm!
",,,
1536,7168,384,cktile_16_split0,cktile,16,0,a8w8_blockscale_cktile_16x128x256_1x4x1_16x16x64_intrawave_0x1x0_4,preflight,-1,failed,,"RuntimeError: Wrong! Arguments not supported! Skipping gemm!
",,,
1536,7168,384,cktile_17_split0,cktile,17,0,a8w8_blockscale_cktile_32x128x128_1x4x1_16x16x128_intrawave_0x1x0_3,preflight,-1,passed,0.0,,,,
1536,7168,384,cktile_18_split0,cktile,18,0,a8w8_blockscale_cktile_32x128x128_1x4x1_16x16x128_intrawave_0x1x0_4,preflight,-1,passed,0.0,,,,
1536,7168,384,cktile_19_split0,cktile,19,0,a8w8_blockscale_cktile_32x128x128_1x4x1_16x16x64_intrawave_0x1x0_3,preflight,-1,passed,0.0,,,,
1536,7168,384,cktile_20_split0,cktile,20,0,a8w8_blockscale_cktile_32x128x128_1x4x1_16x16x64_intrawave_0x1x0_4,preflight,-1,passed,0.0,,,,
1536,7168,384,cktile_21_split0,cktile,21,0,a8w8_blockscale_cktile_128x128x128_1x4x1_16x16x128_intrawave_0x1x0_2,preflight,-1,passed,0.0,,,,
1536,7168,384,cktile_22_split0,cktile,22,0,a8w8_blockscale_cktile_128x128x128_1x4x1_16x16x128_intrawave_0x1x0_3,preflight,-1,passed,0.0,,,,
1536,7168,384,cktile_23_split0,cktile,23,0,a8w8_blockscale_cktile_128x128x128_1x4x1_16x16x128_intrawave_0x1x0_4,preflight,-1,passed,0.0,,,,
1536,7168,384,cktile_24_split0,cktile,24,0,a8w8_blockscale_cktile_128x128x128_2x2x1_16x16x128_intrawave_0x1x0_1,preflight,-1,passed,0.0,,,,
1536,7168,384,cktile_25_split0,cktile,25,0,a8w8_blockscale_cktile_128x128x128_2x2x1_16x16x128_intrawave_0x1x0_3,preflight,-1,passed,0.0,,,,
1536,7168,384,cktile_26_split0,cktile,26,0,a8w8_blockscale_cktile_128x128x128_2x2x1_16x16x128_intrawave_0x1x0_4,preflight,-1,passed,0.0,,,,
1536,7168,384,cktile_27_split0,cktile,27,0,a8w8_blockscale_cktile_192x256x128_4x2x1_16x16x128_intrawave_0x1x0_2,preflight,-1,passed,0.0,,,,
1536,7168,384,cktile_28_split0,cktile,28,0,a8w8_blockscale_cktile_192x256x128_4x2x1_16x16x128_intrawave_0x1x0_3,preflight,-1,passed,0.0,,,,
1536,7168,384,cktile_29_split0,cktile,29,0,a8w8_blockscale_cktile_192x256x128_4x2x1_16x16x128_intrawave_0x1x0_4,preflight,-1,passed,0.0,,,,
1536,7168,384,cktile_30_split0,cktile,30,0,a8w8_blockscale_cktile_192x256x128_4x2x1_16x16x128_intrawave_0x1x0_2_aqrm,preflight,-1,passed,0.0,,,,
1536,7168,384,cktile_31_split0,cktile,31,0,a8w8_blockscale_cktile_192x256x128_4x2x1_16x16x128_intrawave_0x1x0_3_aqrm,preflight,-1,passed,0.0,,,,
1536,7168,384,cktile_32_split0,cktile,32,0,a8w8_blockscale_cktile_192x256x128_4x2x1_16x16x128_intrawave_0x1x0_4_aqrm,preflight,-1,passed,0.0,,,,
1536,7168,384,asm_0_split1,asm,0,1,_ZN5aiter42fp8gemm_bf16_blockscale_BpreShuffle_32x128E,preflight,-1,failed,0.3035,outside original FP32 accumulation bounds,0,3341357,4.003173828125
1536,7168,384,asm_1_split2,asm,1,2,_ZN5aiter42fp8gemm_bf16_blockscale_BpreShuffle_32x128E,preflight,-1,failed,0.3603,outside original FP32 accumulation bounds,0,3966086,5.9273681640625
1536,7168,384,asm_2_split3,asm,2,3,_ZN5aiter42fp8gemm_bf16_blockscale_BpreShuffle_32x128E,preflight,-1,failed,0.3984,outside original FP32 accumulation bounds,0,4385590,7.25335693359375
1536,7168,384,asm_3_split1,asm,3,1,_ZN5aiter42fp8gemm_bf16_blockscale_BpreShuffle_48x128E,preflight,-1,failed,0.3035,outside original FP32 accumulation bounds,0,3341357,4.003173828125
1536,7168,384,asm_4_split2,asm,4,2,_ZN5aiter42fp8gemm_bf16_blockscale_BpreShuffle_48x128E,preflight,-1,failed,0.3603,outside original FP32 accumulation bounds,0,3966086,5.9273681640625
1536,7168,384,asm_5_split3,asm,5,3,_ZN5aiter42fp8gemm_bf16_blockscale_BpreShuffle_48x128E,preflight,-1,failed,0.3987,outside original FP32 accumulation bounds,0,4389443,7.01287841796875
1536,7168,384,asm_6_split1,asm,6,1,_ZN5aiter42fp8gemm_bf16_blockscale_BpreShuffle_64x128E,preflight,-1,failed,0.3035,outside original FP32 accumulation bounds,0,3341357,4.003173828125
1536,7168,384,asm_7_split2,asm,7,2,_ZN5aiter42fp8gemm_bf16_blockscale_BpreShuffle_64x128E,preflight,-1,failed,0.3603,outside original FP32 accumulation bounds,0,3966086,5.9273681640625
1536,7168,384,asm_8_split3,asm,8,3,_ZN5aiter42fp8gemm_bf16_blockscale_BpreShuffle_64x128E,preflight,-1,failed,0.3984,outside original FP32 accumulation bounds,0,4386230,7.25335693359375
1536,7168,384,asm_9_split1,asm,9,1,_ZN5aiter42fp8gemm_bf16_blockscale_BpreShuffle_80x128E,preflight,-1,failed,0.3035,outside original FP32 accumulation bounds,0,3341357,4.003173828125
1536,7168,384,asm_10_split2,asm,10,2,_ZN5aiter42fp8gemm_bf16_blockscale_BpreShuffle_80x128E,preflight,-1,failed,0.3603,outside original FP32 accumulation bounds,0,3966086,5.9273681640625
1536,7168,384,asm_11_split3,asm,11,3,_ZN5aiter42fp8gemm_bf16_blockscale_BpreShuffle_80x128E,preflight,-1,failed,0.399,outside original FP32 accumulation bounds,0,4392287,9.03857421875
1536,7168,384,asm_12_split1,asm,12,1,_ZN5aiter42fp8gemm_bf16_blockscale_BpreShuffle_96x128E,preflight,-1,failed,0.3035,outside original FP32 accumulation bounds,0,3341357,4.003173828125
1536,7168,384,asm_13_split2,asm,13,2,_ZN5aiter42fp8gemm_bf16_blockscale_BpreShuffle_96x128E,preflight,-1,failed,0.3603,outside original FP32 accumulation bounds,0,3966086,5.9273681640625
1536,7168,384,asm_14_split3,asm,14,3,_ZN5aiter42fp8gemm_bf16_blockscale_BpreShuffle_96x128E,preflight,-1,failed,0.3994,outside original FP32 accumulation bounds,0,4396812,7.01287841796875
1536,7168,384,asm_15_split1,asm,15,1,_ZN5aiter43fp8gemm_bf16_blockscale_BpreShuffle_128x128E,preflight,-1,failed,0.3035,outside original FP32 accumulation bounds,0,3341357,4.003173828125
1536,7168,384,asm_16_split2,asm,16,2,_ZN5aiter43fp8gemm_bf16_blockscale_BpreShuffle_128x128E,preflight,-1,failed,0.3603,outside original FP32 accumulation bounds,0,3966086,5.9273681640625
1536,7168,384,asm_17_split3,asm,17,3,_ZN5aiter43fp8gemm_bf16_blockscale_BpreShuffle_128x128E,preflight,-1,failed,0.3995,outside original FP32 accumulation bounds,0,4398182,9.03857421875
1536,7168,384,opus_9000,opus,9000,0,opus_gemm_gfx950_a8w8_mxscale_gemm_bpreshuffle_256x256x256x128_2x2_16x16x128_1x128x128_tiles1_nooob,preflight,-1,passed,0.0,,,,
1536,7168,384,opus_9010,opus,9010,0,opus_gemm_gfx950_a8w8_mxscale_gemm_bpreshuffle_256x128x128x128_2x2_16x16x128_1x128x128_tiles1_nooob,preflight,-1,passed,0.0,,,,
1536,7168,384,opus_9011,opus,9011,0,opus_gemm_gfx950_a8w8_mxscale_gemm_bpreshuffle_256x64x128x128_2x2_16x16x128_1x128x128_tiles1_nooob,preflight,-1,passed,0.0,,,,
1536,7168,384,opus_9012,opus,9012,0,opus_gemm_gfx950_a8w8_mxscale_gemm_bpreshuffle_256x64x64x128_2x2_16x16x128_1x128x128_tiles1_nooob,preflight,-1,passed,0.0,,,,
1536,7168,384,opus_9020,opus,9020,0,opus_gemm_gfx950_a8w8_mxscale_gemm_bpreshuffle_256x256x256x128_2x2_16x16x128_1x128x128_tiles1,preflight,-1,passed,0.0,,,,
1536,7168,384,ck_2_split0,ck,2,0,a8w8_blockscale_bpreshuffle_1x128x128_256x64x64x128_16x16_16x16_8x32x1_8x32x1_1x32x1x8_8_2x1_intrawave_v3,timed,0,passed,0.0,,,,
1536,7168,384,ck_3_split0,ck,3,0,a8w8_blockscale_bpreshuffle_1x128x128_256x16x256x128_8x16_16x16_16x16x1_8x32x1_1x16x1x16_8_1x2_intrawave_v1,timed,0,passed,0.0,,,,
1536,7168,384,ck_4_split0,ck,4,0,a8w8_blockscale_bpreshuffle_1x128x128_256x16x128x128_8x16_16x16_16x16x1_8x32x1_1x16x1x16_8_1x2_intrawave_v1,timed,0,passed,0.0,,,,
1536,7168,384,ck_5_split0,ck,5,0,a8w8_blockscale_bpreshuffle_1x128x128_256x16x64x128_8x16_16x16_16x16x1_8x32x1_1x16x1x16_4_1x1_intrawave_v1,timed,0,passed,0.0,,,,
1536,7168,384,ck_8_split0,ck,8,0,a8w8_blockscale_bpreshuffle_1x128x128_256x32x256x128_16x16_16x16_8x32x1_8x32x1_1x32x1x8_8_2x1_intrawave_v1,timed,0,passed,0.0,,,,
1536,7168,384,ck_9_split0,ck,9,0,a8w8_blockscale_bpreshuffle_1x128x128_256x32x128x128_16x16_16x16_8x32x1_8x32x1_1x32x1x8_8_2x1_intrawave_v1,timed,0,passed,0.0,,,,
1536,7168,384,ck_10_split0,ck,10,0,a8w8_blockscale_bpreshuffle_1x128x128_256x32x64x128_16x16_16x16_8x32x1_8x32x1_1x32x1x8_8_2x1_intrawave_v1,timed,0,passed,0.0,,,,
1536,7168,384,ck_13_split0,ck,13,0,a8w8_blockscale_bpreshuffle_1x128x128_256x64x256x128_16x16_16x16_8x32x1_8x32x1_1x32x1x8_8_2x1_intrawave_v1,timed,0,passed,0.0,,,,
1536,7168,384,ck_14_split0,ck,14,0,a8w8_blockscale_bpreshuffle_1x128x128_256x64x128x128_16x16_16x16_8x32x1_8x32x1_1x32x1x8_8_2x1_intrawave_v1,timed,0,passed,0.0,,,,
1536,7168,384,ck_15_split0,ck,15,0,a8w8_blockscale_bpreshuffle_1x128x128_256x64x64x128_16x16_16x16_8x32x1_8x32x1_1x32x1x8_8_2x1_intrawave_v1,timed,0,passed,0.0,,,,
1536,7168,384,cktile_4_split0,cktile,4,0,a8w8_blockscale_cktile_32x128x128_1x4x1_16x16x128_intrawave_0x1x0_1,timed,0,passed,0.0,,,,
1536,7168,384,cktile_5_split0,cktile,5,0,a8w8_blockscale_cktile_32x128x128_1x4x1_16x16x128_intrawave_0x1x0_2,timed,0,passed,0.0,,,,
1536,7168,384,cktile_6_split0,cktile,6,0,a8w8_blockscale_cktile_32x128x128_1x4x1_16x16x64_intrawave_0x1x0_1,timed,0,passed,0.0,,,,
1536,7168,384,cktile_7_split0,cktile,7,0,a8w8_blockscale_cktile_32x128x128_1x4x1_16x16x64_intrawave_0x1x0_2,timed,0,passed,0.0,,,,
1536,7168,384,cktile_8_split0,cktile,8,0,a8w8_blockscale_cktile_128x128x128_1x4x1_16x16x128_intrawave_0x1x0_1,timed,0,passed,0.0,,,,
1536,7168,384,cktile_9_split0,cktile,9,0,a8w8_blockscale_cktile_128x128x128_1x4x1_16x16x128_intrawave_0x1x0_1,timed,0,passed,0.0,,,,
1536,7168,384,cktile_10_split0,cktile,10,0,a8w8_blockscale_cktile_128x128x128_2x2x1_16x16x128_intrawave_0x1x0_2,timed,0,passed,0.0,,,,
1536,7168,384,cktile_11_split0,cktile,11,0,a8w8_blockscale_cktile_192x256x128_4x2x1_16x16x128_intrawave_0x1x0_1,timed,0,passed,0.0,,,,
1536,7168,384,cktile_12_split0,cktile,12,0,a8w8_blockscale_cktile_192x256x128_4x2x1_16x16x128_intrawave_0x1x0_1_aqrm,timed,0,passed,0.0,,,,
1536,7168,384,cktile_17_split0,cktile,17,0,a8w8_blockscale_cktile_32x128x128_1x4x1_16x16x128_intrawave_0x1x0_3,timed,0,passed,0.0,,,,
1536,7168,384,cktile_18_split0,cktile,18,0,a8w8_blockscale_cktile_32x128x128_1x4x1_16x16x128_intrawave_0x1x0_4,timed,0,passed,0.0,,,,
1536,7168,384,cktile_19_split0,cktile,19,0,a8w8_blockscale_cktile_32x128x128_1x4x1_16x16x64_intrawave_0x1x0_3,timed,0,passed,0.0,,,,
1536,7168,384,cktile_20_split0,cktile,20,0,a8w8_blockscale_cktile_32x128x128_1x4x1_16x16x64_intrawave_0x1x0_4,timed,0,passed,0.0,,,,
1536,7168,384,cktile_21_split0,cktile,21,0,a8w8_blockscale_cktile_128x128x128_1x4x1_16x16x128_intrawave_0x1x0_2,timed,0,passed,0.0,,,,
1536,7168,384,cktile_22_split0,cktile,22,0,a8w8_blockscale_cktile_128x128x128_1x4x1_16x16x128_intrawave_0x1x0_3,timed,0,passed,0.0,,,,
1536,7168,384,cktile_23_split0,cktile,23,0,a8w8_blockscale_cktile_128x128x128_1x4x1_16x16x128_intrawave_0x1x0_4,timed,0,passed,0.0,,,,
1536,7168,384,cktile_24_split0,cktile,24,0,a8w8_blockscale_cktile_128x128x128_2x2x1_16x16x128_intrawave_0x1x0_1,timed,0,passed,0.0,,,,
1536,7168,384,cktile_25_split0,cktile,25,0,a8w8_blockscale_cktile_128x128x128_2x2x1_16x16x128_intrawave_0x1x0_3,timed,0,passed,0.0,,,,
1536,7168,384,cktile_26_split0,cktile,26,0,a8w8_blockscale_cktile_128x128x128_2x2x1_16x16x128_intrawave_0x1x0_4,timed,0,passed,0.0,,,,
1536,7168,384,cktile_27_split0,cktile,27,0,a8w8_blockscale_cktile_192x256x128_4x2x1_16x16x128_intrawave_0x1x0_2,timed,0,passed,0.0,,,,
1536,7168,384,cktile_28_split0,cktile,28,0,a8w8_blockscale_cktile_192x256x128_4x2x1_16x16x128_intrawave_0x1x0_3,timed,0,passed,0.0,,,,
1536,7168,384,cktile_29_split0,cktile,29,0,a8w8_blockscale_cktile_192x256x128_4x2x1_16x16x128_intrawave_0x1x0_4,timed,0,passed,0.0,,,,
1536,7168,384,cktile_30_split0,cktile,30,0,a8w8_blockscale_cktile_192x256x128_4x2x1_16x16x128_intrawave_0x1x0_2_aqrm,timed,0,passed,0.0,,,,
1536,7168,384,cktile_31_split0,cktile,31,0,a8w8_blockscale_cktile_192x256x128_4x2x1_16x16x128_intrawave_0x1x0_3_aqrm,timed,0,passed,0.0,,,,
1536,7168,384,cktile_32_split0,cktile,32,0,a8w8_blockscale_cktile_192x256x128_4x2x1_16x16x128_intrawave_0x1x0_4_aqrm,timed,0,passed,0.0,,,,
1536,7168,384,opus_9000,opus,9000,0,opus_gemm_gfx950_a8w8_mxscale_gemm_bpreshuffle_256x256x256x128_2x2_16x16x128_1x128x128_tiles1_nooob,timed,0,passed,0.0,,,,
1536,7168,384,opus_9010,opus,9010,0,opus_gemm_gfx950_a8w8_mxscale_gemm_bpreshuffle_256x128x128x128_2x2_16x16x128_1x128x128_tiles1_nooob,timed,0,passed,0.0,,,,
1536,7168,384,opus_9011,opus,9011,0,opus_gemm_gfx950_a8w8_mxscale_gemm_bpreshuffle_256x64x128x128_2x2_16x16x128_1x128x128_tiles1_nooob,timed,0,passed,0.0,,,,
1536,7168,384,opus_9012,opus,9012,0,opus_gemm_gfx950_a8w8_mxscale_gemm_bpreshuffle_256x64x64x128_2x2_16x16x128_1x128x128_tiles1_nooob,timed,0,passed,0.0,,,,
1536,7168,384,opus_9020,opus,9020,0,opus_gemm_gfx950_a8w8_mxscale_gemm_bpreshuffle_256x256x256x128_2x2_16x16x128_1x128x128_tiles1,timed,0,passed,0.0,,,,
1536,7168,384,ck_0_split0,ck,0,0,a8w8_blockscale_bpreshuffle_1x128x128_256x128x128x128_16x16_16x16_8x32x1_8x32x1_1x32x1x8_8_2x1_intrawave_v3,timed,0,passed,0.0,,,,
1536,7168,384,ck_1_split0,ck,1,0,a8w8_blockscale_bpreshuffle_1x128x128_256x64x128x128_16x16_16x16_8x32x1_8x32x1_1x32x1x8_8_2x1_intrawave_v3,timed,0,passed,0.0,,,,
