gfx,cu_num,M,N,K,libtype,kernelId,splitK,us,kernelName,tflops,bw,errRatio
gfx950,256,1,768,7168,opus,9041,0,6.153826086956519,opus_gemm_gfx950_a8w8_mxscale_gemm_bpreshuffle_512x16x16x128_1x1_16x16x128_1x128x128_tiles1_small_register,1.79,895.98,0
gfx950,256,1,2048,7168,opus,9041,0,6.980679999999994,opus_gemm_gfx950_a8w8_mxscale_gemm_bpreshuffle_512x16x16x128_1x1_16x16x128_1x128x128_tiles1_small_register,4.21,2104.57,0
gfx950,256,1,6144,7168,opus,9041,0,11.224717948717949,opus_gemm_gfx950_a8w8_mxscale_gemm_bpreshuffle_512x16x16x128_1x1_16x16x128_1x128x128_tiles1_small_register,7.85,3925.23,0
gfx950,256,1,7168,384,opus,9040,0,2.8646399999999983,opus_gemm_gfx950_a8w8_mxscale_gemm_bpreshuffle_64x16x32x128_1x1_16x16x128_1x128x128_tiles1_small_register,1.92,966.0,0
gfx950,256,1,7168,768,opus,9040,0,4.07820833333333,opus_gemm_gfx950_a8w8_mxscale_gemm_bpreshuffle_64x16x32x128_1x1_16x16x128_1x128x128_tiles1_small_register,2.7,1353.57,0
gfx950,256,1,7168,1024,opus,9042,0,4.886199999999998,opus_gemm_gfx950_a8w8_mxscale_gemm_bpreshuffle_128x32x32x128_1x1_16x16x128_1x128x128_tiles1_small_register,3.0,1505.34,0
gfx950,256,1,7168,3072,opus,9042,0,6.694842105263173,opus_gemm_gfx950_a8w8_mxscale_gemm_bpreshuffle_128x32x32x128_1x1_16x16x128_1x128x128_tiles1_small_register,6.58,3291.71,0
gfx950,256,1,7168,7168,opus,9041,0,11.752621621621621,opus_gemm_gfx950_a8w8_mxscale_gemm_bpreshuffle_512x16x16x128_1x1_16x16x128_1x128x128_tiles1_small_register,8.74,4373.64,0
gfx950,256,1,7168,16384,opus,9041,0,24.40789130434784,opus_gemm_gfx950_a8w8_mxscale_gemm_bpreshuffle_512x16x16x128_1x1_16x16x128_1x128x128_tiles1_small_register,9.62,4812.84,0
gfx950,256,1,16384,1536,opus,9040,0,7.050756097560986,opus_gemm_gfx950_a8w8_mxscale_gemm_bpreshuffle_64x16x32x128_1x1_16x16x128_1x128x128_tiles1_small_register,7.14,3574.1,0
gfx950,256,1,65536,1536,ck,6,0,17.97465306122448,a8w8_blockscale_bpreshuffle_1x128x128_256x16x128x256_16x16_16x16_16x16x1_16x16x1_1x16x1x16_8_1x2_intrawave_v1,11.2,5607.67,0
gfx950,256,2,768,7168,opus,9041,0,6.5312857142857155,opus_gemm_gfx950_a8w8_mxscale_gemm_bpreshuffle_512x16x16x128_1x1_16x16x128_1x128x128_tiles1_small_register,3.37,845.54,0
gfx950,256,2,2048,7168,opus,9041,0,7.044720000000004,opus_gemm_gfx950_a8w8_mxscale_gemm_bpreshuffle_512x16x16x128_1x1_16x16x128_1x128x128_tiles1_small_register,8.34,2087.04,0
gfx950,256,2,6144,7168,opus,9041,0,11.38820454545454,opus_gemm_gfx950_a8w8_mxscale_gemm_bpreshuffle_512x16x16x128_1x1_16x16x128_1x128x128_tiles1_small_register,15.47,3870.59,0
gfx950,256,2,7168,384,opus,9040,0,2.7873541666666672,opus_gemm_gfx950_a8w8_mxscale_gemm_bpreshuffle_64x16x32x128_1x1_16x16x128_1x128x128_tiles1_small_register,3.95,998.06,0
gfx950,256,2,7168,768,opus,9040,0,3.5879574468085136,opus_gemm_gfx950_a8w8_mxscale_gemm_bpreshuffle_64x16x32x128_1x1_16x16x128_1x128x128_tiles1_small_register,6.14,1542.73,0
gfx950,256,2,7168,1024,opus,9042,0,4.502239999999995,opus_gemm_gfx950_a8w8_mxscale_gemm_bpreshuffle_128x32x32x128_1x1_16x16x128_1x128x128_tiles1_small_register,6.52,1637.13,0
gfx950,256,2,7168,3072,opus,9042,0,7.418047619047619,opus_gemm_gfx950_a8w8_mxscale_gemm_bpreshuffle_128x32x32x128_1x1_16x16x128_1x128x128_tiles1_small_register,11.87,2973.14,0
gfx950,256,2,7168,7168,opus,9041,0,11.746690476190468,opus_gemm_gfx950_a8w8_mxscale_gemm_bpreshuffle_512x16x16x128_1x1_16x16x128_1x128x128_tiles1_small_register,17.5,4377.68,0
gfx950,256,2,7168,16384,opus,9041,0,24.573829268292677,opus_gemm_gfx950_a8w8_mxscale_gemm_bpreshuffle_512x16x16x128_1x1_16x16x128_1x128x128_tiles1_small_register,19.12,4781.59,0
gfx950,256,2,16384,1536,opus,9040,0,6.749820512820517,opus_gemm_gfx950_a8w8_mxscale_gemm_bpreshuffle_64x16x32x128_1x1_16x16x128_1x128x128_tiles1_small_register,14.91,3738.53,0
gfx950,256,2,65536,1536,ck,6,0,17.97872340425532,a8w8_blockscale_bpreshuffle_1x128x128_256x16x128x256_16x16_16x16_16x16x1_16x16x1_1x16x1x16_8_1x2_intrawave_v1,22.4,5613.78,0
gfx950,256,4,768,7168,opus,9041,0,5.970978723404264,opus_gemm_gfx950_a8w8_mxscale_gemm_bpreshuffle_512x16x16x128_1x1_16x16x128_1x128x128_tiles1_small_register,7.38,927.79,0
gfx950,256,4,2048,7168,opus,9041,0,6.946320000000001,opus_gemm_gfx950_a8w8_mxscale_gemm_bpreshuffle_512x16x16x128_1x1_16x16x128_1x128x128_tiles1_small_register,16.91,2119.84,0
gfx950,256,4,6144,7168,opus,9041,0,11.201883720930224,opus_gemm_gfx950_a8w8_mxscale_gemm_bpreshuffle_512x16x16x128_1x1_16x16x128_1x128x128_tiles1_small_register,31.45,3938.45,0
gfx950,256,4,7168,384,opus,9040,0,2.7998367346938764,opus_gemm_gfx950_a8w8_mxscale_gemm_bpreshuffle_64x16x32x128_1x1_16x16x128_1x128x128_tiles1_small_register,7.86,1004.13,0
gfx950,256,4,7168,768,opus,9040,0,4.166408163265316,opus_gemm_gfx950_a8w8_mxscale_gemm_bpreshuffle_64x16x32x128_1x1_16x16x128_1x128x128_tiles1_small_register,10.57,1335.79,0
gfx950,256,4,7168,1024,opus,9042,0,4.472375,opus_gemm_gfx950_a8w8_mxscale_gemm_bpreshuffle_128x32x32x128_1x1_16x16x128_1x128x128_tiles1_small_register,13.13,1654.93,0
gfx950,256,4,7168,3072,opus,9042,0,6.752897435897446,opus_gemm_gfx950_a8w8_mxscale_gemm_bpreshuffle_128x32x32x128_1x1_16x16x128_1x128x128_tiles1_small_register,26.09,3271.15,0
gfx950,256,4,7168,7168,opus,9041,0,11.564000000000005,opus_gemm_gfx950_a8w8_mxscale_gemm_bpreshuffle_512x16x16x128_1x1_16x16x128_1x128x128_tiles1_small_register,35.54,4450.56,0
gfx950,256,4,7168,16384,opus,9041,0,24.576111111111114,opus_gemm_gfx950_a8w8_mxscale_gemm_bpreshuffle_512x16x16x128_1x1_16x16x128_1x128x128_tiles1_small_register,38.23,4783.65,0
gfx950,256,4,16384,1536,opus,9040,0,7.10602500000001,opus_gemm_gfx950_a8w8_mxscale_gemm_bpreshuffle_64x16x32x128_1x1_16x16x128_1x128x128_tiles1_small_register,28.33,3560.79,0
gfx950,256,4,65536,1536,ck,6,0,17.976837209302325,a8w8_blockscale_bpreshuffle_1x128x128_256x16x128x256_16x16_16x16_16x16x1_16x16x1_1x16x1x16_8_1x2_intrawave_v1,44.8,5629.12,0
gfx950,256,8,768,7168,opus,9041,0,6.925152173913044,opus_gemm_gfx950_a8w8_mxscale_gemm_bpreshuffle_512x16x16x128_1x1_16x16x128_1x128x128_tiles1_small_register,12.72,804.99,0
gfx950,256,8,2048,7168,opus,9041,0,7.772979591836732,opus_gemm_gfx950_a8w8_mxscale_gemm_bpreshuffle_512x16x16x128_1x1_16x16x128_1x128x128_tiles1_small_register,30.22,1900.19,0
gfx950,256,8,6144,7168,opus,9041,0,11.842149999999995,opus_gemm_gfx950_a8w8_mxscale_gemm_bpreshuffle_512x16x16x128_1x1_16x16x128_1x128x128_tiles1_small_register,59.5,3732.08,0
gfx950,256,8,7168,384,opus,9040,0,2.885708333333325,opus_gemm_gfx950_a8w8_mxscale_gemm_bpreshuffle_64x16x32x128_1x1_16x16x128_1x128x128_tiles1_small_register,15.26,994.65,0
gfx950,256,8,7168,768,opus,9040,0,3.6357551020408265,opus_gemm_gfx950_a8w8_mxscale_gemm_bpreshuffle_64x16x32x128_1x1_16x16x128_1x128x128_tiles1_small_register,24.23,1547.37,0
gfx950,256,8,7168,1024,opus,9042,0,4.569854166666665,opus_gemm_gfx950_a8w8_mxscale_gemm_bpreshuffle_128x32x32x128_1x1_16x16x128_1x128x128_tiles1_small_register,25.7,1633.07,0
gfx950,256,8,7168,3072,opus,9042,0,6.869578947368427,opus_gemm_gfx950_a8w8_mxscale_gemm_bpreshuffle_128x32x32x128_1x1_16x16x128_1x128x128_tiles1_small_register,51.29,3225.72,0
gfx950,256,8,7168,7168,opus,9041,0,12.376866666666668,opus_gemm_gfx950_a8w8_mxscale_gemm_bpreshuffle_512x16x16x128_1x1_16x16x128_1x128x128_tiles1_small_register,66.42,4165.21,0
gfx950,256,8,7168,16384,opus,9042,0,25.76269565217392,opus_gemm_gfx950_a8w8_mxscale_gemm_bpreshuffle_128x32x32x128_1x1_16x16x128_1x128x128_tiles1_small_register,72.94,4568.09,0
gfx950,256,8,16384,1536,opus,9040,0,6.8585853658536555,opus_gemm_gfx950_a8w8_mxscale_gemm_bpreshuffle_64x16x32x128_1x1_16x16x128_1x128x128_tiles1_small_register,58.71,3709.26,0
gfx950,256,8,65536,1536,ck,6,0,18.380466666666674,a8w8_blockscale_bpreshuffle_1x128x128_256x16x128x256_16x16_16x16_16x16x1_16x16x1_1x16x1x16_8_1x2_intrawave_v1,87.63,5534.36,0
gfx950,256,16,768,7168,opus,9041,0,7.674673913043487,opus_gemm_gfx950_a8w8_mxscale_gemm_bpreshuffle_512x16x16x128_1x1_16x16x128_1x128x128_tiles1_small_register,22.95,735.44,0
gfx950,256,16,2048,7168,opus,9041,0,8.335840000000001,opus_gemm_gfx950_a8w8_mxscale_gemm_bpreshuffle_512x16x16x128_1x1_16x16x128_1x128x128_tiles1_small_register,56.35,1782.7,0
gfx950,256,16,6144,7168,opus,9042,0,12.935883720930226,opus_gemm_gfx950_a8w8_mxscale_gemm_bpreshuffle_128x32x32x128_1x1_16x16x128_1x128x128_tiles1_small_register,108.94,3428.56,0
gfx950,256,16,7168,384,opus,9040,0,2.887204081632653,opus_gemm_gfx950_a8w8_mxscale_gemm_bpreshuffle_64x16x32x128_1x1_16x16x128_1x128x128_tiles1_small_register,30.51,1034.92,0
gfx950,256,16,7168,768,opus,9040,0,4.366408163265296,opus_gemm_gfx950_a8w8_mxscale_gemm_bpreshuffle_64x16x32x128_1x1_16x16x128_1x128x128_tiles1_small_register,40.34,1316.11,0
gfx950,256,16,7168,1024,opus,9042,0,4.637408163265315,opus_gemm_gfx950_a8w8_mxscale_gemm_bpreshuffle_128x32x32x128_1x1_16x16x128_1x128x128_tiles1_small_register,50.65,1635.78,0
gfx950,256,16,7168,3072,opus,9042,0,7.4488292682926796,opus_gemm_gfx950_a8w8_mxscale_gemm_bpreshuffle_128x32x32x128_1x1_16x16x128_1x128x128_tiles1_small_register,94.6,2993.57,0
gfx950,256,16,7168,7168,opus,9042,0,13.291863636363633,opus_gemm_gfx950_a8w8_mxscale_gemm_bpreshuffle_128x32x32x128_1x1_16x16x128_1x128x128_tiles1_small_register,123.7,3891.42,0
gfx950,256,16,7168,16384,opus,9042,0,25.758333333333333,opus_gemm_gfx950_a8w8_mxscale_gemm_bpreshuffle_128x32x32x128_1x1_16x16x128_1x128x128_tiles1_small_register,145.9,4578.4,0
gfx950,256,16,16384,1536,opus,9040,0,7.0032631578947315,opus_gemm_gfx950_a8w8_mxscale_gemm_bpreshuffle_64x16x32x128_1x1_16x16x128_1x128x128_tiles1_small_register,114.99,3671.82,0
gfx950,256,16,65536,1536,opus,9040,0,18.927133333333316,opus_gemm_gfx950_a8w8_mxscale_gemm_bpreshuffle_64x16x32x128_1x1_16x16x128_1x128x128_tiles1_small_register,170.19,5430.56,0
gfx950,256,32,768,7168,opus,9041,0,7.747488888888896,opus_gemm_gfx950_a8w8_mxscale_gemm_bpreshuffle_512x16x16x128_1x1_16x16x128_1x128x128_tiles1_small_register,45.48,746.51,0
gfx950,256,32,2048,7168,opus,9041,0,8.339879999999996,opus_gemm_gfx950_a8w8_mxscale_gemm_bpreshuffle_512x16x16x128_1x1_16x16x128_1x128x128_tiles1_small_register,112.65,1803.44,0
gfx950,256,32,6144,7168,opus,9042,0,15.458282608695654,opus_gemm_gfx950_a8w8_mxscale_gemm_bpreshuffle_128x32x32x128_1x1_16x16x128_1x128x128_tiles1_small_register,182.33,2889.25,0
gfx950,256,32,7168,384,opus,9040,0,3.1702200000000005,opus_gemm_gfx950_a8w8_mxscale_gemm_bpreshuffle_64x16x32x128_1x1_16x16x128_1x128x128_tiles1_small_register,55.57,1016.82,0
gfx950,256,32,7168,768,ck,7,0,4.652934782608696,a8w8_blockscale_bpreshuffle_1x128x128_256x16x64x256_16x16_16x16_16x16x1_16x16x1_1x16x1x16_4_1x1_intrawave_v1,75.72,1287.01,0
gfx950,256,32,7168,1024,ck,7,0,5.172659574468088,a8w8_blockscale_bpreshuffle_1x128x128_256x16x64x256_16x16_16x16_16x16x1_16x16x1_1x16x1x16_4_1x1_intrawave_v1,90.82,1514.03,0
gfx950,256,32,7168,3072,ck,7,0,8.736074999999996,a8w8_blockscale_bpreshuffle_1x128x128_256x16x64x256_16x16_16x16_16x16x1_16x16x1_1x16x1x16_4_1x1_intrawave_v1,161.32,2584.36,0
gfx950,256,32,7168,7168,opus,9042,0,15.680829787234039,opus_gemm_gfx950_a8w8_mxscale_gemm_bpreshuffle_128x32x32x128_1x1_16x16x128_1x128x128_tiles1_small_register,209.7,3320.51,0
gfx950,256,32,7168,16384,opus,9042,0,28.934553191489368,opus_gemm_gfx950_a8w8_mxscale_gemm_bpreshuffle_128x32x32x128_1x1_16x16x128_1x128x128_tiles1_small_register,259.77,4092.81,0
gfx950,256,32,16384,1536,ck,12,0,7.798097560975602,a8w8_blockscale_bpreshuffle_1x128x128_256x32x64x256_16x16_16x16_16x16x1_16x16x1_1x32x1x8_8_2x1_intrawave_v1,206.54,3367.94,0
gfx950,256,32,65536,1536,ck,11,0,20.103521739130436,a8w8_blockscale_bpreshuffle_1x128x128_256x32x128x256_16x16_16x16_16x16x1_16x16x1_1x32x1x8_8_2x1_intrawave_v1,320.46,5218.33,0
gfx950,256,48,768,7168,opus,9041,0,7.759040816326525,opus_gemm_gfx950_a8w8_mxscale_gemm_bpreshuffle_512x16x16x128_1x1_16x16x128_1x128x128_tiles1_small_register,68.11,763.34,0
gfx950,256,48,2048,7168,opus,9041,0,12.475477272727266,opus_gemm_gfx950_a8w8_mxscale_gemm_bpreshuffle_512x16x16x128_1x1_16x16x128_1x128x128_tiles1_small_register,112.96,1220.05,0
gfx950,256,48,6144,7168,opus,9043,0,16.347847826086955,opus_gemm_gfx950_a8w8_mxscale_gemm_bpreshuffle_256x32x64x128_1x4_16x16x128_1x128x128_tiles1_small_lds,258.62,2751.07,0
gfx950,256,48,7168,384,opus,9040,0,3.49262,opus_gemm_gfx950_a8w8_mxscale_gemm_bpreshuffle_64x16x32x128_1x1_16x16x128_1x128x128_tiles1_small_register,75.66,990.39,0
gfx950,256,48,7168,768,opus,9042,0,4.911541666666669,opus_gemm_gfx950_a8w8_mxscale_gemm_bpreshuffle_128x32x32x128_1x1_16x16x128_1x128x128_tiles1_small_register,107.6,1268.44,0
gfx950,256,48,7168,3072,opus,9043,0,9.499074999999994,opus_gemm_gfx950_a8w8_mxscale_gemm_bpreshuffle_256x32x64x128_1x4_16x16x128_1x128x128_tiles1_small_lds,222.54,2406.1,0
gfx950,256,48,7168,7168,opus,9043,0,16.338702127659573,opus_gemm_gfx950_a8w8_mxscale_gemm_bpreshuffle_256x32x64x128_1x4_16x16x128_1x128x128_tiles1_small_lds,301.89,3207.87,0
gfx950,256,48,7168,16384,opus,9043,0,31.755999999999997,opus_gemm_gfx950_a8w8_mxscale_gemm_bpreshuffle_256x32x64x128_1x4_16x16x128_1x128x128_tiles1_small_lds,355.03,3744.65,0
gfx950,256,48,16384,1536,opus,9044,0,9.475999999999999,opus_gemm_gfx950_a8w8_mxscale_gemm_bpreshuffle_256x64x64x128_2x2_16x16x128_1x128x128_tiles1_small_lds,254.95,2829.51,0
gfx950,256,48,65536,1536,ck,1,0,23.387541666666674,a8w8_blockscale_bpreshuffle_1x128x128_256x64x128x128_16x16_16x16_8x32x1_8x32x1_1x32x1x8_8_2x1_intrawave_v3,413.2,4576.3,0
gfx950,256,64,768,7168,opus,9041,0,8.061520833333335,opus_gemm_gfx950_a8w8_mxscale_gemm_bpreshuffle_512x16x16x128_1x1_16x16x128_1x128x128_tiles1_small_register,87.41,751.98,0
gfx950,256,64,2048,7168,opus,9041,0,13.511119999999998,opus_gemm_gfx950_a8w8_mxscale_gemm_bpreshuffle_512x16x16x128_1x1_16x16x128_1x128x128_tiles1_small_register,139.07,1139.87,0
gfx950,256,64,6144,7168,opus,9043,0,16.414590909090915,opus_gemm_gfx950_a8w8_mxscale_gemm_bpreshuffle_256x32x64x128_1x4_16x16x128_1x128x128_tiles1_small_lds,343.42,2758.85,0
gfx950,256,64,7168,384,ck,5,0,3.5451836734693885,a8w8_blockscale_bpreshuffle_1x128x128_256x16x64x128_8x16_16x16_16x16x1_8x32x1_1x16x1x16_4_1x1_intrawave_v1,99.38,1042.14,0
gfx950,256,64,7168,768,ck,12,0,4.639046511627911,a8w8_blockscale_bpreshuffle_1x128x128_256x32x64x256_16x16_16x16_16x16x1_16x16x1_1x32x1x8_8_2x1_intrawave_v1,151.89,1395.05,0
gfx950,256,64,7168,1024,ck,12,0,6.015880000000001,a8w8_blockscale_bpreshuffle_1x128x128_256x32x64x256_16x16_16x16_16x16x1_16x16x1_1x32x1x8_8_2x1_intrawave_v1,156.17,1383.52,0
gfx950,256,64,7168,3072,ck,12,0,9.872074999999995,a8w8_blockscale_bpreshuffle_1x128x128_256x32x64x256_16x16_16x16_16x16x1_16x16x1_1x32x1x8_8_2x1_intrawave_v1,285.51,2343.4,0
gfx950,256,64,7168,7168,opus,9043,0,16.64107142857143,opus_gemm_gfx950_a8w8_mxscale_gemm_bpreshuffle_256x32x64x128_1x4_16x16x128_1x128x128_tiles1_small_lds,395.21,3170.26,0
gfx950,256,64,7168,16384,opus,9043,0,33.71760416666666,opus_gemm_gfx950_a8w8_mxscale_gemm_bpreshuffle_256x32x64x128_1x4_16x16x128_1x128x128_tiles1_small_lds,445.83,3541.37,0
gfx950,256,64,16384,1536,opus,9044,0,9.06061538461539,opus_gemm_gfx950_a8w8_mxscale_gemm_bpreshuffle_256x64x64x128_2x2_16x16x128_1x128x128_tiles1_small_lds,355.52,3019.8,0
gfx950,256,64,65536,1536,opus,9022,0,22.2791956521739,opus_gemm_gfx950_a8w8_mxscale_gemm_bpreshuffle_256x160x128x128_2x2_16x16x128_1x128x128_tiles1_small,578.34,4899.2,0
gfx950,256,80,768,7168,opus,9041,0,7.715099999999995,opus_gemm_gfx950_a8w8_mxscale_gemm_bpreshuffle_512x16x16x128_1x1_16x16x128_1x128x128_tiles1_small_register,114.17,803.79,0
gfx950,256,80,2048,7168,opus,9042,0,13.444104166666682,opus_gemm_gfx950_a8w8_mxscale_gemm_bpreshuffle_128x32x32x128_1x1_16x16x128_1x128x128_tiles1_small_register,174.71,1158.96,0
gfx950,256,80,6144,7168,opus,9044,0,19.696044444444443,opus_gemm_gfx950_a8w8_mxscale_gemm_bpreshuffle_256x64x64x128_2x2_16x16x128_1x128x128_tiles1_small_lds,357.76,2315.02,0
gfx950,256,80,7168,384,ck,10,0,3.527911111111114,a8w8_blockscale_bpreshuffle_1x128x128_256x32x64x128_16x16_16x16_8x32x1_8x32x1_1x32x1x8_8_2x1_intrawave_v1,124.83,1114.01,0
gfx950,256,80,7168,768,opus,9040,0,6.330326086956529,opus_gemm_gfx950_a8w8_mxscale_gemm_bpreshuffle_64x16x32x128_1x1_16x16x128_1x128x128_tiles1_small_register,139.14,1060.51,0
gfx950,256,80,7168,3072,opus,9044,0,11.618249999999994,opus_gemm_gfx950_a8w8_mxscale_gemm_bpreshuffle_256x64x64x128_2x2_16x16x128_1x128x128_tiles1_small_lds,303.25,2015.17,0
gfx950,256,80,7168,7168,opus,9044,0,20.03039024390242,opus_gemm_gfx950_a8w8_mxscale_gemm_bpreshuffle_256x64x64x128_2x2_16x16x128_1x128x128_tiles1_small_lds,410.42,2651.0,0
gfx950,256,80,7168,16384,opus,9044,0,39.40259183673468,opus_gemm_gfx950_a8w8_mxscale_gemm_bpreshuffle_256x64x64x128_2x2_16x16x128_1x128x128_tiles1_small_lds,476.88,3042.9,0
gfx950,256,80,16384,1536,opus,9045,0,10.429075000000008,opus_gemm_gfx950_a8w8_mxscale_gemm_bpreshuffle_256x96x64x128_2x2_16x16x128_1x128x128_tiles1_small_lds,386.09,2676.19,0
gfx950,256,80,65536,1536,cktile,11,0,26.08002040816327,a8w8_blockscale_cktile_192x256x128_4x2x1_16x16x128_intrawave_0x1x0_1,617.57,4266.56,0
gfx950,256,96,768,7168,opus,9041,0,12.288159090909089,opus_gemm_gfx950_a8w8_mxscale_gemm_bpreshuffle_512x16x16x128_1x1_16x16x128_1x128x128_tiles1_small_register,86.01,515.99,0
gfx950,256,96,2048,7168,opus,9042,0,14.216720000000002,opus_gemm_gfx950_a8w8_mxscale_gemm_bpreshuffle_128x32x32x128_1x1_16x16x128_1x128x128_tiles1_small_register,198.26,1108.65,0
gfx950,256,96,6144,7168,opus,9044,0,19.494804878048786,opus_gemm_gfx950_a8w8_mxscale_gemm_bpreshuffle_256x64x64x128_2x2_16x16x128_1x128x128_tiles1_small_lds,433.74,2354.88,0
gfx950,256,96,7168,384,ck,9,0,4.64636734693877,a8w8_blockscale_bpreshuffle_1x128x128_256x32x128x128_16x16_16x16_8x32x1_8x32x1_1x32x1x8_8_2x1_intrawave_v1,113.74,896.54,0
gfx950,256,96,7168,768,ck,12,0,6.646259999999999,a8w8_blockscale_bpreshuffle_1x128x128_256x32x64x256_16x16_16x16_16x16x1_16x16x1_1x32x1x8_8_2x1_intrawave_v1,159.03,1046.45,0
gfx950,256,96,7168,3072,opus,9044,0,11.912319148936175,opus_gemm_gfx950_a8w8_mxscale_gemm_bpreshuffle_256x64x64x128_2x2_16x16x128_1x128x128_tiles1_small_lds,354.91,1988.8,0
gfx950,256,96,7168,7168,opus,9044,0,19.81478048780487,opus_gemm_gfx950_a8w8_mxscale_gemm_bpreshuffle_256x64x64x128_2x2_16x16x128_1x128x128_tiles1_small_lds,497.86,2697.21,0
gfx950,256,96,7168,16384,opus,9044,0,39.972120000000004,opus_gemm_gfx950_a8w8_mxscale_gemm_bpreshuffle_256x64x64x128_2x2_16x16x128_1x128x128_tiles1_small_lds,564.11,3011.84,0
gfx950,256,96,16384,1536,opus,9045,0,9.91805128205128,opus_gemm_gfx950_a8w8_mxscale_gemm_bpreshuffle_256x96x64x128_2x2_16x16x128_1x128x128_tiles1_small_lds,487.18,2869.42,0
gfx950,256,96,65536,1536,cktile,11,0,26.66589583333332,a8w8_blockscale_cktile_192x256x128_4x2x1_16x16x128_intrawave_0x1x0_1,724.8,4252.39,0
gfx950,256,112,768,7168,opus,9041,0,12.584958333333331,opus_gemm_gfx950_a8w8_mxscale_gemm_bpreshuffle_512x16x16x128_1x1_16x16x128_1x128x128_tiles1_small_register,97.98,514.89,0
gfx950,256,112,2048,7168,opus,9042,0,13.751920000000005,opus_gemm_gfx950_a8w8_mxscale_gemm_bpreshuffle_128x32x32x128_1x1_16x16x128_1x128x128_tiles1_small_register,239.12,1159.23,0
gfx950,256,112,6144,7168,opus,9044,0,19.769844444444445,opus_gemm_gfx950_a8w8_mxscale_gemm_bpreshuffle_256x64x64x128_2x2_16x16x128_1x128x128_tiles1_small_lds,498.99,2337.87,0
gfx950,256,112,7168,384,ck,10,0,4.080639999999997,a8w8_blockscale_bpreshuffle_1x128x128_256x32x64x128_16x16_16x16_8x32x1_8x32x1_1x32x1x8_8_2x1_intrawave_v1,151.09,1078.54,0
gfx950,256,112,7168,768,opus,9043,0,7.279061224489798,opus_gemm_gfx950_a8w8_mxscale_gemm_bpreshuffle_256x32x64x128_1x4_16x16x128_1x128x128_tiles1_small_lds,169.41,988.68,0
gfx950,256,112,7168,3072,opus,9044,0,11.783250000000004,opus_gemm_gfx950_a8w8_mxscale_gemm_bpreshuffle_256x64x64x128_2x2_16x16x128_1x128x128_tiles1_small_lds,418.6,2034.23,0
gfx950,256,112,7168,7168,opus,9044,0,20.201909090909083,opus_gemm_gfx950_a8w8_mxscale_gemm_bpreshuffle_256x64x64x128_2x2_16x16x128_1x128x128_tiles1_small_lds,569.71,2662.55,0
gfx950,256,112,7168,16384,opus,9044,0,40.82183333333332,opus_gemm_gfx950_a8w8_mxscale_gemm_bpreshuffle_256x64x64x128_2x2_16x16x128_1x128x128_tiles1_small_lds,644.43,2961.19,0
gfx950,256,112,16384,1536,ck,9,0,11.999095238095244,a8w8_blockscale_bpreshuffle_1x128x128_256x32x128x128_16x16_16x16_8x32x1_8x32x1_1x32x1x8_8_2x1_intrawave_v1,469.8,2417.5,0
gfx950,256,112,65536,1536,cktile,27,0,26.515959183673466,a8w8_blockscale_cktile_192x256x128_4x2x1_16x16x128_intrawave_0x1x0_2,850.38,4356.45,0
gfx950,256,128,768,7168,opus,9041,0,12.595533333333341,opus_gemm_gfx950_a8w8_mxscale_gemm_bpreshuffle_512x16x16x128_1x1_16x16x128_1x128x128_tiles1_small_register,111.89,525.51,0
gfx950,256,128,2048,7168,opus,9042,0,14.013540000000004,opus_gemm_gfx950_a8w8_mxscale_gemm_bpreshuffle_128x32x32x128_1x1_16x16x128_1x128x128_tiles1_small_register,268.18,1150.45,0
gfx950,256,128,6144,7168,opus,9044,0,20.31826666666667,opus_gemm_gfx950_a8w8_mxscale_gemm_bpreshuffle_256x64x64x128_2x2_16x16x128_1x128x128_tiles1_small_lds,554.88,2290.09,0
gfx950,256,128,7168,384,ck,10,0,3.6465416666666695,a8w8_blockscale_bpreshuffle_1x128x128_256x32x64x128_16x16_16x16_8x32x1_8x32x1_1x32x1x8_8_2x1_intrawave_v1,193.24,1271.53,0
gfx950,256,128,7168,768,opus,9044,0,6.6006874999999985,opus_gemm_gfx950_a8w8_mxscale_gemm_bpreshuffle_256x64x64x128_2x2_16x16x128_1x128x128_tiles1_small_lds,213.51,1126.9,0
gfx950,256,128,7168,1024,ck,12,0,7.295060000000001,a8w8_blockscale_bpreshuffle_1x128x128_256x32x64x256_16x16_16x16_16x16x1_16x16x1_1x32x1x8_8_2x1_intrawave_v1,257.58,1275.67,0
gfx950,256,128,7168,3072,opus,9044,0,11.456921052631577,opus_gemm_gfx950_a8w8_mxscale_gemm_bpreshuffle_256x64x64x128_2x2_16x16x128_1x128x128_tiles1_small_lds,492.03,2116.48,0
gfx950,256,128,7168,7168,opus,9044,0,20.617285714285714,opus_gemm_gfx950_a8w8_mxscale_gemm_bpreshuffle_256x64x64x128_2x2_16x16x128_1x128x128_tiles1_small_lds,637.98,2625.6,0
gfx950,256,128,7168,16384,opus,9044,0,41.87685416666663,opus_gemm_gfx950_a8w8_mxscale_gemm_bpreshuffle_256x64x64x128_2x2_16x16x128_1x128x128_tiles1_small_lds,717.93,2898.32,0
gfx950,256,128,16384,1536,ck,15,0,11.968418604651164,a8w8_blockscale_bpreshuffle_1x128x128_256x64x64x128_16x16_16x16_8x32x1_8x32x1_1x32x1x8_8_2x1_intrawave_v1,538.29,2469.56,0
gfx950,256,128,65536,1536,opus,9022,0,24.487363636363636,opus_gemm_gfx950_a8w8_mxscale_gemm_bpreshuffle_256x160x128x128_2x2_16x16x128_1x128x128_tiles1_small,1052.37,4803.99,0
gfx950,256,144,768,7168,opus,9041,0,12.805500000000002,opus_gemm_gfx950_a8w8_mxscale_gemm_bpreshuffle_512x16x16x128_1x1_16x16x128_1x128x128_tiles1_small_register,123.81,527.77,0
gfx950,256,144,2048,7168,opus,9043,0,15.784719999999998,opus_gemm_gfx950_a8w8_mxscale_gemm_bpreshuffle_256x32x64x128_1x4_16x16x128_1x128x128_tiles1_small_lds,267.85,1032.78,0
gfx950,256,144,6144,7168,opus,9045,0,25.98616279069767,opus_gemm_gfx950_a8w8_mxscale_gemm_bpreshuffle_256x96x64x128_2x2_16x16x128_1x128x128_tiles1_small_lds,488.09,1802.57,0
gfx950,256,144,7168,384,ck,4,0,4.623059999999999,a8w8_blockscale_bpreshuffle_1x128x128_256x16x128x128_8x16_16x16_16x16x1_8x32x1_1x16x1x16_8_1x2_intrawave_v1,171.47,1053.89,0
gfx950,256,144,7168,768,opus,9045,0,7.656499999999998,opus_gemm_gfx950_a8w8_mxscale_gemm_bpreshuffle_256x96x64x128_2x2_16x16x128_1x128x128_tiles1_small_lds,207.07,1003.07,0
gfx950,256,144,7168,3072,opus,9045,0,13.127100000000004,opus_gemm_gfx950_a8w8_mxscale_gemm_bpreshuffle_256x96x64x128_2x2_16x16x128_1x128x128_tiles1_small_lds,483.11,1868.41,0
gfx950,256,144,7168,7168,opus,9045,0,26.2592380952381,opus_gemm_gfx950_a8w8_mxscale_gemm_bpreshuffle_256x96x64x128_2x2_16x16x128_1x128x128_tiles1_small_lds,563.52,2074.58,0
gfx950,256,144,7168,16384,opus,9045,0,54.26414893617023,opus_gemm_gfx950_a8w8_mxscale_gemm_bpreshuffle_256x96x64x128_2x2_16x16x128_1x128x128_tiles1_small_lds,623.3,2245.76,0
gfx950,256,144,16384,1536,opus,9021,0,12.200131578947369,opus_gemm_gfx950_a8w8_mxscale_gemm_bpreshuffle_256x128x128x128_2x2_16x16x128_1x128x128_tiles1_small,594.07,2467.65,0
gfx950,256,144,65536,1536,cktile,29,0,27.764142857142858,a8w8_blockscale_cktile_192x256x128_4x2x1_16x16x128_intrawave_0x1x0_4,1044.19,4313.44,0
gfx950,256,160,768,7168,opus,9041,0,12.921604166666663,opus_gemm_gfx950_a8w8_mxscale_gemm_bpreshuffle_512x16x16x128_1x1_16x16x128_1x128x128_tiles1_small_register,136.33,533.81,0
gfx950,256,160,2048,7168,opus,9043,0,16.36232,opus_gemm_gfx950_a8w8_mxscale_gemm_bpreshuffle_256x32x64x128_1x4_16x16x128_1x128x128_tiles1_small_lds,287.1,1007.33,0
gfx950,256,160,6144,7168,ck,11,0,25.191571428571425,a8w8_blockscale_bpreshuffle_1x128x128_256x32x128x256_16x16_16x16_16x16x1_16x16x1_1x32x1x8_8_2x1_intrawave_v1,559.43,1871.78,0
gfx950,256,160,7168,384,ck,10,0,4.7668478260869565,a8w8_blockscale_bpreshuffle_1x128x128_256x32x64x128_16x16_16x16_8x32x1_8x32x1_1x32x1x8_8_2x1_intrawave_v1,184.78,1071.51,0
gfx950,256,160,7168,768,opus,9045,0,7.276632653061218,opus_gemm_gfx950_a8w8_mxscale_gemm_bpreshuffle_256x96x64x128_2x2_16x16x128_1x128x128_tiles1_small_lds,242.09,1088.64,0
gfx950,256,160,7168,3072,opus,9045,0,14.077499999999995,opus_gemm_gfx950_a8w8_mxscale_gemm_bpreshuffle_256x96x64x128_2x2_16x16x128_1x128x128_tiles1_small_lds,500.55,1762.06,0
gfx950,256,160,7168,7168,opus,9045,0,26.142488372093027,opus_gemm_gfx950_a8w8_mxscale_gemm_bpreshuffle_256x96x64x128_2x2_16x16x128_1x128x128_tiles1_small_lds,628.93,2097.0,0
gfx950,256,160,7168,16384,opus,9024,0,54.85779166666669,opus_gemm_gfx950_a8w8_mxscale_gemm_bpreshuffle_256x64x64x128_2x2_16x16x128_1x128x128_tiles1_narrow,685.06,2230.42,0
gfx950,256,160,16384,1536,opus,9021,0,12.30448780487804,opus_gemm_gfx950_a8w8_mxscale_gemm_bpreshuffle_256x128x128x128_2x2_16x16x128_1x128x128_tiles1_small,654.48,2491.32,0
gfx950,256,160,65536,1536,cktile,11,0,28.67187755102042,a8w8_blockscale_cktile_192x256x128_4x2x1_16x16x128_intrawave_0x1x0_1,1123.48,4250.88,0
gfx950,256,176,768,7168,opus,9042,0,13.303111111111104,opus_gemm_gfx950_a8w8_mxscale_gemm_bpreshuffle_128x32x32x128_1x1_16x16x128_1x128x128_tiles1_small_register,145.66,528.97,0
gfx950,256,176,2048,7168,opus,9043,0,15.89753999999999,opus_gemm_gfx950_a8w8_mxscale_gemm_bpreshuffle_256x32x64x128_1x4_16x16x128_1x128x128_tiles1_small_lds,325.04,1048.12,0
gfx950,256,176,6144,7168,opus,9045,0,26.114365853658537,opus_gemm_gfx950_a8w8_mxscale_gemm_bpreshuffle_256x96x64x128_2x2_16x16x128_1x128x128_tiles1_small_lds,593.63,1817.56,0
gfx950,256,176,7168,384,ck,10,0,5.41826,a8w8_blockscale_bpreshuffle_1x128x128_256x32x64x128_16x16_16x16_8x32x1_8x32x1_1x32x1x8_8_2x1_intrawave_v1,178.82,986.15,0
gfx950,256,176,7168,768,opus,9045,0,7.463270833333333,opus_gemm_gfx950_a8w8_mxscale_gemm_bpreshuffle_256x96x64x128_2x2_16x16x128_1x128x128_tiles1_small_lds,259.64,1093.8,0
gfx950,256,176,7168,3072,opus,9045,0,13.631674418604655,opus_gemm_gfx950_a8w8_mxscale_gemm_bpreshuffle_256x96x64x128_2x2_16x16x128_1x128x128_tiles1_small_lds,568.61,1840.12,0
gfx950,256,176,7168,7168,opus,9045,0,26.681022727272715,opus_gemm_gfx950_a8w8_mxscale_gemm_bpreshuffle_256x96x64x128_2x2_16x16x128_1x128x128_tiles1_small_lds,677.85,2067.57,0
gfx950,256,176,7168,16384,opus,9045,0,54.713860000000025,opus_gemm_gfx950_a8w8_mxscale_gemm_bpreshuffle_256x96x64x128_2x2_16x16x128_1x128x128_tiles1_small_lds,755.55,2245.27,0
gfx950,256,176,16384,1536,opus,9021,0,12.661976190476192,opus_gemm_gfx950_a8w8_mxscale_gemm_bpreshuffle_256x128x128x128_2x2_16x16x128_1x128x128_tiles1_small,699.6,2464.33,0
gfx950,256,176,65536,1536,cktile,28,0,29.01475510204083,a8w8_blockscale_cktile_192x256x128_4x2x1_16x16x128_intrawave_0x1x0_3,1221.22,4273.77,0
gfx950,256,192,768,7168,opus,9042,0,13.039106382978728,opus_gemm_gfx950_a8w8_mxscale_gemm_bpreshuffle_128x32x32x128_1x1_16x16x128_1x128x128_tiles1_small_register,162.12,550.36,0
gfx950,256,192,2048,7168,opus,9043,0,16.16554,opus_gemm_gfx950_a8w8_mxscale_gemm_bpreshuffle_256x32x64x128_1x4_16x16x128_1x128x128_tiles1_small_lds,348.71,1041.89,0
gfx950,256,192,6144,7168,opus,9045,0,25.50645454545454,opus_gemm_gfx950_a8w8_mxscale_gemm_bpreshuffle_256x96x64x128_2x2_16x16x128_1x128x128_tiles1_small_lds,663.03,1873.08,0
gfx950,256,192,7168,384,opus,9045,0,4.9830200000000024,opus_gemm_gfx950_a8w8_mxscale_gemm_bpreshuffle_256x96x64x128_2x2_16x16x128_1x128x128_tiles1_small_lds,212.11,1119.55,0
gfx950,256,192,7168,768,opus,9045,0,7.51306382978723,opus_gemm_gfx950_a8w8_mxscale_gemm_bpreshuffle_256x96x64x128_2x2_16x16x128_1x128x128_tiles1_small_lds,281.37,1118.72,0
gfx950,256,192,7168,3072,opus,9045,0,13.813479999999993,opus_gemm_gfx950_a8w8_mxscale_gemm_bpreshuffle_256x96x64x128_2x2_16x16x128_1x128x128_tiles1_small_lds,612.14,1836.06,0
gfx950,256,192,7168,7168,opus,9045,0,25.961119047619054,opus_gemm_gfx950_a8w8_mxscale_gemm_bpreshuffle_256x96x64x128_2x2_16x16x128_1x128x128_tiles1_small_lds,759.98,2138.16,0
gfx950,256,192,7168,16384,opus,9045,0,53.793059999999976,opus_gemm_gfx950_a8w8_mxscale_gemm_bpreshuffle_256x96x64x128_2x2_16x16x128_1x128x128_tiles1_small_lds,838.35,2292.84,0
gfx950,256,192,16384,1536,opus,9021,0,12.434243902439022,opus_gemm_gfx950_a8w8_mxscale_gemm_bpreshuffle_256x128x128x128_2x2_16x16x128_1x128x128_tiles1_small,777.18,2553.61,0
gfx950,256,192,65536,1536,cktile,11,0,29.655551020408154,a8w8_blockscale_cktile_192x256x128_4x2x1_16x16x128_intrawave_0x1x0_1,1303.46,4252.97,0
gfx950,256,208,768,7168,opus,9042,0,13.271651162790702,opus_gemm_gfx950_a8w8_mxscale_gemm_bpreshuffle_128x32x32x128_1x1_16x16x128_1x128x128_tiles1_small_register,172.56,551.21,0
gfx950,256,208,2048,7168,opus,9043,0,15.789539999999997,opus_gemm_gfx950_a8w8_mxscale_gemm_bpreshuffle_256x32x64x128_1x4_16x16x128_1x128x128_tiles1_small_lds,386.77,1078.12,0
gfx950,256,208,6144,7168,opus,9024,0,30.88379545454545,opus_gemm_gfx950_a8w8_mxscale_gemm_bpreshuffle_256x64x64x128_2x2_16x16x128_1x128x128_tiles1_narrow,593.21,1557.03,0
gfx950,256,208,7168,384,ck,4,0,5.251039999999994,a8w8_blockscale_bpreshuffle_1x128x128_256x16x128x128_8x16_16x16_16x16x1_8x32x1_1x16x1x16_8_1x2_intrawave_v1,218.06,1107.26,0
gfx950,256,208,7168,768,ck,9,0,8.012130434782605,a8w8_blockscale_bpreshuffle_1x128x128_256x32x128x128_16x16_16x16_8x32x1_8x32x1_1x32x1x8_8_2x1_intrawave_v1,285.83,1079.2,0
gfx950,256,208,7168,3072,opus,9023,0,16.59810256410256,opus_gemm_gfx950_a8w8_mxscale_gemm_bpreshuffle_256x64x128x128_2x2_16x16x128_1x128x128_tiles1_narrow,551.89,1544.81,0
gfx950,256,208,7168,7168,opus,9023,0,31.78688095238096,opus_gemm_gfx950_a8w8_mxscale_gemm_bpreshuffle_256x64x128x128_2x2_16x16x128_1x128x128_tiles1_narrow,672.42,1757.11,0
gfx950,256,208,7168,16384,opus,9023,0,65.66433999999998,opus_gemm_gfx950_a8w8_mxscale_gemm_bpreshuffle_256x64x128x128_2x2_16x16x128_1x128x128_tiles1_narrow,744.01,1885.81,0
gfx950,256,208,16384,1536,opus,9021,0,12.639121951219517,opus_gemm_gfx950_a8w8_mxscale_gemm_bpreshuffle_256x128x128x128_2x2_16x16x128_1x128x128_tiles1_small,828.3,2555.64,0
gfx950,256,208,65536,1536,cktile,28,0,48.018541666666685,a8w8_blockscale_cktile_192x256x128_4x2x1_16x16x128_intrawave_0x1x0_3,872.08,2670.75,0
gfx950,256,224,768,7168,opus,9042,0,13.479111111111107,opus_gemm_gfx950_a8w8_mxscale_gemm_bpreshuffle_128x32x32x128_1x1_16x16x128_1x128x128_tiles1_small_register,182.97,553.06,0
gfx950,256,224,2048,7168,opus,9043,0,16.252739999999996,opus_gemm_gfx950_a8w8_mxscale_gemm_bpreshuffle_256x32x64x128_1x4_16x16x128_1x128x128_tiles1_small_lds,404.65,1058.48,0
gfx950,256,224,6144,7168,opus,9024,0,30.342333333333343,opus_gemm_gfx950_a8w8_mxscale_gemm_bpreshuffle_256x64x64x128_2x2_16x16x128_1x128x128_tiles1_narrow,650.25,1595.08,0
gfx950,256,224,7168,384,ck,10,0,5.373826086956515,a8w8_blockscale_bpreshuffle_1x128x128_256x32x64x128_16x16_16x16_8x32x1_8x32x1_1x32x1x8_8_2x1_intrawave_v1,229.47,1125.79,0
gfx950,256,224,7168,768,ck,11,0,7.832276595744678,a8w8_blockscale_bpreshuffle_1x128x128_256x32x128x256_16x16_16x16_16x16x1_16x16x1_1x32x1x8_8_2x1_intrawave_v1,314.88,1134.83,0
gfx950,256,224,7168,3072,opus,9023,0,16.695731707317066,opus_gemm_gfx950_a8w8_mxscale_gemm_bpreshuffle_256x64x128x128_2x2_16x16x128_1x128x128_tiles1_narrow,590.87,1552.46,0
gfx950,256,224,7168,7168,opus,9023,0,31.80765116279071,opus_gemm_gfx950_a8w8_mxscale_gemm_bpreshuffle_256x64x128x128_2x2_16x16x128_1x128x128_tiles1_narrow,723.67,1766.78,0
gfx950,256,224,7168,16384,opus,9023,0,65.84754000000004,opus_gemm_gfx950_a8w8_mxscale_gemm_bpreshuffle_256x64x128x128_2x2_16x16x128_1x128x128_tiles1_narrow,799.02,1888.02,0
gfx950,256,224,16384,1536,opus,9021,0,12.791736842105257,opus_gemm_gfx950_a8w8_mxscale_gemm_bpreshuffle_256x128x128x128_2x2_16x16x128_1x128x128_tiles1_small,881.37,2568.06,0
gfx950,256,224,65536,1536,cktile,11,0,47.386326530612244,a8w8_blockscale_cktile_192x256x128_4x2x1_16x16x128_intrawave_0x1x0_1,951.69,2751.16,0
gfx950,256,240,768,7168,opus,9042,0,13.19748,opus_gemm_gfx950_a8w8_mxscale_gemm_bpreshuffle_128x32x32x128_1x1_16x16x128_1x128x128_tiles1_small_register,200.22,575.41,0
gfx950,256,240,2048,7168,opus,9043,0,16.307939999999984,opus_gemm_gfx950_a8w8_mxscale_gemm_bpreshuffle_256x32x64x128_1x4_16x16x128_1x128x128_tiles1_small_lds,432.09,1065.95,0
gfx950,256,240,6144,7168,opus,9024,0,31.20100000000002,opus_gemm_gfx950_a8w8_mxscale_gemm_bpreshuffle_256x64x64x128_2x2_16x16x128_1x128x128_tiles1_narrow,677.52,1561.16,0
gfx950,256,240,7168,384,ck,10,0,5.944620000000007,a8w8_blockscale_bpreshuffle_1x128x128_256x32x64x128_16x16_16x16_8x32x1_8x32x1_1x32x1x8_8_2x1_intrawave_v1,222.25,1057.31,0
gfx950,256,240,7168,768,ck,9,0,7.976204081632651,a8w8_blockscale_bpreshuffle_1x128x128_256x32x128x128_16x16_16x16_8x32x1_8x32x1_1x32x1x8_8_2x1_intrawave_v1,331.29,1144.65,0
gfx950,256,240,7168,3072,opus,9023,0,16.801179487179493,opus_gemm_gfx950_a8w8_mxscale_gemm_bpreshuffle_256x64x128x128_2x2_16x16x128_1x128x128_tiles1_narrow,629.1,1559.3,0
gfx950,256,240,7168,7168,opus,9023,0,32.13879069767442,opus_gemm_gfx950_a8w8_mxscale_gemm_bpreshuffle_256x64x128x128_2x2_16x16x128_1x128x128_tiles1_narrow,767.38,1759.28,0
gfx950,256,240,7168,16384,opus,9023,0,66.99796,opus_gemm_gfx950_a8w8_mxscale_gemm_bpreshuffle_256x64x128x128_2x2_16x16x128_1x128x128_tiles1_narrow,841.39,1862.94,0
gfx950,256,240,16384,1536,opus,9021,0,13.179095238095236,opus_gemm_gfx950_a8w8_mxscale_gemm_bpreshuffle_256x128x128x128_2x2_16x16x128_1x128x128_tiles1_small,916.57,2534.22,0
gfx950,256,240,65536,1536,cktile,27,0,47.97106249999998,a8w8_blockscale_cktile_192x256x128_4x2x1_16x16x128_intrawave_0x1x0_2,1007.24,2761.86,0
gfx950,256,256,768,7168,opus,9042,0,13.511755102040812,opus_gemm_gfx950_a8w8_mxscale_gemm_bpreshuffle_128x32x32x128_1x1_16x16x128_1x128x128_tiles1_small_register,208.6,572.33,0
gfx950,256,256,2048,7168,opus,9043,0,16.445540000000005,opus_gemm_gfx950_a8w8_mxscale_gemm_bpreshuffle_256x32x64x128_1x4_16x16x128_1x128x128_tiles1_small_lds,457.04,1067.99,0
gfx950,256,256,6144,7168,opus,9024,0,30.50680952380954,opus_gemm_gfx950_a8w8_mxscale_gemm_bpreshuffle_256x64x64x128_2x2_16x16x128_1x128x128_tiles1_narrow,739.13,1606.88,0
gfx950,256,256,7168,384,ck,9,0,5.304574468085107,a8w8_blockscale_bpreshuffle_1x128x128_256x32x128x128_16x16_16x16_8x32x1_8x32x1_1x32x1x8_8_2x1_intrawave_v1,265.67,1229.28,0
gfx950,256,256,7168,768,ck,15,0,8.02842857142857,a8w8_blockscale_bpreshuffle_1x128x128_256x64x64x128_16x16_16x16_8x32x1_8x32x1_1x32x1x8_8_2x1_intrawave_v1,351.07,1167.31,0
gfx950,256,256,7168,1024,ck,15,0,8.950553191489373,a8w8_blockscale_bpreshuffle_1x128x128_256x64x64x128_16x16_16x16_8x32x1_8x32x1_1x32x1x8_8_2x1_intrawave_v1,419.87,1259.38,0
gfx950,256,256,7168,3072,opus,9023,0,16.94114999999999,opus_gemm_gfx950_a8w8_mxscale_gemm_bpreshuffle_256x64x128x128_2x2_16x16x128_1x128x128_tiles1_narrow,665.5,1562.85,0
gfx950,256,256,7168,7168,opus,9023,0,32.1619111111111,opus_gemm_gfx950_a8w8_mxscale_gemm_bpreshuffle_256x64x128x128_2x2_16x16x128_1x128x128_tiles1_narrow,817.95,1768.71,0
gfx950,256,256,7168,16384,opus,9023,0,66.36524489795919,opus_gemm_gfx950_a8w8_mxscale_gemm_bpreshuffle_256x64x128x128_2x2_16x16x128_1x128x128_tiles1_narrow,906.04,1888.11,0
gfx950,256,256,16384,1536,opus,9021,0,13.01548717948717,opus_gemm_gfx950_a8w8_mxscale_gemm_bpreshuffle_256x128x128x128_2x2_16x16x128_1x128x128_tiles1_small,989.97,2608.25,0
gfx950,256,256,65536,1536,opus,9000,0,33.174249999999994,opus_gemm_gfx950_a8w8_mxscale_gemm_bpreshuffle_256x256x256x128_2x2_16x16x128_1x128x128_tiles1_nooob,1553.6,4057.69,0
gfx950,256,288,768,7168,opus,9042,0,13.210127659574473,opus_gemm_gfx950_a8w8_mxscale_gemm_bpreshuffle_128x32x32x128_1x1_16x16x128_1x128x128_tiles1_small_register,240.04,606.49,0
gfx950,256,288,2048,7168,opus,9044,0,20.094360000000005,opus_gemm_gfx950_a8w8_mxscale_gemm_bpreshuffle_256x64x64x128_2x2_16x16x128_1x128x128_tiles1_small_lds,420.8,892.0,0
gfx950,256,288,6144,7168,opus,9023,0,31.591813953488362,opus_gemm_gfx950_a8w8_mxscale_gemm_bpreshuffle_256x64x128x128_2x2_16x16x128_1x128x128_tiles1_narrow,802.97,1571.4,0
gfx950,256,288,7168,384,ck,9,0,6.071859999999994,a8w8_blockscale_bpreshuffle_1x128x128_256x32x128x128_16x16_16x16_8x32x1_8x32x1_1x32x1x8_8_2x1_intrawave_v1,261.11,1151.52,0
gfx950,256,288,7168,768,ck,11,0,8.38518367346939,a8w8_blockscale_bpreshuffle_1x128x128_256x32x128x256_16x16_16x16_16x16x1_16x16x1_1x32x1x8_8_2x1_intrawave_v1,378.15,1175.28,0
gfx950,256,288,7168,3072,opus,9021,0,18.07815,opus_gemm_gfx950_a8w8_mxscale_gemm_bpreshuffle_256x128x128x128_2x2_16x16x128_1x128x128_tiles1_small,701.6,1495.37,0
gfx950,256,288,7168,7168,opus,9021,0,37.10348837209302,opus_gemm_gfx950_a8w8_mxscale_gemm_bpreshuffle_256x128x128x128_2x2_16x16x128_1x128x128_tiles1_small,797.63,1551.7,0
gfx950,256,288,7168,16384,opus,9023,0,76.08308695652175,opus_gemm_gfx950_a8w8_mxscale_gemm_bpreshuffle_256x64x128x128_2x2_16x16x128_1x128x128_tiles1_narrow,889.1,1659.87,0
gfx950,256,288,16384,1536,cktile,28,0,20.731789473684206,a8w8_blockscale_cktile_192x256x128_4x2x1_16x16x128_intrawave_0x1x0_3,699.19,1690.42,0
gfx950,256,288,65536,1536,cktile,28,0,49.19124489795919,a8w8_blockscale_cktile_192x256x128_4x2x1_16x16x128_intrawave_0x1x0_3,1178.71,2822.75,0
gfx950,256,320,768,7168,opus,9042,0,13.496265306122453,opus_gemm_gfx950_a8w8_mxscale_gemm_bpreshuffle_128x32x32x128_1x1_16x16x128_1x128x128_tiles1_small_register,261.05,614.27,0
gfx950,256,320,2048,7168,opus,9044,0,20.524760000000004,opus_gemm_gfx950_a8w8_mxscale_gemm_bpreshuffle_256x64x64x128_2x2_16x16x128_1x128x128_tiles1_small_lds,457.75,890.85,0
gfx950,256,320,6144,7168,opus,9023,0,31.9403,opus_gemm_gfx950_a8w8_mxscale_gemm_bpreshuffle_256x64x128x128_2x2_16x16x128_1x128x128_tiles1_narrow,882.45,1573.75,0
gfx950,256,320,7168,384,opus,9044,0,6.156612244897956,opus_gemm_gfx950_a8w8_mxscale_gemm_bpreshuffle_256x64x64x128_2x2_16x16x128_1x128x128_tiles1_small_lds,286.13,1212.18,0
gfx950,256,320,7168,768,opus,9021,0,8.973756097560981,opus_gemm_gfx950_a8w8_mxscale_gemm_bpreshuffle_256x128x128x128_2x2_16x16x128_1x128x128_tiles1_small,392.61,1152.06,0
gfx950,256,320,7168,3072,opus,9021,0,18.296615384615382,opus_gemm_gfx950_a8w8_mxscale_gemm_bpreshuffle_256x128x128x128_2x2_16x16x128_1x128x128_tiles1_small,770.24,1507.97,0
gfx950,256,320,7168,7168,opus,9021,0,37.44425000000001,opus_gemm_gfx950_a8w8_mxscale_gemm_bpreshuffle_256x128x128x128_2x2_16x16x128_1x128x128_tiles1_small,878.19,1555.95,0
gfx950,256,320,7168,16384,opus,9023,0,74.40999999999995,opus_gemm_gfx950_a8w8_mxscale_gemm_bpreshuffle_256x64x128x128_2x2_16x16x128_1x128x128_tiles1_narrow,1010.11,1710.4,0
gfx950,256,320,16384,1536,opus,9022,0,15.243204081632658,opus_gemm_gfx950_a8w8_mxscale_gemm_bpreshuffle_256x160x128x128_2x2_16x16x128_1x128x128_tiles1_small,1056.61,2371.1,0
gfx950,256,320,65536,1536,opus,9022,0,47.30632653061224,opus_gemm_gfx950_a8w8_mxscale_gemm_bpreshuffle_256x160x128x128_2x2_16x16x128_1x128x128_tiles1_small,1361.86,3024.92,0
gfx950,256,352,768,7168,opus,9043,0,15.872740000000004,opus_gemm_gfx950_a8w8_mxscale_gemm_bpreshuffle_256x32x64x128_1x4_16x16x128_1x128x128_tiles1_small_lds,244.16,539.85,0
gfx950,256,352,2048,7168,opus,9044,0,20.333579999999987,opus_gemm_gfx950_a8w8_mxscale_gemm_bpreshuffle_256x64x64x128_2x2_16x16x128_1x128x128_tiles1_small_lds,508.26,916.96,0
gfx950,256,352,6144,7168,opus,9021,0,37.61169047619048,opus_gemm_gfx950_a8w8_mxscale_gemm_bpreshuffle_256x128x128x128_2x2_16x16x128_1x128x128_tiles1_small,824.33,1353.0,0
gfx950,256,352,7168,384,opus,9045,0,6.620659999999998,opus_gemm_gfx950_a8w8_mxscale_gemm_bpreshuffle_256x96x64x128_2x2_16x16x128_1x128x128_tiles1_small_lds,292.69,1198.36,0
gfx950,256,352,7168,768,opus,9021,0,9.135214285714287,opus_gemm_gfx950_a8w8_mxscale_gemm_bpreshuffle_256x128x128x128_2x2_16x16x128_1x128x128_tiles1_small,424.24,1184.61,0
gfx950,256,352,7168,3072,opus,9021,0,18.887511627906974,opus_gemm_gfx950_a8w8_mxscale_gemm_bpreshuffle_256x128x128x128_2x2_16x16x128_1x128x128_tiles1_small,820.76,1490.28,0
gfx950,256,352,7168,7168,opus,9021,0,38.159349999999996,opus_gemm_gfx950_a8w8_mxscale_gemm_bpreshuffle_256x128x128x128_2x2_16x16x128_1x128x128_tiles1_small,947.91,1544.83,0
gfx950,256,352,7168,16384,opus,9021,0,81.22607999999995,opus_gemm_gfx950_a8w8_mxscale_gemm_bpreshuffle_256x128x128x128_2x2_16x16x128_1x128x128_tiles1_small,1017.88,1578.98,0
gfx950,256,352,16384,1536,cktile,11,0,20.97764102564103,a8w8_blockscale_cktile_192x256x128_4x2x1_16x16x128_intrawave_0x1x0_1,844.55,1775.26,0
gfx950,256,352,65536,1536,cktile,28,0,52.177729166666694,a8w8_blockscale_cktile_192x256x128_4x2x1_16x16x128_intrawave_0x1x0_3,1358.18,2823.84,0
gfx950,256,384,768,7168,ck,7,0,16.26997916666667,a8w8_blockscale_bpreshuffle_1x128x128_256x16x64x256_16x16_16x16_16x16x1_16x16x1_1x16x1x16_4_1x1_intrawave_v1,259.86,543.78,0
gfx950,256,384,2048,7168,opus,9044,0,20.532760000000007,opus_gemm_gfx950_a8w8_mxscale_gemm_bpreshuffle_256x64x64x128_2x2_16x16x128_1x128x128_tiles1_small_lds,549.09,925.62,0
gfx950,256,384,6144,7168,opus,9021,0,38.405121951219506,opus_gemm_gfx950_a8w8_mxscale_gemm_bpreshuffle_256x128x128x128_2x2_16x16x128_1x128x128_tiles1_small,880.69,1341.26,0
gfx950,256,384,7168,384,opus,9045,0,6.139840000000006,opus_gemm_gfx950_a8w8_mxscale_gemm_bpreshuffle_256x96x64x128_2x2_16x16x128_1x128x128_tiles1_small_lds,344.3,1368.93,0
gfx950,256,384,7168,768,opus,9021,0,9.42108163265305,opus_gemm_gfx950_a8w8_mxscale_gemm_bpreshuffle_256x128x128x128_2x2_16x16x128_1x128x128_tiles1_small,448.77,1199.96,0
gfx950,256,384,7168,3072,opus,9021,0,18.854947368421044,opus_gemm_gfx950_a8w8_mxscale_gemm_bpreshuffle_256x128x128x128_2x2_16x16x128_1x128x128_tiles1_small,896.92,1522.4,0
gfx950,256,384,7168,7168,opus,9021,0,38.697500000000005,opus_gemm_gfx950_a8w8_mxscale_gemm_bpreshuffle_256x128x128x128_2x2_16x16x128_1x128x128_tiles1_small,1019.7,1541.13,0
gfx950,256,384,7168,16384,opus,9021,0,81.7825306122449,opus_gemm_gfx950_a8w8_mxscale_gemm_bpreshuffle_256x128x128x128_2x2_16x16x128_1x128x128_tiles1_small,1102.86,1580.25,0
gfx950,256,384,16384,1536,opus,9022,0,19.64615,opus_gemm_gfx950_a8w8_mxscale_gemm_bpreshuffle_256x160x128x128_2x2_16x16x128_1x128x128_tiles1_small,983.77,1951.45,0
gfx950,256,384,65536,1536,opus,9020,0,53.16595918367345,opus_gemm_gfx950_a8w8_mxscale_gemm_bpreshuffle_512x192x256x128_4x2_16x16x128_1x128x128_tiles1_main,1454.11,2851.16,0
gfx950,256,416,768,7168,opus,9043,0,16.26293617021276,opus_gemm_gfx950_a8w8_mxscale_gemm_bpreshuffle_256x32x64x128_1x4_16x16x128_1x128x128_tiles1_small_lds,281.63,561.15,0
gfx950,256,416,2048,7168,opus,9044,0,20.39116,opus_gemm_gfx950_a8w8_mxscale_gemm_bpreshuffle_256x64x64x128_2x2_16x16x128_1x128x128_tiles1_small_lds,598.98,949.72,0
gfx950,256,416,6144,7168,opus,9021,0,38.06973913043479,opus_gemm_gfx950_a8w8_mxscale_gemm_bpreshuffle_256x128x128x128_2x2_16x16x128_1x128x128_tiles1_small,962.48,1369.43,0
gfx950,256,416,7168,384,opus,9021,0,6.734571428571427,opus_gemm_gfx950_a8w8_mxscale_gemm_bpreshuffle_256x128x128x128_2x2_16x16x128_1x128x128_tiles1_small,340.05,1317.98,0
gfx950,256,416,7168,768,opus,9021,0,9.14513953488372,opus_gemm_gfx950_a8w8_mxscale_gemm_bpreshuffle_256x128x128x128_2x2_16x16x128_1x128x128_tiles1_small,500.83,1289.02,0
gfx950,256,416,7168,3072,opus,9021,0,18.545150000000007,opus_gemm_gfx950_a8w8_mxscale_gemm_bpreshuffle_256x128x128x128_2x2_16x16x128_1x128x128_tiles1_small,987.9,1577.87,0
gfx950,256,416,7168,7168,opus,9021,0,38.021731707317095,opus_gemm_gfx950_a8w8_mxscale_gemm_bpreshuffle_256x128x128x128_2x2_16x16x128_1x128x128_tiles1_small,1124.31,1586.62,0
gfx950,256,416,7168,16384,opus,9021,0,83.74687999999998,opus_gemm_gfx950_a8w8_mxscale_gemm_bpreshuffle_256x128x128x128_2x2_16x16x128_1x128x128_tiles1_small,1166.74,1554.92,0
gfx950,256,416,16384,1536,cktile,28,0,21.423794871794872,a8w8_blockscale_cktile_192x256x128_4x2x1_16x16x128_intrawave_0x1x0_3,977.32,1840.77,0
gfx950,256,416,65536,1536,cktile,29,0,72.12448979591838,a8w8_blockscale_cktile_192x256x128_4x2x1_16x16x128_intrawave_0x1x0_4,1161.21,2160.55,0
gfx950,256,448,768,7168,opus,9043,0,16.347046511627898,opus_gemm_gfx950_a8w8_mxscale_gemm_bpreshuffle_256x32x64x128_1x4_16x16x128_1x128x128_tiles1_small_lds,301.74,575.3,0
gfx950,256,448,2048,7168,opus,9044,0,20.51344897959183,opus_gemm_gfx950_a8w8_mxscale_gemm_bpreshuffle_256x64x64x128_2x2_16x16x128_1x128x128_tiles1_small_lds,641.21,961.63,0
gfx950,256,448,6144,7168,opus,9021,0,37.64319512195121,opus_gemm_gfx950_a8w8_mxscale_gemm_bpreshuffle_256x128x128x128_2x2_16x16x128_1x128x128_tiles1_small,1048.26,1401.49,0
gfx950,256,448,7168,384,opus,9021,0,6.919081632653058,opus_gemm_gfx950_a8w8_mxscale_gemm_bpreshuffle_256x128x128x128_2x2_16x16x128_1x128x128_tiles1_small,356.44,1350.91,0
gfx950,256,448,7168,768,opus,9021,0,9.134739130434783,opus_gemm_gfx950_a8w8_mxscale_gemm_bpreshuffle_256x128x128x128_2x2_16x16x128_1x128x128_tiles1_small,539.97,1343.4,0
gfx950,256,448,7168,3072,opus,9021,0,18.740666666666673,opus_gemm_gfx950_a8w8_mxscale_gemm_bpreshuffle_256x128x128x128_2x2_16x16x128_1x128x128_tiles1_small,1052.79,1591.13,0
gfx950,256,448,7168,7168,opus,9021,0,38.66057446808511,opus_gemm_gfx950_a8w8_mxscale_gemm_bpreshuffle_256x128x128x128_2x2_16x16x128_1x128x128_tiles1_small,1190.79,1578.2,0
gfx950,256,448,7168,16384,opus,9021,0,85.3629,opus_gemm_gfx950_a8w8_mxscale_gemm_bpreshuffle_256x128x128x128_2x2_16x16x128_1x128x128_tiles1_small,1232.7,1537.0,0
gfx950,256,448,16384,1536,opus,9022,0,19.773428571428575,opus_gemm_gfx950_a8w8_mxscale_gemm_bpreshuffle_256x160x128x128_2x2_16x16x128_1x128x128_tiles1_small,1140.35,2049.92,0
gfx950,256,448,65536,1536,opus,9010,0,58.717040816326524,opus_gemm_gfx950_a8w8_mxscale_gemm_bpreshuffle_256x256x256x128_2x2_16x16x128_1x128x128_tiles1,1536.08,2726.15,0
gfx950,256,480,768,7168,opus,9043,0,15.903159999999989,opus_gemm_gfx950_a8w8_mxscale_gemm_bpreshuffle_256x32x64x128_1x4_16x16x128_1x128x128_tiles1_small_lds,332.31,608.87,0
gfx950,256,480,2048,7168,opus,9044,0,20.41916,opus_gemm_gfx950_a8w8_mxscale_gemm_bpreshuffle_256x64x64x128_2x2_16x16x128_1x128x128_tiles1_small_lds,690.18,983.72,0
gfx950,256,480,6144,7168,opus,9021,0,38.706282608695645,opus_gemm_gfx950_a8w8_mxscale_gemm_bpreshuffle_256x128x128x128_2x2_16x16x128_1x128x128_tiles1_small,1092.29,1379.08,0
gfx950,256,480,7168,384,opus,9021,0,7.069702127659578,opus_gemm_gfx950_a8w8_mxscale_gemm_bpreshuffle_256x128x128x128_2x2_16x16x128_1x128x128_tiles1_small,373.77,1388.76,0
gfx950,256,480,7168,768,opus,9021,0,9.654041666666668,opus_gemm_gfx950_a8w8_mxscale_gemm_bpreshuffle_256x128x128x128_2x2_16x16x128_1x128x128_tiles1_small,547.42,1321.2,0
gfx950,256,480,7168,3072,opus,9021,0,19.0043947368421,opus_gemm_gfx950_a8w8_mxscale_gemm_bpreshuffle_256x128x128x128_2x2_16x16x128_1x128x128_tiles1_small,1112.34,1598.36,0
gfx950,256,480,7168,7168,opus,9021,0,39.2376170212766,opus_gemm_gfx950_a8w8_mxscale_gemm_bpreshuffle_256x128x128x128_2x2_16x16x128_1x128x128_tiles1_small,1257.08,1572.53,0
gfx950,256,480,7168,16384,opus,9021,0,85.37010000000008,opus_gemm_gfx950_a8w8_mxscale_gemm_bpreshuffle_256x128x128x128_2x2_16x16x128_1x128x128_tiles1_small,1320.64,1548.39,0
gfx950,256,480,16384,1536,cktile,29,0,21.53866666666666,a8w8_blockscale_cktile_192x256x128_4x2x1_16x16x128_intrawave_0x1x0_4,1121.67,1932.88,0
gfx950,256,480,65536,1536,cktile,11,0,72.43061224489794,a8w8_blockscale_cktile_192x256x128_4x2x1_16x16x128_intrawave_0x1x0_1,1334.2,2268.59,0
gfx950,256,512,768,7168,opus,9043,0,16.010191489361695,opus_gemm_gfx950_a8w8_mxscale_gemm_bpreshuffle_256x32x64x128_1x4_16x16x128_1x128x128_tiles1_small_lds,352.1,622.2,0
gfx950,256,512,2048,7168,opus,9044,0,20.382148936170214,opus_gemm_gfx950_a8w8_mxscale_gemm_bpreshuffle_256x64x64x128_2x2_16x16x128_1x128x128_tiles1_small_lds,737.53,1003.19,0
gfx950,256,512,6144,7168,opus,9021,0,38.88464444444445,opus_gemm_gfx950_a8w8_mxscale_gemm_bpreshuffle_256x128x128x128_2x2_16x16x128_1x128x128_tiles1_small,1159.77,1388.77,0
gfx950,256,512,7168,384,opus,9021,0,7.075749999999999,opus_gemm_gfx950_a8w8_mxscale_gemm_bpreshuffle_256x128x128x128_2x2_16x16x128_1x128x128_tiles1_small,398.34,1454.14,0
gfx950,256,512,7168,768,opus,9021,0,9.33375510204081,opus_gemm_gfx950_a8w8_mxscale_gemm_bpreshuffle_256x128x128x128_2x2_16x16x128_1x128x128_tiles1_small,603.95,1418.32,0
gfx950,256,512,7168,1024,opus,9021,0,10.393387755102035,opus_gemm_gfx950_a8w8_mxscale_gemm_bpreshuffle_256x128x128x128_2x2_16x16x128_1x128x128_tiles1_small,723.17,1462.89,0
gfx950,256,512,7168,3072,opus,9021,0,19.717580000000005,opus_gemm_gfx950_a8w8_mxscale_gemm_bpreshuffle_256x128x128x128_2x2_16x16x128_1x128x128_tiles1_small,1143.58,1568.8,0
gfx950,256,512,7168,7168,opus,9021,0,39.8708085106383,opus_gemm_gfx950_a8w8_mxscale_gemm_bpreshuffle_256x128x128x128_2x2_16x16x128_1x128x128_tiles1_small,1319.6,1564.81,0
gfx950,256,512,7168,16384,opus,9021,0,86.48132000000001,opus_gemm_gfx950_a8w8_mxscale_gemm_bpreshuffle_256x128x128x128_2x2_16x16x128_1x128x128_tiles1_small,1390.58,1539.86,0
gfx950,256,512,16384,1536,opus,9022,0,21.109204545454535,opus_gemm_gfx950_a8w8_mxscale_gemm_bpreshuffle_256x160x128x128_2x2_16x16x128_1x128x128_tiles1_small,1220.79,2024.21,0
gfx950,256,512,65536,1536,opus,9000,0,59.08520408163265,opus_gemm_gfx950_a8w8_mxscale_gemm_bpreshuffle_256x256x256x128_2x2_16x16x128_1x128x128_tiles1_nooob,1744.59,2852.81,0
